﻿{
    "pools": [
        {
            "rolls": 1,
            "entries": [
            	 {
                    "type": "item",
                    "name": "minecraft:log",
                    "weight": 1,
                    "functions": [
                        {
                            "function": "set_count",
                            "count": 64
                        },
                        {
                            "function": "set_data",
                            "data": {
                                "min": 0,
                                "max": 3
                            }
                        }
                    ]
                },
                {
                    "type": "item",
                    "name": "minecraft:log2",
                    "weight": 1,
                    "functions": [
                        {
                            "function": "set_count",
                            "count": 64
                        },
                        {
                            "function": "set_data",
                            "data": {
                                "min": 0,
                                "max": 1
                            }
                        }
                    ]
                },
                {
                    "type": "item",
                    "name": "minecraft:emerald",
                    "weight": 1,
                    "functions": [
                        {
                            "function": "set_count",
                            "count": 256
                        }
                    ]
                },
                {
                    "type": "item",
                    "name": "minecraft:emerald_block",
                    "weight": 1,
                    "functions": [
                        {
                            "function": "set_count",
                            "count": 28
                        }
                    ]
                },
                {
                    "type": "item",
                    "name": "minecraft:gold_ingot",
                    "weight": 1,
                    "functions": [
                        {
                            "function": "set_count",
                            "count": 64
                        }
                    ]
                },
                {
                    "type": "item",
                    "name": "minecraft:gold_block",
                    "weight": 1,
                    "functions": [
                        {
                            "function": "set_count",
                            "count": 8
                        }
                    ]
                },
                {
                    "type": "item",
                    "name": "minecraft:iron_ingot",
                    "weight": 1,
                    "functions": [
                        {
                            "function": "set_count",
                            "count": 64
                        }
                    ]
                },
                {
                    "type": "item",
                    "name": "minecraft:iron_block",
                    "weight": 1,
                    "functions": [
                        {
                            "function": "set_count",
                            "count": 8
                        }
                    ]
                },
                {
                    "type": "item",
                    "name": "minecraft:diamond",
                    "weight": 1,
                    "functions": [
                        {
                            "function": "set_count",
                            "count": 64
                        }
                    ]
                },
                {
                    "type": "item",
                    "name": "minecraft:diamond_block",
                    "weight": 1,
                    "functions": [
                        {
                            "function": "set_count",
                            "count": 8
                        }
                    ]
                },
                {
                    "type": "item",
                    "name": "minecraft:dye",
                    "weight": 1,
                    "functions": [
                        {
                            "function": "set_count",
                            "count": 64
                        },
                        {
                            "function": "set_data",
                            "data": 4
                        }
                    ]
                },
                {
                    "type": "item",
                    "name": "minecraft:lapis_block",
                    "weight": 1,
                    "functions": [
                        {
                            "function": "set_count",
                            "count": 8
                        }
                    ]
                },
                {
                    "type": "item",
                    "name": "minecraft:golden_apple",
                    "weight": 1,
                    "functions": [
                        {
                            "function": "set_count",
                            "count": 5
                        },
                        {
                            "function": "set_data",
                            "data": 1
                        }
                    ]
                },
                {
                    "type": "item",
                    "name": "minecraft:ender_pearl",
                    "weight": 1,
                    "functions": [
                        {
                            "function": "set_count",
                            "count": 16
                        }
                    ]
                },
                {
                    "type": "item",
                    "name": "minecraft:diamond_hoe",
                    "weight": 1,
                    "functions": [
                        {
                            "function": "enchant_with_levels",
                            "treasure": false,
                            "levels": {
                                "min": 40,
                                "max": 60
                            }
                        }
                    ]
                },
                {
                    "type": "item",
                    "name": "minecraft:diamond",
                    "weight": 1,
                    "functions": [
                        {
                            "function": "set_nbt",
                            "tag": "{RepairCost:1000000000,ench:[{lvl:100s,id:16s},{lvl:100s,id:19s},{lvl:100s,id:20s}],Legacy:1b,display:{Name:\"メリケンサック\"}}"
                        }
                    ]
                },
                {
                    "type": "item",
                    "name": "minecraft:gold_ingot",
                    "weight": 1,
                    "functions": [
                        {
                            "function": "set_nbt",
                            "tag": "{RepairCost:1000000000,ench:[{lvl:100s,id:16s},{lvl:100s,id:19s},{lvl:100s,id:20s}],Legacy:1b,display:{Name:\"黄金の夢\"}}"
                        }
                    ]
                },
                {
                    "type": "item",
                    "name": "minecraft:dye",
                    "weight": 1,
                    "functions": [
                        {
                            "function": "set_nbt",
                            "tag": "{RepairCost:1000000000,ench:[{lvl:200s,id:19s}],Legacy:1b,display:{Name:\"伝説のラピスラズリ\"}}"
                        },
                        {
                            "function": "set_data",
                            "data": 4
                        }
                    ]
                },
                {
                    "type": "item",
                    "name": "minecraft:redstone",
                    "weight": 1,
                    "functions": [
                        {
                            "function": "set_nbt",
                            "tag": "{RepairCost:1000000000,ench:[{lvl:100s,id:16s},{lvl:100s,id:19s},{lvl:100s,id:20s}],Legacy:1b,display:{Name:\"§4§lエイジャの赤石\"}}"
                        }
                    ]
                },
                {
                    "type": "item",
                    "name": "minecraft:skull",
                    "weight": 1,
                    "functions": [
                        {
                            "function": "set_data",
                            "data": 5
                        },
                        {
                            "function": "set_nbt",
                            "tag": "{RepairCost:1000000000,ench:[{lvl:3s,id:0s},{lvl:4s,id:7s},{lvl:1s,id:5s},{lvl:15s,id:16s},{lvl:1s,id:1s},{lvl:1s,id:3s},{lvl:1s,id:4s}],HideFlags:1,display:{Name:\"§5§lヴァフタング・ゴルガサリ\"},AttributeModifiers:[{UUIDMost:1l,UUIDLeast:1l,Amount:-0.15d,Slot:\"mainhand\",AttributeName:\"generic.maxHealth\",Operation:2,Name:\"wax\"},{UUIDMost:1l,UUIDLeast:2l,Amount:0.05d,Slot:\"mainhand\",AttributeName:\"generic.attackDamage\",Operation:0,Name:\"wax\"},{UUIDMost:1l,UUIDLeast:3l,Amount:-0.03d,Slot:\"mainhand\",AttributeName:\"generic.movementSpeed\",Operation:0,Name:\"wax\"},{UUIDMost:2l,UUIDLeast:1l,Amount:25d,Slot:\"offhand\",AttributeName:\"generic.maxHealth\",Operation:0,Name:\"wax\"},{UUIDMost:2l,UUIDLeast:2l,Amount:-5d,Slot:\"offhand\",AttributeName:\"generic.attackDamage\",Operation:0,Name:\"wax\"},{UUIDMost:2l,UUIDLeast:3l,Amount:0.08d,Slot:\"offhand\",AttributeName:\"generic.movementSpeed\",Operation:0,Name:\"wax\"},{UUIDMost:2l,UUIDLeast:4l,Amount:0.7d,Slot:\"offhand\",AttributeName:\"generic.knockbackResistance\",Operation:0,Name:\"wax\"},{UUIDMost:2l,UUIDLeast:5l,Amount:4d,Slot:\"offhand\",AttributeName:\"generic.armor\",Operation:0,Name:\"wax\"},{UUIDMost:3l,UUIDLeast:1l,Amount:-0.5d,Slot:\"head\",AttributeName:\"generic.maxHealth\",Operation:2,Name:\"wax\"},{UUIDMost:3l,UUIDLeast:2l,Amount:15d,Slot:\"head\",AttributeName:\"generic.attackDamage\",Operation:0,Name:\"wax\"},{UUIDMost:3l,UUIDLeast:3l,Amount:-1d,Slot:\"head\",AttributeName:\"generic.movementSpeed\",Operation:0,Name:\"wax\"},{UUIDMost:3l,UUIDLeast:4l,Amount:-1d,Slot:\"head\",AttributeName:\"generic.knockbackResistance\",Operation:0,Name:\"wax\"},{UUIDMost:3l,UUIDLeast:5l,Amount:-20d,Slot:\"head\",AttributeName:\"generic.armor\",Operation:0,Name:\"wax\"}]}"
                        }
                    ]
                },
                {
                    "type": "item",
                    "name": "minecraft:armor_stand",
                    "weight": 1,
                    "functions": [
                        {
                            "function": "set_nbt",
                            "tag": "{NoGravity:1b,RepairCost:1000000000,ench:[],display:{Lore:[\"§2半径15m以内のすべてに\",\"§2等しく§7死§2を与える。\"],Name:\"§c全滅の印板\"},EntityTag:{Tags:[\"SignStand\",\"WidowMaker\",\"TypeChecked\"]},Invulnerable:1b,Invisible:1b}"
                        }
                    ]
                },
                {
                    "type": "item",
                    "name": "minecraft:armor_stand",
                    "weight": 1,
                    "functions": [
                        {
                            "function": "set_nbt",
                            "tag": "{NoGravity:1b,RepairCost:1000000000,ench:[],display:{Lore:[\"§r§e使用者の真上にあるﾌﾞﾛｯｸまで\",\"§r§5一瞬で移動§eすることができる。\",\"§r§e看板が壊れない限り\",\"§d§n半永久的§eに使用できる。\"],Name:\"§r§5§l転移の印板\"},EntityTag:{Tags:[\"SignStand\",\"PermanentStand\",\"VerticalTeleporter\",\"TypeChecked\"]},Invulnerable:1b,Invisible:1b}"
                        }
                    ]
                },
                {
                    "type": "item",
                    "name": "minecraft:end_rod",
                    "weight": 1,
                    "functions": [
                        {
                            "function": "set_nbt",
                            "tag": "{RepairCost:1000000000,ench:[{lvl:12s,id:16s},{lvl:2s,id:19s},{lvl:1s,id:20s}],HideFlags:32,display:{Name:\"§3§lライトセーバーチョップスティック§b§l\"},AttributeModifiers:[{UUIDMost:2l,UUIDLeast:1l,Amount:4d,Slot:\"offhand\",AttributeName:\"generic.maxHealth\",Operation:0,Name:\"wax\"},{UUIDMost:2l,UUIDLeast:2l,Amount:0.08d,Slot:\"offhand\",AttributeName:\"generic.knockbackResistance\",Operation:0,Name:\"wax\"},{UUIDMost:2l,UUIDLeast:3l,Amount:0.5d,Slot:\"offhand\",AttributeName:\"generic.armor\",Operation:0,Name:\"wax\"},{UUIDMost:2l,UUIDLeast:4l,Amount:-0.05d,Slot:\"offhand\",AttributeName:\"generic.movementSpeed\",Operation:0,Name:\"wax\"},{UUIDMost:2l,UUIDLeast:5l,Amount:-0.08d,Slot:\"offhand\",AttributeName:\"generic.attackDamage\",Operation:0,Name:\"wax\"},{UUIDMost:1l,UUIDLeast:1l,Amount:0.8d,Slot:\"mainhand\",AttributeName:\"generic.attackDamage\",Operation:0,Name:\"wax\"},{UUIDMost:1l,UUIDLeast:2l,Amount:-0.1d,Slot:\"mainhand\",AttributeName:\"generic.maxHealth\",Operation:2,Name:\"wax\"},{UUIDMost:1l,UUIDLeast:3l,Amount:-0.2d,Slot:\"mainhand\",AttributeName:\"generic.knockbackResistance\",Operation:0,Name:\"wax\"},{UUIDMost:1l,UUIDLeast:4l,Amount:0.08d,Slot:\"mainhand\",AttributeName:\"generic.movementSpeed\",Operation:0,Name:\"wax\"}]}"
                        }
                    ]
                },
                {
                    "type": "item",
                    "name": "minecraft:potion",
                    "weight": 1,
                    "functions": [
                        {
                            "function": "set_nbt",
                            "tag": "{CustomPotionEffects:[{ShowParticles:1b,Duration:0,Id:3b,Amplifier:-128b},{ShowParticles:1b,Duration:0,Id:8b,Amplifier:-128b},{ShowParticles:1b,Duration:100,Id:25b,Amplifier:-1b}],HideFlags:32,display:{Lore:[\"§3服用すると5秒の間\",\"§3空中を平行移動できる。\"],Name:\"§a§lホバーギフト\"}}"
                        }
                    ]
                },
                {
                    "type": "item",
                    "name": "minecraft:bow",
                    "weight": 1,
                    "functions": [
                        {
                            "function": "set_nbt",
                            "tag": "{ench:[{lvl:11s,id:48s},{lvl:3s,id:49s},{lvl:1s,id:51s},{lvl:1s,id:34s}],RepairCost:1000000000,display:{Name:\"§9§lガーンデーヴァ\"},AttributeModifiers:[{UUIDMost:1L,UUIDLeast:1L,Amount:-0.3d,Slot:\"mainhand\",AttributeName:\"generic.movementSpeed\",Operation:2,Name:\"anmin\"},{UUIDMost:2L,UUIDLeast:1L,Amount:-0.3d,Slot:\"offhand\",AttributeName:\"generic.movementSpeed\",Operation:2,Name:\"anmin\"}]}"
                        }
                    ]
                },
                {
                    "type": "item",
                    "name": "minecraft:bow",
                    "weight": 1,
                    "functions": [
                        {
                            "function": "set_nbt",
                            "tag": "{ench:[{lvl:15s,id:48s}],RepairCost:1000000000,display:{Name:\"§3§l霊弓\"},AttributeModifiers:[{UUIDMost:1L,UUIDLeast:1L,Amount:-0.5d,Slot:\"mainhand\",AttributeName:\"generic.movementSpeed\",Operation:2,Name:\"anmin\"},{UUIDMost:1L,UUIDLeast:2L,Amount:0.3d,Slot:\"mainhand\",AttributeName:\"generic.knockbackResistance\",Operation:0,Name:\"anmin\"},{UUIDMost:1L,UUIDLeast:3L,Amount:3.0d,Slot:\"mainhand\",AttributeName:\"generic.armor\",Operation:0,Name:\"anmin\"},{UUIDMost:2L,UUIDLeast:1L,Amount:-0.5d,Slot:\"offhand\",AttributeName:\"generic.movementSpeed\",Operation:2,Name:\"anmin\"},{UUIDMost:2L,UUIDLeast:2L,Amount:0.3d,Slot:\"offhand\",AttributeName:\"generic.knockbackResistance\",Operation:0,Name:\"anmin\"},{UUIDMost:2L,UUIDLeast:3L,Amount:3.0d,Slot:\"offhand\",AttributeName:\"generic.armor\",Operation:0,Name:\"anmin\"}]}"
                        }
                    ]
                },
                {
                    "type": "item",
                    "name": "minecraft:bow",
                    "weight": 1,
                    "functions": [
                        {
                            "function": "set_nbt",
                            "tag": "{ench:[{lvl:100s,id:48s},{lvl:100s,id:50s},{lvl:100s,id:49s},{lvl:1s,id:51s}],RepairCost:1000000000,display:{Name:\"§4§kIndra §6§lハラダヌ§4§k Indra\"},AttributeModifiers:[{UUIDMost:1L,UUIDLeast:1L,Amount:-1.0d,Slot:\"mainhand\",AttributeName:\"generic.movementSpeed\",Operation:2,Name:\"anmin\"},{UUIDMost:2L,UUIDLeast:1L,Amount:-1.0d,Slot:\"offhand\",AttributeName:\"generic.movementSpeed\",Operation:2,Name:\"anmin\"}]}"
                        },
                        {
                            "function": "set_damage",
                            "damage": 0.0
                        }
                    ]
                },
                {
                    "type": "item",
                    "name": "minecraft:shield",
                    "weight": 1,
                    "functions": [
                        {
                            "function": "set_nbt",
                            "tag": "{ench:[],RepairCost:1000000000,HideFlags:32,BlockEntityTag:{Patterns:[{Pattern:\"mr\",Color:0},{Pattern:\"cbo\",Color:15},{Pattern:\"bl\",Color:15},{Pattern:\"tr\",Color:15},{Pattern:\"mc\",Color:1}],Base:0},display:{Name:\"§3§l風車の盾\"},AttributeModifiers:[{UUIDMost:2L,UUIDLeast:1L,Amount:1.0d,Slot:\"offhand\",AttributeName:\"generic.knockbackResistance\",Operation:2,Name:\"KB\"},{UUIDMost:1L,UUIDLeast:2L,Amount:1.0d,Slot:\"mainhand\",AttributeName:\"generic.knockbackResistance\",Operation:2,Name:\"KB\"}]}"
                        }
                    ]
                },
                {
                    "type": "item",
                    "name": "minecraft:shield",
                    "weight": 1,
                    "functions": [
                        {
                            "function": "set_nbt",
                            "tag": "{ench:[{lvl:10000s,id:20s}],Unbreakable:1,RepairCost:1000000000,HideFlags:32,BlockEntityTag:{Patterns:[{Pattern:\"bri\",Color:0},{Pattern:\"cbo\",Color:0},{Pattern:\"flo\",Color:0},{Pattern:\"sc\",Color:0},{Pattern:\"mc\",Color:1},{Pattern:\"cs\",Color:0},{Pattern:\"mr\",Color:1},{Pattern:\"flo\",Color:0},{Pattern:\"bts\",Color:1},{Pattern:\"tts\",Color:1}],Base:1},display:{Lore:[\"§c触れたものは永久に燃え続ける…。\"],Name:\"§4§l永久の盾\"},AttributeModifiers:[]}"
                        }
                    ]
                },
                {
                    "type": "item",
                    "name": "minecraft:shield",
                    "weight": 1,
                    "functions": [
                        {
                            "function": "set_nbt",
                            "tag": "{ench:[],RepairCost:1000000000,HideFlags:32,BlockEntityTag:{Patterns:[{Pattern:\"lud\",Color:0},{Pattern:\"rd\",Color:0},{Pattern:\"mc\",Color:9},{Pattern:\"tt\",Color:13},{Pattern:\"bt\",Color:5},{Pattern:\"cbo\",Color:9},{Pattern:\"tts\",Color:0},{Pattern:\"bts\",Color:0},{Pattern:\"bo\",Color:0},{Pattern:\"cbo\",Color:0}],Base:9},display:{Lore:[\"§c自らの移動を縛ることで\",\"§c潜在能力を引き出す盾。\"],Name:\"§5§l呪縛の盾\"},AttributeModifiers:[{UUIDMost:2L,UUIDLeast:1L,Amount:-1.0d,Slot:\"offhand\",AttributeName:\"generic.movementSpeed\",Operation:2,Name:\"SPD\"},{UUIDMost:2L,UUIDLeast:2L,Amount:1.0d,Slot:\"offhand\",AttributeName:\"generic.attackDamage\",Operation:2,Name:\"ATK\"},{UUIDMost:1L,UUIDLeast:3L,Amount:-1.0d,Slot:\"mainhand\",AttributeName:\"generic.movementSpeed\",Operation:2,Name:\"SPD\"},{UUIDMost:1L,UUIDLeast:4L,Amount:1.0d,Slot:\"mainhand\",AttributeName:\"generic.attackDamage\",Operation:2,Name:\"ATK\"}]}"
                        }
                    ]
                },
                {
                    "type": "item",
                    "name": "minecraft:diamond_helmet",
                    "weight": 1,
                    "functions": [
                        {
                            "function": "set_nbt",
                            "tag": "{WoolItem:1b,ench:[0:{lvl:4,id:0}],display:{Lore:[0:\"§9青玉§rと§7羊毛§6白金§rと\",1:\"§dミスリル§rで作られる合金、\",2:\"§e幻獣指定§rの§1ブルーシーワ―ズ§rの§l鱗§rで作られている\",3:\"§fすさまじい§e衝撃吸収性§rに加え\",4:\"§ｆとてつもなく§7軽い§rという特徴も持ち合わせる§e§n伝説の防具§r\"],Name:\"§bチャルチウィトリクエ§r\"},AttributeModifiers:[0:{UUIDMost:4L,UUIDLeast:3L,Amount:0.0625d,Slot:\"head\",AttributeName:\"generic.movementSpeed\",Operation:0,Name:\"generic.movementSpeed\"},1:{UUIDMost:6L,UUIDLeast:3L,Amount:3,Slot:\"head\",AttributeName:\"generic.armor\",Operation:0,Name:\"generic.armor\"},2:{UUIDMost:9L,UUIDLeast:3L,Amount:2,Slot:\"head\",AttributeName:\"generic.armorToughness\",Operation:0,Name:\"generic.armorToughness\"}]}"
                        }
                    ]
                },
                {
                    "type": "item",
                    "name": "minecraft:diamond_chestplate",
                    "weight": 1,
                    "functions": [
                        {
                            "function": "set_nbt",
                            "tag": "{WoolItem:1b,ench:[0:{lvl:4,id:0}],display:{Lore:[0:\"§9青玉§rと§7羊毛§6白金§rと\",1:\"§dミスリル§rで作られる合金、\",2:\"§e幻獣指定§rの§1ブルーシーワ―ズ§rの§l鱗§rで作られている\",3:\"§fすさまじい§e衝撃吸収性§rに加え\",4:\"§ｆとてつもなく§7軽い§rという特徴も持ち合わせる§e§n伝説の防具§r\"],Name:\"§bチャルチウィトリクエ§r\"},AttributeModifiers:[0:{UUIDMost:4L,UUIDLeast:4L,Amount:0.0625d,Slot:\"chest\",AttributeName:\"generic.movementSpeed\",Operation:0,Name:\"generic.movementSpeed\"},1:{UUIDMost:6L,UUIDLeast:4L,Amount:8,Slot:\"chest\",AttributeName:\"generic.armor\",Operation:0,Name:\"generic.armor\"},2:{UUIDMost:9L,UUIDLeast:4L,Amount:2,Slot:\"chest\",AttributeName:\"generic.armorToughness\",Operation:0,Name:\"generic.armorToughness\"}]}"
                        }
                    ]
                },
                {
                    "type": "item",
                    "name": "minecraft:diamond_leggings",
                    "weight": 1,
                    "functions": [
                        {
                            "function": "set_nbt",
                            "tag": "{WoolItem:1b,ench:[0:{lvl:4,id:0}],display:{Lore:[0:\"§9青玉§rと§7羊毛§6白金§rと\",1:\"§dミスリル§rで作られる合金、\",2:\"§e幻獣指定§rの§1ブルーシーワ―ズ§rの§l鱗§rで作られている\",3:\"§fすさまじい§e衝撃吸収性§rに加え\",4:\"§ｆとてつもなく§7軽い§rという特徴も持ち合わせる§e§n伝説の防具§r\"],Name:\"§bチャルチウィトリクエ§r\"},AttributeModifiers:[0:{UUIDMost:4L,UUIDLeast:5L,Amount:0.0625d,Slot:\"legs\",AttributeName:\"generic.movementSpeed\",Operation:0,Name:\"generic.movementSpeed\"},1:{UUIDMost:6L,UUIDLeast:5L,Amount:6,Slot:\"legs\",AttributeName:\"generic.armor\",Operation:0,Name:\"generic.armor\"},2:{UUIDMost:9L,UUIDLeast:5L,Amount:2,Slot:\"legs\",AttributeName:\"generic.armorToughness\",Operation:0,Name:\"generic.armorToughness\"}]}"
                        }
                    ]
                },
                {
                    "type": "item",
                    "name": "minecraft:diamond_boots",
                    "weight": 1,
                    "functions": [
                        {
                            "function": "set_nbt",
                            "tag": "{WoolItem:1b,ench:[0:{lvl:4,id:0}],display:{Lore:[0:\"§9青玉§rと§7羊毛§6白金§rと\",1:\"§dミスリル§rで作られる合金、\",2:\"§e幻獣指定§rの§1ブルーシーワ―ズ§rの§l鱗§rで作られている\",3:\"§fすさまじい§e衝撃吸収性§rに加え\",4:\"§ｆとてつもなく§7軽い§rという特徴も持ち合わせる§e§n伝説の防具§r\"],Name:\"§bチャルチウィトリクエ§r\"},AttributeModifiers:[0:{UUIDMost:4L,UUIDLeast:6L,Amount:0.0625d,Slot:\"feet\",AttributeName:\"generic.movementSpeed\",Operation:0,Name:\"generic.movementSpeed\"},1:{UUIDMost:6L,UUIDLeast:6L,Amount:3,Slot:\"feet\",AttributeName:\"generic.armor\",Operation:0,Name:\"generic.armor\"},2:{UUIDMost:9L,UUIDLeast:6L,Amount:2,Slot:\"feet\",AttributeName:\"generic.armorToughness\",Operation:0,Name:\"generic.armorToughness\"}]}"
                        }
                    ]
                },
                {
                    "type": "item",
                    "name": "minecraft:leather_helmet",
                    "weight": 1,
                    "functions": [
                        {
                            "function": "set_nbt",
                            "tag": "{WoolItem:1b,ench:[0:{lvl:2s,id:0s},1:{lvl:15s,id:7s}],Unbreakable:1b,RepairCost:2147483647,display:{Lore:[0:\"§f§l圧縮に圧縮を重ねさらに圧縮し\",1:\"§f§lバフォメットの羊毛を加えることによって\",2:\"§f§lついに壊れなくなった\"],color:16777215,Name:\"§f§lバフォメットの圧縮防具\"}}"
                        }
                    ]
                },
                {
                    "type": "item",
                    "name": "minecraft:leather_chestplate",
                    "weight": 1,
                    "functions": [
                        {
                            "function": "set_nbt",
                            "tag": "{WoolItem:1b,ench:[0:{lvl:2s,id:0s},1:{lvl:15s,id:7s}],Unbreakable:1b,RepairCost:2147483647,display:{Lore:[0:\"§f§l圧縮に圧縮を重ねさらに圧縮し\",1:\"§f§lバフォメットの羊毛を加えることによって\",2:\"§f§lついに壊れなくなった\"],color:16777215,Name:\"§f§lバフォメットの圧縮防具\"}}"
                        }
                    ]
                },
                {
                    "type": "item",
                    "name": "minecraft:leather_leggings",
                    "weight": 1,
                    "functions": [
                        {
                            "function": "set_nbt",
                            "tag": "{WoolItem:1b,ench:[0:{lvl:1s,id:0s},1:{lvl:15s,id:7s}],Unbreakable:1b,RepairCost:2147483647,display:{Lore:[0:\"§f§l圧縮に圧縮を重ねさらに圧縮し\",1:\"§f§lバフォメットの羊毛を加えることによって\",2:\"§f§lついに壊れなくなった\"],color:16777215,Name:\"§f§lバフォメットの圧縮防具\"}}"
                        }
                    ]
                },
                {
                    "type": "item",
                    "name": "minecraft:leather_boots",
                    "weight": 1,
                    "functions": [
                        {
                            "function": "set_nbt",
                            "tag": "{WoolItem:1b,ench:[0:{lvl:1s,id:0s},1:{lvl:15s,id:7s}],Unbreakable:1b,RepairCost:2147483647,display:{Lore:[0:\"§f§l圧縮に圧縮を重ねさらに圧縮し\",1:\"§f§lバフォメットの羊毛を加えることによって\",2:\"§f§lついに壊れなくなった\"],color:16777215,Name:\"§f§lバフォメットの圧縮防具\"}}"
                        }
                    ]
                },
                {
                    "type": "item",
                    "name": "minecraft:chainmail_helmet",
                    "weight": 1,
                    "functions": [
                        {
                            "function": "set_nbt",
                            "tag": "{WoolItem:1b,ench:[0:{lvl:4,id:0},1:{lvl:3,id:1},2:{lvl:3,id:2},3:{lvl:3,id:3},4:{lvl:3,id:4},5:{lvl:3,id:34}],display:{Lore:[0:\"§9世界§rを凝縮した防具。\"],Name:\"§eアキレウスの鎧§r\"}}"
                        }
                    ]
                },
                {
                    "type": "item",
                    "name": "minecraft:chainmail_chestplate",
                    "weight": 1,
                    "functions": [
                        {
                            "function": "set_nbt",
                            "tag": "{WoolItem:1b,ench:[0:{lvl:4,id:0},1:{lvl:3,id:1},2:{lvl:3,id:2},3:{lvl:3,id:3},4:{lvl:3,id:4},5:{lvl:3,id:34}],display:{Lore:[0:\"§9世界§rを凝縮した防具。\"],Name:\"§eアキレウスの鎧§r\"}}"
                        }
                    ]
                },
                {
                    "type": "item",
                    "name": "minecraft:chainmail_leggings",
                    "weight": 1,
                    "functions": [
                        {
                            "function": "set_nbt",
                            "tag": "{WoolItem:1b,ench:[0:{lvl:4,id:0},1:{lvl:3,id:1},2:{lvl:3,id:2},3:{lvl:3,id:3},4:{lvl:3,id:4},5:{lvl:3,id:34}],display:{Lore:[0:\"§9世界§rを凝縮した防具。\"],Name:\"§eアキレウスの鎧§r\"}}"
                        }
                    ]
                },
                {
                    "type": "item",
                    "name": "minecraft:chainmail_boots",
                    "weight": 1,
                    "functions": [
                        {
                            "function": "set_nbt",
                            "tag": "{WoolItem:1b,ench:[0:{lvl:4,id:0},1:{lvl:3,id:1},2:{lvl:3,id:2},3:{lvl:3,id:3},4:{lvl:3,id:4},5:{lvl:3,id:34}],display:{Lore:[0:\"§9世界§rを凝縮した防具。\"],Name:\"§eアキレウスの鎧§r\"}}"
                        }
                    ]
                },
                {
                    "type": "item",
                    "name": "minecraft:diamond_pickaxe",
                    "weight": 1,
                    "functions": [
                        {
                            "function": "set_nbt",
                            "tag": "{WoolItem:1b,ench:[0:{lvl:4,id:32},1:{lvl:20,id:8}],RepairCost:1000000000,display:{Lore:[0:\"§9水神§rが使うと言われている§n§e神具§r\"],Name:\"§9Pulvia of storm§r\"}}"
                        }
                    ]
                },
                {
                    "type": "item",
                    "name": "minecraft:diamond_axe",
                    "weight": 1,
                    "functions": [
                        {
                            "function": "set_nbt",
                            "tag": "{WoolItem:1b,ench:[0:{lvl:4,id:32},1:{lvl:20,id:20}],RepairCost:1000000000,display:{Lore:[0:\"§c炎神§rが使うと言われている§n§e神具§r\"],Name:\"§cAgni's rage§r\"}}"
                        }
                    ]
                },
                {
                    "type": "item",
                    "name": "minecraft:diamond_shovel",
                    "weight": 1,
                    "functions": [
                        {
                            "function": "set_nbt",
                            "tag": "{WoolItem:1b,ench:[0:{lvl:4,id:32},1:{lvl:20,id:35}],RepairCost:1000000000,display:{Lore:[0:\"§a風神§rが使うと言われている§n§e神具§r\"],Name:\"§aSimoon's Song§r\"}}"
                        }
                    ]
                },
                {
                    "type": "item",
                    "name": "minecraft:shears",
                    "weight": 1,
                    "functions": [
                        {
                            "function": "set_nbt",
                            "tag": "{WoolItem:1b,ench:[0:{lvl:10,id:32},1:{lvl:20,id:1}],RepairCost:1000000000,display:{Lore:[0:\"§6地神§rが使うと言われている§n§e神具§r\"],Name:\"§6Therum's Strength§r\"}}"
                        }
                    ]
                },
                {
                    "type": "item",
                    "name": "minecraft:potion",
                    "weight": 1,
                    "functions": [
                        {
                            "function": "set_nbt",
                            "tag": "{CustomPotionEffects:[0:{ShowParticles:0b,Duration:2400,Id:1,Amplifier:2},1:{Duration:2400,Id:8,Amplifier:2}],HideFlags:32,display:{Lore:[0:\"§a風神§rの酒。\"],Name:\"§aSimoon's Tune\"}}"
                        }
                    ]
                },
                {
                    "type": "item",
                    "name": "minecraft:potion",
                    "weight": 1,
                    "functions": [
                        {
                            "function": "set_nbt",
                            "tag": "{CustomPotionEffects:[0:{ShowParticles:0b,Duration:2400,Id:2,Amplifier:2},1:{Duration:0,Id:3,Amplifier:0},2:{ShowParticles:0b,Duration:900,Id:11,Amplifier:2}],HideFlags:32,display:{Lore:[0:\"§6地神§rの酒。\"],Name:\"§6Therum's Might§r\"}}"
                        }
                    ]
                },
                {
                    "type": "item",
                    "name": "minecraft:potion",
                    "weight": 1,
                    "functions": [
                        {
                            "function": "set_nbt",
                            "tag": "{CustomPotionEffects:[0:{Duration:900,Id:5,Amplifier:20}],HideFlags:32,display:{Lore:[0:\"§c炎神§rの酒。\"],Name:\"§cAgni's Ire§r\"}}"
                        }
                    ]
                },
                {
                    "type": "item",
                    "name": "minecraft:potion",
                    "weight": 1,
                    "functions": [
                        {
                            "function": "set_nbt",
                            "tag": "{CustomPotionEffects:[0:{ShowParticles:0b,Duration:400,Id:2,Amplifier:10},1:{ShowParticles:0b,Duration:400,Id:4,Amplifier:10},2:{ShowParticles:0b,Duration:600,Id:10,Amplifier:10},3:{Duration:0,Id:16,Amplifier:0}],HideFlags:32,display:{Lore:[0:\"§9水神§rの酒。\"],Name:\"§9Pluvia's Hail\"}}"
                        }
                    ]
                },
                {
                    "type": "item",
                    "name": "minecraft:carrot_on_a_stick",
                    "weight": 1,
                    "functions": [
                        {
                            "function": "set_nbt",
                            "tag": "{WoolItem:1b,ench:[0:{lvl:20,id:18}],Unbreakable:1,display:{Lore:[0:\"§a§l§n虫殺しの力§r§fが込められた杖。§r\",1:\"§a§l§n虫殺しの力§r§fは持ち主にも影響し、§4§n無慈悲にも§r§f敵を潰す。\"],Name:\"§2§lピレスロッド§r\"}}"
                        }
                    ]
                },
                {
                    "type": "item",
                    "name": "minecraft:carrot_on_a_stick",
                    "weight": 1,
                    "functions": [
                        {
                            "function": "set_nbt",
                            "tag": "{WoolItem:1b,ench:[0:{lvl:12s,id:17s}],Unbreakable:1b,display:{Lore:[0:\"§f§n聖なる力§fが込められた杖。§r\",1:\"§f§n聖なる力§fは持ち主にも影響し、§5§n不死なる者§fを滅する。\"],Name:\"§f§lホーリーロッド§r\"},AttributeModifiers:[0:{UUIDMost:1L,UUIDLeast:1L,Amount:20.0d,Slot:\"mainhand\",AttributeName:\"generic.maxHealth\",Operation:0,Name:\"holy\"}]}"
                        }
                    ]
                },
                {
                    "type": "item",
                    "name": "minecraft:carrot_on_a_stick",
                    "weight": 1,
                    "functions": [
                        {
                            "function": "set_nbt",
                            "tag": "{WoolItem:1b,ench:[0:{lvl:1,id:34}],Unbreakable:1,HideFlags:1,display:{Lore:[0:\"§f持ち主の§a§n§l体力§r§fを§c§n力§r§fに変え、さらに強める杖。\"],Name:\"§c§lパワーロッド\"},AttributeModifiers:[0:{UUIDMost:1L,UUIDLeast:1L,Amount:-0.3d,Slot:\"mainhand\",AttributeName:\"generic.maxHealth\",Operation:1,Name:\"generic.maxHealth\"},1:{UUIDMost:1L,UUIDLeast:5L,Amount:20,Slot:\"mainhand\",AttributeName:\"generic.attackDamage\",Operation:0,Name:\"generic.attackDamage\"},2:{UUIDMost:1L,UUIDLeast:6L,Amount:0.15d,Slot:\"mainhand\",AttributeName:\"generic.attackDamage\",Operation:1,Name:\"generic.attackDamage\"}]}"
                        }
                    ]
                },
                {
                    "type": "item",
                    "name": "minecraft:carrot_on_a_stick",
                    "weight": 1,
                    "functions": [
                        {
                            "function": "set_nbt",
                            "tag": "{WoolItem:1b,ench:[0:{lvl:1,id:34}],Unbreakable:1,RepairCost:1000000000,HideFlags:1,display:{Lore:[0:\"§fとある神が§9§l宇宙§r§fへ修行に\",1:\"§f出た際に入手した伝説の杖\"],Name:\"§9§lインフィニティ・ロッド\"},AttributeModifiers:[0:{UUIDMost:1L,UUIDLeast:1L,Amount:0.1d,Slot:\"mainhand\",AttributeName:\"generic.maxHealth\",Operation:1,Name:\"generic.maxHealth\"},1:{UUIDMost:1L,UUIDLeast:3L,Amount:0.3d,Slot:\"mainhand\",AttributeName:\"generic.knockbackResistance\",Operation:0,Name:\"generic.knockbackResistance\"},2:{UUIDMost:1L,UUIDLeast:4L,Amount:1,Slot:\"mainhand\",AttributeName:\"generic.movementSpeed\",Operation:1,Name:\"generic.movementSpeed\"},3:{UUIDMost:1L,UUIDLeast:5L,Amount:13,Slot:\"mainhand\",AttributeName:\"generic.attackDamage\",Operation:0,Name:\"generic.attackDamage\"},4:{UUIDMost:1L,UUIDLeast:6L,Amount:6,Slot:\"mainhand\",AttributeName:\"generic.armor\",Operation:0,Name:\"generic.armor\"},5:{UUIDMost:1L,UUIDLeast:7L,Amount:1,Slot:\"mainhand\",AttributeName:\"generic.attackSpeed\",Operation:1,Name:\"generic.attackSpeed\"}]}"
                        }
                    ]
                }
            ]
        }
    ]
}