{
    "pools": [
        {
            "rolls": 1,
            "entries": [
                {
                    "type": "item",
                    "name": "enchanted_book",
                    "functions": [
                        {
                            "function": "set_nbt",
                            "tag": "{StoredEnchantments:[{id:1s,lvl:1s}]}"
                        }
                    ],
                    "weight": 100
                },
                {
                    "type": "item",
                    "name": "enchanted_book",
                    "functions": [
                        {
                            "function": "set_nbt",
                            "tag": "{StoredEnchantments:[{id:2s,lvl:1s}]}"
                        }
                    ],
                    "weight": 100
                },
                {
                    "type": "item",
                    "name": "enchanted_book",
                    "functions": [
                        {
                            "function": "set_nbt",
                            "tag": "{StoredEnchantments:[{id:3s,lvl:1s}]}"
                        }
                    ],
                    "weight": 100
                },
                {
                    "type": "item",
                    "name": "enchanted_book",
                    "functions": [
                        {
                            "function": "set_nbt",
                            "tag": "{StoredEnchantments:[{id:4s,lvl:1s}]}"
                        }
                    ],
                    "weight": 100
                },
                {
                    "type": "item",
                    "name": "enchanted_book",
                    "functions": [
                        {
                            "function": "set_nbt",
                            "tag": "{StoredEnchantments:[{id:16s,lvl:1s}]}"
                        }
                    ],
                    "weight": 100
                },
                {
                    "type": "item",
                    "name": "enchanted_book",
                    "functions": [
                        {
                            "function": "set_nbt",
                            "tag": "{StoredEnchantments:[{id:17s,lvl:1s}]}"
                        }
                    ],
                    "weight": 25
                },
                {
                    "type": "item",
                    "name": "enchanted_book",
                    "functions": [
                        {
                            "function": "set_nbt",
                            "tag": "{StoredEnchantments:[{id:18s,lvl:1s}]}"
                        }
                    ],
                    "weight": 75
                },
                {
                    "type": "item",
                    "name": "enchanted_book",
                    "functions": [
                        {
                            "function": "set_nbt",
                            "tag": "{StoredEnchantments:[{id:32s,lvl:1s}]}"
                        }
                    ],
                    "weight": 10
                },
                {
                    "type": "item",
                    "name": "enchanted_book",
                    "functions": [
                        {
                            "function": "set_nbt",
                            "tag": "{StoredEnchantments:[{id:48s,lvl:1s}]}"
                        }
                    ],
                    "weight": 100
                }
            ]
        }
    ]
}