﻿{    "pools": [        {            "rolls": 1,            "entries": [                {                    "type": "item",                    "name": "minecraft:prismarine_shard",                    "weight": 1,                    "functions": [                        {                            "function": "minecraft:set_count",                            "count": {                                "min":1,                                "max":10                            }                        },                        {                            "function": "minecraft:set_nbt",                            "tag": "{ench:[],RepairCost:1000000000,display:{Name:\"§3オレウス海晶貨\",Lore:[\"§rトカルトコルデの補助通貨\"]}}"                        }                    ]                }            ]        },        {            "rolls": 1,            "entries": [                {                    "type": "item",                    "name": "minecraft:prismarine_crystals",                    "weight": 1,                    "functions": [                        {                            "function": "minecraft:set_count",                            "count": {                                "min": 0,                                "max": 0                            }                        },                        {                            "function": "minecraft:set_nbt",                            "tag": "{ench:[],RepairCost:1000000000,display:{Name:\"§bコロナ海晶貨\",Lore:[\"§rトカルトコルデの通貨\"]}}"                        }                    ]                }            ]        }    ]}