﻿{    "pools": [        {            "rolls": 1,            "entries": [                {                    "type": "item",                    "name": "minecraft:sea_lantern",                    "weight": 1,                    "functions": [                        {                            "function": "minecraft:set_count",                            "count": {                                "min":1,                                "max":2                            }                        },                        {                            "function": "minecraft:set_nbt",                            "tag": "{ench:[],RepairCost:1000000000,display:{Name:\"§b§nブラード氷晶貨\",Lore:[\"§rトカルトコルデの現宝通貨\"]}}"                        }                    ]                }            ]        },        {            "rolls": 1,            "entries": [                {                    "type": "item",                    "name": "minecraft:prismarine_crystals",                    "weight": 1,                    "functions": [                        {                            "function": "minecraft:set_count",                            "count": {                                "min": 3,                                "max": 5                            }                        },                        {                            "function": "minecraft:set_nbt",                            "tag": "{ench:[],RepairCost:1000000000,display:{Name:\"§bコロナ海晶貨\",Lore:[\"§rトカルトコルデの通貨\"]}}"                        }                    ]                }            ]        }    ]}