{
	"credit": "Made with Blockbench",
	"textures": {
		"1": "item/trumpet",
		"particle": "item/trumpet"
	},
	"elements": [
		{
			"from": [0, 0, 6],
			"to": [1, 1, 10],
			"faces": {
				"north": {"uv": [7, 10, 8, 11], "texture": "#1"},
				"east": {"uv": [4, 7, 8, 8], "texture": "#1"},
				"south": {"uv": [12, 11, 13, 12], "texture": "#1"},
				"west": {"uv": [4, 5, 8, 6], "texture": "#1"},
				"up": {"uv": [3, 4, 4, 8], "texture": "#1"},
				"down": {"uv": [6, 9, 7, 13], "texture": "#1"}
			}
		},
		{
			"from": [0, 5, 6],
			"to": [1, 6, 10],
			"faces": {
				"north": {"uv": [0, 7, 1, 8], "texture": "#1"},
				"east": {"uv": [4, 5, 8, 6], "texture": "#1"},
				"south": {"uv": [5, 3, 6, 4], "texture": "#1"},
				"west": {"uv": [5, 6, 9, 7], "texture": "#1"},
				"up": {"uv": [7, 6, 8, 10], "texture": "#1"},
				"down": {"uv": [0, 0, 1, 4], "texture": "#1"}
			}
		},
		{
			"from": [1, 4, 7],
			"to": [2, 5, 9],
			"faces": {
				"north": {"uv": [0, 0, 1, 1], "texture": "#1"},
				"east": {"uv": [5, 5, 7, 6], "texture": "#1"},
				"south": {"uv": [0, 0, 1, 1], "texture": "#1"},
				"west": {"uv": [6, 7, 8, 8], "texture": "#1"},
				"up": {"uv": [3, 3, 4, 5], "texture": "#1"},
				"down": {"uv": [9, 6, 10, 8], "texture": "#1"}
			}
		},
		{
			"from": [1, 1, 7],
			"to": [2, 2, 9],
			"faces": {
				"north": {"uv": [0, 0, 1, 1], "texture": "#1"},
				"east": {"uv": [6, 5, 8, 6], "texture": "#1"},
				"south": {"uv": [0, 0, 1, 1], "texture": "#1"},
				"west": {"uv": [3, 6, 5, 7], "texture": "#1"},
				"up": {"uv": [8, 6, 9, 8], "texture": "#1"},
				"down": {"uv": [6, 9, 7, 11], "texture": "#1"}
			}
		},
		{
			"from": [2, 2, 7],
			"to": [3, 4, 9],
			"faces": {
				"north": {"uv": [5, 3, 6, 5], "texture": "#1"},
				"east": {"uv": [6, 5, 8, 7], "texture": "#1"},
				"south": {"uv": [11, 8, 12, 10], "texture": "#1"},
				"west": {"uv": [10, 8, 12, 10], "texture": "#1"},
				"up": {"uv": [4, 5, 5, 7], "texture": "#1"},
				"down": {"uv": [3, 8, 4, 10], "texture": "#1"}
			}
		},
		{
			"from": [15, 2, 5.8],
			"to": [16, 4, 7.8],
			"faces": {
				"north": {"uv": [8, 8, 9, 10], "texture": "#1"},
				"east": {"uv": [6, 5, 8, 7], "texture": "#1"},
				"south": {"uv": [1, 12, 2, 14], "texture": "#1"},
				"west": {"uv": [5, 3, 7, 5], "texture": "#1"},
				"up": {"uv": [6, 10, 7, 12], "texture": "#1"},
				"down": {"uv": [5, 9, 6, 11], "texture": "#1"}
			}
		},
		{
			"from": [3, 2.5, 7.5],
			"to": [12, 3.5, 8.5],
			"faces": {
				"north": {"uv": [5, 9, 14, 10], "texture": "#1"},
				"east": {"uv": [10, 11, 11, 12], "texture": "#1"},
				"south": {"uv": [5, 6, 14, 7], "texture": "#1"},
				"west": {"uv": [0, 0, 1, 1], "texture": "#1"},
				"up": {"uv": [4, 8, 13, 9], "texture": "#1"},
				"down": {"uv": [3, 11, 12, 12], "texture": "#1"}
			}
		},
		{
			"from": [5, 2.5, 6.3],
			"to": [15, 3.5, 7.3],
			"faces": {
				"north": {"uv": [3, 5, 13, 6], "texture": "#1"},
				"east": {"uv": [0, 0, 1, 1], "texture": "#1"},
				"south": {"uv": [2, 8, 12, 9], "texture": "#1"},
				"west": {"uv": [7, 9, 8, 10], "texture": "#1"},
				"up": {"uv": [2, 7, 12, 8], "texture": "#1"},
				"down": {"uv": [4, 9, 14, 10], "texture": "#1"}
			}
		},
		{
			"from": [5, -0.5, 6.9],
			"to": [12, 0.5, 7.9],
			"faces": {
				"north": {"uv": [9, 3, 12, 4], "texture": "#1"},
				"east": {"uv": [6, 5, 7, 6], "texture": "#1"},
				"south": {"uv": [3, 7, 6, 8], "texture": "#1"},
				"west": {"uv": [3, 10, 4, 11], "texture": "#1"},
				"up": {"uv": [5, 4, 12, 5], "texture": "#1"},
				"down": {"uv": [3, 3, 10, 4], "texture": "#1"}
			}
		},
		{
			"from": [12, 0.5, 7.2],
			"to": [13, 2.5, 8.2],
			"faces": {
				"north": {"uv": [3, 6, 4, 8], "texture": "#1"},
				"east": {"uv": [3, 7, 4, 9], "texture": "#1"},
				"south": {"uv": [6, 11, 7, 13], "texture": "#1"},
				"west": {"uv": [11, 8, 12, 10], "texture": "#1"},
				"up": {"uv": [9, 1, 10, 2], "texture": "#1"},
				"down": {"uv": [8, 5, 9, 6], "texture": "#1"}
			}
		},
		{
			"from": [4, 0.5, 6.6],
			"to": [5, 2.5, 7.6],
			"faces": {
				"north": {"uv": [9, 0, 10, 2], "texture": "#1"},
				"east": {"uv": [11, 5, 12, 7], "texture": "#1"},
				"south": {"uv": [6, 6, 7, 8], "texture": "#1"},
				"west": {"uv": [9, 11, 10, 13], "texture": "#1"},
				"up": {"uv": [9, 1, 10, 2], "texture": "#1"},
				"down": {"uv": [7, 0, 8, 1], "texture": "#1"}
			}
		},
		{
			"from": [0, 1, 5],
			"to": [1, 5, 6],
			"faces": {
				"north": {"uv": [3, 2, 4, 6], "texture": "#1"},
				"east": {"uv": [4, 4, 5, 8], "texture": "#1"},
				"south": {"uv": [7, 5, 8, 9], "texture": "#1"},
				"west": {"uv": [6, 6, 7, 10], "texture": "#1"},
				"up": {"uv": [1, 13, 2, 14], "texture": "#1"},
				"down": {"uv": [4, 7, 5, 8], "texture": "#1"}
			}
		},
		{
			"from": [0, 1, 10],
			"to": [1, 5, 11],
			"faces": {
				"north": {"uv": [5, 7, 6, 11], "texture": "#1"},
				"east": {"uv": [3, 6, 4, 10], "texture": "#1"},
				"south": {"uv": [14, 7, 15, 11], "texture": "#1"},
				"west": {"uv": [5, 6, 6, 10], "texture": "#1"},
				"up": {"uv": [8, 4, 9, 5], "texture": "#1"},
				"down": {"uv": [7, 4, 8, 5], "texture": "#1"}
			}
		},
		{
			"from": [1, 1, 9],
			"to": [2, 5, 10],
			"faces": {
				"north": {"uv": [8, 9, 9, 13], "texture": "#1"},
				"east": {"uv": [6, 3, 7, 7], "texture": "#1"},
				"south": {"uv": [4, 3, 5, 7], "texture": "#1"},
				"west": {"uv": [6, 6, 7, 10], "texture": "#1"},
				"up": {"uv": [3, 4, 4, 5], "texture": "#1"},
				"down": {"uv": [4, 8, 5, 9], "texture": "#1"}
			}
		},
		{
			"from": [1, 1, 6],
			"to": [2, 5, 7],
			"faces": {
				"north": {"uv": [7, 5, 8, 9], "texture": "#1"},
				"east": {"uv": [8, 3, 9, 7], "texture": "#1"},
				"south": {"uv": [5, 6, 6, 10], "texture": "#1"},
				"west": {"uv": [2, 6, 3, 10], "texture": "#1"},
				"up": {"uv": [5, 5, 6, 6], "texture": "#1"},
				"down": {"uv": [4, 6, 5, 7], "texture": "#1"}
			}
		},
		{
			"from": [6, -1, 6.9],
			"to": [7, 4, 7.9],
			"faces": {
				"north": {"uv": [11, 4, 12, 9], "texture": "#1"},
				"east": {"uv": [1, 8, 2, 13], "texture": "#1"},
				"south": {"uv": [4, 4, 5, 9], "texture": "#1"},
				"west": {"uv": [1, 10, 2, 15], "texture": "#1"},
				"up": {"uv": [11, 12, 12, 13], "texture": "#1"},
				"down": {"uv": [11, 2, 12, 3], "texture": "#1"}
			}
		},
		{
			"from": [8, 4.5, 6.9],
			"to": [9, 4.75, 7.9],
			"faces": {
				"north": {"uv": [6, 15, 7, 15.25], "texture": "#1"},
				"east": {"uv": [6, 15, 7, 15.25], "texture": "#1"},
				"south": {"uv": [6, 15, 7, 15.25], "texture": "#1"},
				"west": {"uv": [6, 15, 7, 15.25], "texture": "#1"},
				"up": {"uv": [7, 15, 8, 16], "texture": "#1"},
				"down": {"uv": [6, 15, 7, 16], "texture": "#1"}
			}
		},
		{
			"from": [10, 4.5, 6.9],
			"to": [11, 4.75, 7.9],
			"faces": {
				"north": {"uv": [12, 15, 13, 15.25], "texture": "#1"},
				"east": {"uv": [12, 15, 13, 15.25], "texture": "#1"},
				"south": {"uv": [12, 15, 13, 15.25], "texture": "#1"},
				"west": {"uv": [12, 15, 13, 15.25], "texture": "#1"},
				"up": {"uv": [13, 15, 14, 16], "texture": "#1"},
				"down": {"uv": [12, 15, 13, 16], "texture": "#1"}
			}
		},
		{
			"from": [6, 4.5, 6.9],
			"to": [7, 4.75, 7.9],
			"faces": {
				"north": {"uv": [0, 15, 1, 15.25], "texture": "#1"},
				"east": {"uv": [0, 15, 1, 15.25], "texture": "#1"},
				"south": {"uv": [0, 15, 1, 15.25], "texture": "#1"},
				"west": {"uv": [0, 15, 1, 15.25], "texture": "#1"},
				"up": {"uv": [1, 15, 2, 16], "texture": "#1"},
				"down": {"uv": [0, 15, 1, 16], "texture": "#1"}
			}
		},
		{
			"from": [8.25, 4, 7.15],
			"to": [8.75, 4.5, 7.65],
			"faces": {
				"north": {"uv": [6, 13, 6.5, 13.5], "texture": "#1"},
				"east": {"uv": [6, 14, 6.5, 14.5], "texture": "#1"},
				"south": {"uv": [6, 13, 6.5, 13.5], "texture": "#1"},
				"west": {"uv": [6, 14, 6.5, 14.5], "texture": "#1"}
			}
		},
		{
			"from": [10.25, 4, 7.15],
			"to": [10.75, 4.5, 7.65],
			"faces": {
				"north": {"uv": [12, 13, 12.5, 13.5], "texture": "#1"},
				"east": {"uv": [12, 14, 12.5, 14.5], "texture": "#1"},
				"south": {"uv": [12, 13, 12.5, 13.5], "texture": "#1"},
				"west": {"uv": [12, 14, 12.5, 14.5], "texture": "#1"}
			}
		},
		{
			"from": [6.25, 4, 7.15],
			"to": [6.75, 4.5, 7.65],
			"faces": {
				"north": {"uv": [0, 13, 0.5, 13.5], "texture": "#1"},
				"east": {"uv": [0, 14, 0.5, 14.5], "texture": "#1"},
				"south": {"uv": [0, 13, 0.5, 13.5], "texture": "#1"},
				"west": {"uv": [0, 14, 0.5, 14.5], "texture": "#1"}
			}
		},
		{
			"from": [8, -1, 6.9],
			"to": [9, 4, 7.9],
			"faces": {
				"north": {"uv": [11, 4, 12, 9], "texture": "#1"},
				"east": {"uv": [11, 6, 12, 11], "texture": "#1"},
				"south": {"uv": [7, 5, 8, 10], "texture": "#1"},
				"west": {"uv": [12, 6, 13, 11], "texture": "#1"},
				"up": {"uv": [11, 5, 12, 6], "texture": "#1"},
				"down": {"uv": [11, 2, 12, 3], "texture": "#1"}
			}
		},
		{
			"from": [10, -1, 6.9],
			"to": [11, 4, 7.9],
			"faces": {
				"north": {"uv": [11, 4, 12, 9], "texture": "#1"},
				"east": {"uv": [6, 5, 7, 10], "texture": "#1"},
				"south": {"uv": [13, 6, 14, 11], "texture": "#1"},
				"west": {"uv": [4, 7, 5, 12], "texture": "#1"},
				"up": {"uv": [6, 7, 7, 8], "texture": "#1"},
				"down": {"uv": [11, 2, 12, 3], "texture": "#1"}
			}
		}
	],
	"display": {
		"thirdperson_righthand": {
			"rotation": [-40, 260, -40],
			"translation": [-3, 6, -2]
		},
		"thirdperson_lefthand": {
			"rotation": [40, 80, -40],
			"translation": [0, 6, -2]
		},
		"firstperson_righthand": {
			"rotation": [45, -90, 25],
			"translation": [-1, 9, 3]
		},
		"firstperson_lefthand": {
			"rotation": [0, 90, 25],
			"translation": [1, 9, 3]
		},
		"ground": {
			"translation": [0, 5, 0],
			"scale": [0.5, 0.5, 0.5]
		},
		"gui": {
			"rotation": [15, 50, 1],
			"translation": [1.5, 6, 0],
			"scale": [1.1, 1.1, 1.1]
		}
	}
}