{
	"credit": "Made by nemo",
	"textures": {},
	"elements": [
		{
			"name": "Voxels",
			"from": [5, 2.75, 7.875],
			"to": [6.375, 2.875, 8.125],
			"faces": {
				"north": {"uv": [12.25, 9, 10.875, 9.125], "texture": "#iron_sword"},
				"east": {"uv": [11.75, 7.25, 11.5, 7.375], "texture": "#iron_sword"},
				"south": {"uv": [12.75, 9.125, 14.125, 9.25], "texture": "#iron_sword"},
				"west": {"uv": [12.75, 7.25, 13, 7.375], "texture": "#iron_sword"},
				"up": {"uv": [8.125, 10.875, 9.5, 10.625], "texture": "#iron_sword"},
				"down": {"uv": [9.5, 10.375, 10.875, 10.625], "texture": "#iron_sword"}
			}
		},
		{
			"name": "Voxels",
			"from": [5.125, 2.625, 7.875],
			"to": [6.5, 2.75, 8.125],
			"faces": {
				"north": {"uv": [15.5, 9.125, 14.125, 9.25], "texture": "#iron_sword"},
				"east": {"uv": [11.25, 7.25, 11, 7.375], "texture": "#iron_sword"},
				"south": {"uv": [6.75, 8.875, 8.125, 9], "texture": "#iron_sword"},
				"west": {"uv": [11.25, 7.25, 11.5, 7.375], "texture": "#iron_sword"},
				"up": {"uv": [12.75, 11.125, 14.125, 10.875], "texture": "#iron_sword"},
				"down": {"uv": [6.75, 10.375, 8.125, 10.625], "texture": "#iron_sword"}
			}
		},
		{
			"name": "Voxels",
			"from": [5.25, 2.5, 7.875],
			"to": [10.75, 2.625, 8.125],
			"faces": {
				"north": {"uv": [13.5, 11.625, 8, 11.75], "texture": "#iron_sword"},
				"east": {"uv": [10.5, 7.25, 10.25, 7.375], "texture": "#iron_sword"},
				"south": {"uv": [8, 11.75, 13.5, 11.875], "texture": "#iron_sword"},
				"west": {"uv": [7.75, 2.625, 8, 2.75], "texture": "#iron_sword"},
				"up": {"uv": [8, 12.375, 13.5, 12.125], "texture": "#iron_sword"},
				"down": {"uv": [2.5, 12.125, 8, 12.375], "texture": "#iron_sword"}
			}
		},
		{
			"name": "Voxels",
			"from": [5.25, 2.875, 7.875],
			"to": [6.25, 3, 8.125],
			"faces": {
				"north": {"uv": [7.75, 5.375, 6.75, 5.5], "texture": "#iron_sword"},
				"east": {"uv": [9, 7.25, 8.75, 7.375], "texture": "#iron_sword"},
				"south": {"uv": [6.75, 6.125, 7.75, 6.25], "texture": "#iron_sword"},
				"west": {"uv": [10, 7.25, 10.25, 7.375], "texture": "#iron_sword"},
				"up": {"uv": [5.5, 10.125, 6.5, 9.875], "texture": "#iron_sword"},
				"down": {"uv": [14.5, 10.125, 15.5, 10.375], "texture": "#iron_sword"}
			}
		},
		{
			"name": "Voxels",
			"from": [5.375, 2.375, 7.875],
			"to": [10.625, 2.5, 8.125],
			"faces": {
				"north": {"uv": [13.25, 11.5, 8, 11.625], "texture": "#iron_sword"},
				"east": {"uv": [14.75, 7.375, 14.5, 7.5], "texture": "#iron_sword"},
				"south": {"uv": [2.75, 11.375, 8, 11.5], "texture": "#iron_sword"},
				"west": {"uv": [8.5, 7.25, 8.75, 7.375], "texture": "#iron_sword"},
				"up": {"uv": [7.75, 12.125, 13, 11.875], "texture": "#iron_sword"},
				"down": {"uv": [2.5, 11.875, 7.75, 12.125], "texture": "#iron_sword"}
			}
		},
		{
			"name": "Voxels",
			"from": [5.5, 2.25, 7.875],
			"to": [6.75, 2.375, 8.125],
			"faces": {
				"north": {"uv": [8, 7.125, 6.75, 7.25], "texture": "#iron_sword"},
				"east": {"uv": [13.25, 7.375, 13, 7.5], "texture": "#iron_sword"},
				"south": {"uv": [9.5, 8.75, 10.75, 8.875], "texture": "#iron_sword"},
				"west": {"uv": [14.25, 7.375, 14.5, 7.5], "texture": "#iron_sword"},
				"up": {"uv": [14.625, 10.875, 15.875, 10.625], "texture": "#iron_sword"},
				"down": {"uv": [5.5, 10.125, 6.75, 10.375], "texture": "#iron_sword"}
			}
		},
		{
			"name": "Voxels",
			"from": [5.625, 2.125, 7.875],
			"to": [6.375, 2.25, 8.125],
			"faces": {
				"north": {"uv": [16, 9.625, 15.25, 9.75], "texture": "#iron_sword"},
				"east": {"uv": [12.75, 7.375, 12.5, 7.5], "texture": "#iron_sword"},
				"south": {"uv": [6, 3.125, 6.75, 3.25], "texture": "#iron_sword"},
				"west": {"uv": [12.75, 7.375, 13, 7.5], "texture": "#iron_sword"},
				"up": {"uv": [3.75, 0.25, 4.5, 0], "texture": "#iron_sword"},
				"down": {"uv": [4.25, 10.625, 5, 10.875], "texture": "#iron_sword"}
			}
		},
		{
			"name": "Voxels",
			"from": [5.75, 1.875, 7.875],
			"to": [6.25, 2.125, 8.125],
			"faces": {
				"north": {"uv": [6, 2.25, 5.5, 2.5], "texture": "#iron_sword"},
				"east": {"uv": [10, 7.625, 9.75, 7.875], "texture": "#iron_sword"},
				"south": {"uv": [5.5, 2.5, 6, 2.75], "texture": "#iron_sword"},
				"west": {"uv": [8, 6.875, 8.25, 7.125], "texture": "#iron_sword"},
				"up": {"uv": [15.5, 10.375, 16, 10.125], "texture": "#iron_sword"},
				"down": {"uv": [5.5, 2, 6, 2.25], "texture": "#iron_sword"}
			}
		},
		{
			"name": "Voxels",
			"from": [5.875, 1.75, 7.875],
			"to": [6.375, 1.875, 8.125],
			"faces": {
				"north": {"uv": [8, 1.375, 7.5, 1.5], "texture": "#iron_sword"},
				"east": {"uv": [12.25, 7.375, 12, 7.5], "texture": "#iron_sword"},
				"south": {"uv": [7.5, 1.5, 8, 1.625], "texture": "#iron_sword"},
				"west": {"uv": [12.25, 7.375, 12.5, 7.5], "texture": "#iron_sword"},
				"up": {"uv": [5.5, 4.25, 6, 4], "texture": "#iron_sword"},
				"down": {"uv": [5.5, 3.75, 6, 4], "texture": "#iron_sword"}
			}
		},
		{
			"name": "Voxels",
			"from": [5.875, 3, 7.875],
			"to": [6.125, 3.125, 8.125],
			"faces": {
				"north": {"uv": [12, 7.375, 11.75, 7.5], "texture": "#iron_sword"},
				"east": {"uv": [9.25, 7.375, 9, 7.5], "texture": "#iron_sword"},
				"south": {"uv": [9.5, 7.375, 9.75, 7.5], "texture": "#iron_sword"},
				"west": {"uv": [9.25, 7.375, 9.5, 7.5], "texture": "#iron_sword"},
				"up": {"uv": [8.25, 7.875, 8.5, 7.625], "texture": "#iron_sword"},
				"down": {"uv": [9.5, 7.625, 9.75, 7.875], "texture": "#iron_sword"}
			}
		},
		{
			"name": "Voxels",
			"from": [6, 2, 7.75],
			"to": [7.625, 2.25, 7.875],
			"faces": {
				"north": {"uv": [4.625, 1.25, 3, 1.5], "texture": "#iron_sword"},
				"east": {"uv": [8.5, 6.25, 8.375, 6.5], "texture": "#iron_sword"},
				"south": {"uv": [3, 1, 4.625, 1.25], "texture": "#iron_sword"},
				"west": {"uv": [8.375, 6, 8.5, 6.25], "texture": "#iron_sword"},
				"up": {"uv": [9.25, 9.875, 10.875, 9.75], "texture": "#iron_sword"},
				"down": {"uv": [10.875, 9.75, 12.5, 9.875], "texture": "#iron_sword"}
			}
		},
		{
			"name": "Voxels",
			"from": [6, 2, 8.125],
			"to": [7.625, 2.25, 8.25],
			"faces": {
				"north": {"uv": [4.625, 1.5, 3, 1.75], "texture": "#iron_sword"},
				"east": {"uv": [8.5, 7, 8.375, 7.25], "texture": "#iron_sword"},
				"south": {"uv": [3, 2.75, 4.625, 3], "texture": "#iron_sword"},
				"west": {"uv": [8.375, 6.5, 8.5, 6.75], "texture": "#iron_sword"},
				"up": {"uv": [6, 9.875, 7.625, 9.75], "texture": "#iron_sword"},
				"down": {"uv": [7.625, 9.75, 9.25, 9.875], "texture": "#iron_sword"}
			}
		},
		{
			"name": "Voxels",
			"from": [6.125, 1.625, 7.875],
			"to": [6.75, 1.75, 8.125],
			"faces": {
				"north": {"uv": [9.25, 7.875, 8.625, 8], "texture": "#iron_sword"},
				"east": {"uv": [14.625, 7.5, 14.375, 7.625], "texture": "#iron_sword"},
				"south": {"uv": [7.375, 0.125, 8, 0.25], "texture": "#iron_sword"},
				"west": {"uv": [14.625, 7.5, 14.875, 7.625], "texture": "#iron_sword"},
				"up": {"uv": [6, 7.75, 6.625, 7.5], "texture": "#iron_sword"},
				"down": {"uv": [6, 7.75, 6.625, 8], "texture": "#iron_sword"}
			}
		},
		{
			"name": "Voxels",
			"from": [6.125, 1.75, 7.75],
			"to": [7.375, 2, 7.875],
			"faces": {
				"north": {"uv": [14.625, 10.375, 13.375, 10.625], "texture": "#iron_sword"},
				"east": {"uv": [8.375, 0.625, 8.25, 0.875], "texture": "#iron_sword"},
				"south": {"uv": [6.75, 10.125, 8, 10.375], "texture": "#iron_sword"},
				"west": {"uv": [8.25, 0.375, 8.375, 0.625], "texture": "#iron_sword"},
				"up": {"uv": [10.75, 8.875, 12, 8.75], "texture": "#iron_sword"},
				"down": {"uv": [13.25, 8.75, 14.5, 8.875], "texture": "#iron_sword"}
			}
		},
		{
			"name": "Voxels",
			"from": [6.125, 1.75, 8.125],
			"to": [7.375, 2, 8.25],
			"faces": {
				"north": {"uv": [15.875, 10.375, 14.625, 10.625], "texture": "#iron_sword"},
				"east": {"uv": [8.375, 1.375, 8.25, 1.625], "texture": "#iron_sword"},
				"south": {"uv": [9.25, 10.125, 10.5, 10.375], "texture": "#iron_sword"},
				"west": {"uv": [8.25, 0.875, 8.375, 1.125], "texture": "#iron_sword"},
				"up": {"uv": [6.75, 8.75, 8, 8.625], "texture": "#iron_sword"},
				"down": {"uv": [14.5, 8.75, 15.75, 8.875], "texture": "#iron_sword"}
			}
		},
		{
			"name": "Voxels",
			"from": [6.25, 2.25, 7.75],
			"to": [7.75, 2.375, 7.875],
			"faces": {
				"north": {"uv": [9, 9.25, 7.5, 9.375], "texture": "#iron_sword"},
				"east": {"uv": [8.625, 0.375, 8.5, 0.5], "texture": "#iron_sword"},
				"south": {"uv": [9, 9.25, 10.5, 9.375], "texture": "#iron_sword"},
				"west": {"uv": [8.5, 0, 8.625, 0.125], "texture": "#iron_sword"},
				"up": {"uv": [6, 9.375, 7.5, 9.25], "texture": "#iron_sword"},
				"down": {"uv": [12.75, 9.375, 14.25, 9.5], "texture": "#iron_sword"}
			}
		},
		{
			"name": "Voxels",
			"from": [6.25, 2.25, 8.125],
			"to": [7.75, 2.375, 8.25],
			"faces": {
				"north": {"uv": [15, 9.25, 13.5, 9.375], "texture": "#iron_sword"},
				"east": {"uv": [8.625, 0.625, 8.5, 0.75], "texture": "#iron_sword"},
				"south": {"uv": [7.5, 9.5, 9, 9.625], "texture": "#iron_sword"},
				"west": {"uv": [8.5, 0.5, 8.625, 0.625], "texture": "#iron_sword"},
				"up": {"uv": [12, 9.375, 13.5, 9.25], "texture": "#iron_sword"},
				"down": {"uv": [10.5, 9.25, 12, 9.375], "texture": "#iron_sword"}
			}
		},
		{
			"name": "Voxels",
			"from": [6.375, 1.625, 7.75],
			"to": [7.25, 1.75, 7.875],
			"faces": {
				"north": {"uv": [7.625, 4.75, 6.75, 4.875], "texture": "#iron_sword"},
				"east": {"uv": [8.625, 1.125, 8.5, 1.25], "texture": "#iron_sword"},
				"south": {"uv": [6.75, 3.5, 7.625, 3.625], "texture": "#iron_sword"},
				"west": {"uv": [8.5, 0.75, 8.625, 0.875], "texture": "#iron_sword"},
				"up": {"uv": [6.75, 4.75, 7.625, 4.625], "texture": "#iron_sword"},
				"down": {"uv": [6.75, 4.375, 7.625, 4.5], "texture": "#iron_sword"}
			}
		},
		{
			"name": "Voxels",
			"from": [6.375, 1.625, 8.125],
			"to": [7.25, 1.75, 8.25],
			"faces": {
				"north": {"uv": [7.625, 4, 6.75, 4.125], "texture": "#iron_sword"},
				"east": {"uv": [8.625, 1.375, 8.5, 1.5], "texture": "#iron_sword"},
				"south": {"uv": [6.75, 5.25, 7.625, 5.375], "texture": "#iron_sword"},
				"west": {"uv": [8.5, 1.25, 8.625, 1.375], "texture": "#iron_sword"},
				"up": {"uv": [6.75, 5.25, 7.625, 5.125], "texture": "#iron_sword"},
				"down": {"uv": [6.75, 4.125, 7.625, 4.25], "texture": "#iron_sword"}
			}
		},
		{
			"name": "Voxels",
			"from": [6.5, 1.5, 7.875],
			"to": [9.5, 1.625, 8.125],
			"faces": {
				"north": {"uv": [11, 11.375, 8, 11.5], "texture": "#iron_sword"},
				"east": {"uv": [8, 7, 7.75, 7.125], "texture": "#iron_sword"},
				"south": {"uv": [5, 11.5, 8, 11.625], "texture": "#iron_sword"},
				"west": {"uv": [12.375, 7.5, 12.625, 7.625], "texture": "#iron_sword"},
				"up": {"uv": [13, 12.125, 16, 11.875], "texture": "#iron_sword"},
				"down": {"uv": [5, 11.625, 8, 11.875], "texture": "#iron_sword"}
			}
		},
		{
			"name": "Voxels",
			"from": [6.625, 2.375, 7.75],
			"to": [7.875, 2.5, 7.875],
			"faces": {
				"north": {"uv": [15.5, 8.625, 14.25, 8.75], "texture": "#iron_sword"},
				"east": {"uv": [8.625, 2, 8.5, 2.125], "texture": "#iron_sword"},
				"south": {"uv": [6.75, 8.5, 8, 8.625], "texture": "#iron_sword"},
				"west": {"uv": [8.5, 1.875, 8.625, 2], "texture": "#iron_sword"},
				"up": {"uv": [13, 8.75, 14.25, 8.625], "texture": "#iron_sword"},
				"down": {"uv": [11.75, 8.625, 13, 8.75], "texture": "#iron_sword"}
			}
		},
		{
			"name": "Voxels",
			"from": [6.625, 2.375, 8.125],
			"to": [7.875, 2.5, 8.25],
			"faces": {
				"north": {"uv": [11.75, 8.5, 10.5, 8.625], "texture": "#iron_sword"},
				"east": {"uv": [8.625, 2.625, 8.5, 2.75], "texture": "#iron_sword"},
				"south": {"uv": [11.75, 8.5, 13, 8.625], "texture": "#iron_sword"},
				"west": {"uv": [8.5, 2.25, 8.625, 2.375], "texture": "#iron_sword"},
				"up": {"uv": [9.25, 8.625, 10.5, 8.5], "texture": "#iron_sword"},
				"down": {"uv": [8, 8.5, 9.25, 8.625], "texture": "#iron_sword"}
			}
		},
		{
			"name": "Voxels",
			"from": [6.75, 1.5, 7.75],
			"to": [7.375, 1.625, 7.875],
			"faces": {
				"north": {"uv": [7.375, 0.25, 6.75, 0.375], "texture": "#iron_sword"},
				"east": {"uv": [8.625, 4.5, 8.5, 4.625], "texture": "#iron_sword"},
				"south": {"uv": [6.75, 0.375, 7.375, 0.5], "texture": "#iron_sword"},
				"west": {"uv": [8.5, 2.75, 8.625, 2.875], "texture": "#iron_sword"},
				"up": {"uv": [6.75, 0.25, 7.375, 0.125], "texture": "#iron_sword"},
				"down": {"uv": [7.375, 0.25, 8, 0.375], "texture": "#iron_sword"}
			}
		},
		{
			"name": "Voxels",
			"from": [6.75, 1.5, 8.125],
			"to": [7.375, 1.625, 8.25],
			"faces": {
				"north": {"uv": [7.375, 1, 6.75, 1.125], "texture": "#iron_sword"},
				"east": {"uv": [8.625, 5, 8.5, 5.125], "texture": "#iron_sword"},
				"south": {"uv": [7.375, 1.125, 8, 1.25], "texture": "#iron_sword"},
				"west": {"uv": [8.5, 4.625, 8.625, 4.75], "texture": "#iron_sword"},
				"up": {"uv": [7.375, 1.125, 8, 1], "texture": "#iron_sword"},
				"down": {"uv": [6.75, 0.875, 7.375, 1], "texture": "#iron_sword"}
			}
		},
		{
			"name": "Voxels",
			"from": [6.75, 12.625, 7.875],
			"to": [9.25, 14.875, 8.125],
			"faces": {
				"north": {"uv": [2.5, 13.75, 0, 16], "texture": "#iron_sword"},
				"east": {"uv": [1.25, 1.125, 1, 3.375], "texture": "#iron_sword"},
				"south": {"uv": [2.5, 13.75, 5, 16], "texture": "#iron_sword"},
				"west": {"uv": [1.25, 4.25, 1.5, 6.5], "texture": "#iron_sword"},
				"up": {"uv": [13.5, 11.875, 16, 11.625], "texture": "#iron_sword"},
				"down": {"uv": [13.5, 12.125, 16, 12.375], "texture": "#iron_sword"}
			}
		},
		{
			"name": "Voxels",
			"from": [6.875, -3.625, 7.875],
			"to": [7, -3.25, 8.125],
			"faces": {
				"north": {"uv": [8.375, 6.5, 8.25, 6.875], "texture": "#iron_sword"},
				"east": {"uv": [6.5, 2.75, 6.25, 3.125], "texture": "#iron_sword"},
				"south": {"uv": [8.25, 6.125, 8.375, 6.5], "texture": "#iron_sword"},
				"west": {"uv": [6, 2.75, 6.25, 3.125], "texture": "#iron_sword"},
				"up": {"uv": [15.875, 10.625, 16, 10.375], "texture": "#iron_sword"},
				"down": {"uv": [6.625, 7.75, 6.75, 8], "texture": "#iron_sword"}
			}
		},
		{
			"name": "Voxels",
			"from": [6.875, 1.375, 7.875],
			"to": [9.125, 1.5, 8.125],
			"faces": {
				"north": {"uv": [13.25, 11.375, 11, 11.5], "texture": "#iron_sword"},
				"east": {"uv": [16, 9.75, 15.75, 9.875], "texture": "#iron_sword"},
				"south": {"uv": [13.5, 11.5, 15.75, 11.625], "texture": "#iron_sword"},
				"west": {"uv": [15.75, 8.75, 16, 8.875], "texture": "#iron_sword"},
				"up": {"uv": [6.75, 12.625, 9, 12.375], "texture": "#iron_sword"},
				"down": {"uv": [2.75, 10.25, 5, 10.5], "texture": "#iron_sword"}
			}
		},
		{
			"name": "Voxels",
			"from": [6.875, 1.875, 7.875],
			"to": [9.125, 2.375, 8.125],
			"faces": {
				"north": {"uv": [14.75, 12.75, 12.5, 13.25], "texture": "#iron_sword"},
				"east": {"uv": [5.75, 0.75, 5.5, 1.25], "texture": "#iron_sword"},
				"south": {"uv": [12.5, 13.25, 14.75, 13.75], "texture": "#iron_sword"},
				"west": {"uv": [5.75, 1.5, 6, 2], "texture": "#iron_sword"},
				"up": {"uv": [5, 11.375, 7.25, 11.125], "texture": "#iron_sword"},
				"down": {"uv": [2.75, 11.125, 5, 11.375], "texture": "#iron_sword"}
			}
		},
		{
			"name": "Voxels",
			"from": [6.875, 2.625, 7.875],
			"to": [9.125, 3, 8.125],
			"faces": {
				"north": {"uv": [5, 11.5, 2.75, 11.875], "texture": "#iron_sword"},
				"east": {"uv": [6.25, 2.375, 6, 2.75], "texture": "#iron_sword"},
				"south": {"uv": [12.5, 12.375, 14.75, 12.75], "texture": "#iron_sword"},
				"west": {"uv": [6.5, 2.75, 6.75, 3.125], "texture": "#iron_sword"},
				"up": {"uv": [9.5, 11.375, 11.75, 11.125], "texture": "#iron_sword"},
				"down": {"uv": [7.25, 11.125, 9.5, 11.375], "texture": "#iron_sword"}
			}
		},
		{
			"name": "Voxels",
			"from": [6.875, 11.5, 7.875],
			"to": [9.125, 12.625, 8.125],
			"faces": {
				"north": {"uv": [9, 12.625, 6.75, 13.75], "texture": "#iron_sword"},
				"east": {"uv": [1.5, 0, 1.25, 1.125], "texture": "#iron_sword"},
				"south": {"uv": [4.5, 12.625, 6.75, 13.75], "texture": "#iron_sword"},
				"west": {"uv": [1, 0, 1.25, 1.125], "texture": "#iron_sword"},
				"up": {"uv": [2.75, 11.125, 5, 10.875], "texture": "#iron_sword"},
				"down": {"uv": [11.75, 11.125, 14, 11.375], "texture": "#iron_sword"}
			}
		},
		{
			"name": "Voxels",
			"from": [6.875, 14.875, 7.875],
			"to": [9.125, 15.125, 8.125],
			"faces": {
				"north": {"uv": [5, 9.5, 2.75, 9.75], "texture": "#iron_sword"},
				"east": {"uv": [5, 7.5, 4.75, 7.75], "texture": "#iron_sword"},
				"south": {"uv": [4.5, 12.375, 6.75, 12.625], "texture": "#iron_sword"},
				"west": {"uv": [4.75, 5.625, 5, 5.875], "texture": "#iron_sword"},
				"up": {"uv": [2.75, 10, 5, 9.75], "texture": "#iron_sword"},
				"down": {"uv": [2.75, 10, 5, 10.25], "texture": "#iron_sword"}
			}
		},
		{
			"name": "Voxels",
			"from": [7, -3.5, 7.75],
			"to": [7.25, -3.375, 8.25],
			"faces": {
				"north": {"uv": [3.25, 3.5, 3, 3.625], "texture": "#iron_sword"},
				"east": {"uv": [14.5, 13.75, 14, 13.875], "texture": "#iron_sword"},
				"south": {"uv": [15.75, 11.5, 16, 11.625], "texture": "#iron_sword"},
				"west": {"uv": [1, 3.375, 1.5, 3.5], "texture": "#iron_sword"},
				"up": {"uv": [15.75, 14.625, 16, 14.125], "texture": "#iron_sword"},
				"down": {"uv": [15.75, 14.625, 16, 15.125], "texture": "#iron_sword"}
			}
		},
		{
			"name": "Voxels",
			"from": [7, -3.375, 7.875],
			"to": [7.5, -3.25, 8.125],
			"faces": {
				"north": {"uv": [8, 1.625, 7.5, 1.75], "texture": "#iron_sword"},
				"east": {"uv": [10.625, 7.5, 10.375, 7.625], "texture": "#iron_sword"},
				"south": {"uv": [7.5, 2.5, 8, 2.625], "texture": "#iron_sword"},
				"west": {"uv": [13.25, 11.5, 13.5, 11.625], "texture": "#iron_sword"},
				"up": {"uv": [6.25, 6.25, 6.75, 6], "texture": "#iron_sword"},
				"down": {"uv": [5.5, 3.5, 6, 3.75], "texture": "#iron_sword"}
			}
		},
		{
			"name": "Voxels",
			"from": [7, -3.25, 7.875],
			"to": [7.375, -3.125, 8.125],
			"faces": {
				"north": {"uv": [7.875, 1.25, 7.5, 1.375], "texture": "#iron_sword"},
				"east": {"uv": [10.125, 7.5, 9.875, 7.625], "texture": "#iron_sword"},
				"south": {"uv": [9.25, 7.875, 9.625, 8], "texture": "#iron_sword"},
				"west": {"uv": [10.125, 7.5, 10.375, 7.625], "texture": "#iron_sword"},
				"up": {"uv": [4.625, 2.25, 5, 2], "texture": "#iron_sword"},
				"down": {"uv": [6.375, 0.625, 6.75, 0.875], "texture": "#iron_sword"}
			}
		},
		{
			"name": "Voxels",
			"from": [7, 1.625, 7.875],
			"to": [9, 1.875, 8.125],
			"faces": {
				"north": {"uv": [4.75, 8.25, 2.75, 8.5], "texture": "#iron_sword"},
				"east": {"uv": [5, 8, 4.75, 8.25], "texture": "#iron_sword"},
				"south": {"uv": [2.75, 7.5, 4.75, 7.75], "texture": "#iron_sword"},
				"west": {"uv": [4.75, 7.75, 5, 8], "texture": "#iron_sword"},
				"up": {"uv": [14, 11.375, 16, 11.125], "texture": "#iron_sword"},
				"down": {"uv": [2.75, 8.75, 4.75, 9], "texture": "#iron_sword"}
			}
		},
		{
			"name": "Voxels",
			"from": [7, 3, 7.875],
			"to": [9, 3.5, 8.125],
			"faces": {
				"north": {"uv": [9, 13.75, 7, 14.25], "texture": "#iron_sword"},
				"east": {"uv": [6, 6.125, 5.75, 6.625], "texture": "#iron_sword"},
				"south": {"uv": [5, 13.75, 7, 14.25], "texture": "#iron_sword"},
				"west": {"uv": [2.5, 0.125, 2.75, 0.625], "texture": "#iron_sword"},
				"up": {"uv": [2.75, 7.5, 4.75, 7.25], "texture": "#iron_sword"},
				"down": {"uv": [2.75, 7.75, 4.75, 8], "texture": "#iron_sword"}
			}
		},
		{
			"name": "Voxels",
			"from": [7, 10.125, 7.875],
			"to": [9, 11.5, 8.125],
			"faces": {
				"north": {"uv": [4.5, 12.375, 2.5, 13.75], "texture": "#iron_sword"},
				"east": {"uv": [3, 0.375, 2.75, 1.75], "texture": "#iron_sword"},
				"south": {"uv": [12.5, 14.625, 14.5, 16], "texture": "#iron_sword"},
				"west": {"uv": [5.25, 9, 5.5, 10.375], "texture": "#iron_sword"},
				"up": {"uv": [2.75, 9.5, 4.75, 9.25], "texture": "#iron_sword"},
				"down": {"uv": [2.75, 9, 4.75, 9.25], "texture": "#iron_sword"}
			}
		},
		{
			"name": "Voxels",
			"from": [7, 15.125, 7.875],
			"to": [9, 16.875, 8.125],
			"faces": {
				"north": {"uv": [9, 14.25, 7, 16], "texture": "#iron_sword"},
				"east": {"uv": [3, 1.75, 2.75, 3.5], "texture": "#iron_sword"},
				"south": {"uv": [5, 14.25, 7, 16], "texture": "#iron_sword"},
				"west": {"uv": [3, 3.625, 3.25, 5.375], "texture": "#iron_sword"},
				"up": {"uv": [2.75, 8.25, 4.75, 8], "texture": "#iron_sword"},
				"down": {"uv": [2.75, 8.5, 4.75, 8.75], "texture": "#iron_sword"}
			}
		},
		{
			"name": "Voxels",
			"from": [7.125, -3.375, 7.75],
			"to": [8.875, -3.125, 7.875],
			"faces": {
				"north": {"uv": [4.75, 5.625, 3, 5.875], "texture": "#iron_sword"},
				"east": {"uv": [14.75, 7.625, 14.625, 7.875], "texture": "#iron_sword"},
				"south": {"uv": [3, 5.375, 4.75, 5.625], "texture": "#iron_sword"},
				"west": {"uv": [8.25, 2.125, 8.375, 2.375], "texture": "#iron_sword"},
				"up": {"uv": [13.25, 11.5, 15, 11.375], "texture": "#iron_sword"},
				"down": {"uv": [14.25, 9.875, 16, 10], "texture": "#iron_sword"}
			}
		},
		{
			"name": "Voxels",
			"from": [7.125, -3.375, 8.125],
			"to": [8.875, -3.125, 8.25],
			"faces": {
				"north": {"uv": [5, 4.625, 3.25, 4.875], "texture": "#iron_sword"},
				"east": {"uv": [6.75, 0, 6.625, 0.25], "texture": "#iron_sword"},
				"south": {"uv": [3.25, 4.375, 5, 4.625], "texture": "#iron_sword"},
				"west": {"uv": [7.875, 1.875, 8, 2.125], "texture": "#iron_sword"},
				"up": {"uv": [12.5, 10, 14.25, 9.875], "texture": "#iron_sword"},
				"down": {"uv": [12.5, 10, 14.25, 10.125], "texture": "#iron_sword"}
			}
		},
		{
			"name": "Voxels",
			"from": [7.125, -3.125, 7.875],
			"to": [7.375, -2.875, 8.125],
			"faces": {
				"north": {"uv": [6.75, 5.75, 6.5, 6], "texture": "#iron_sword"},
				"east": {"uv": [5, 5.375, 4.75, 5.625], "texture": "#iron_sword"},
				"south": {"uv": [6.5, 5.25, 6.75, 5.5], "texture": "#iron_sword"},
				"west": {"uv": [8, 6.375, 8.25, 6.625], "texture": "#iron_sword"},
				"up": {"uv": [8, 6.375, 8.25, 6.125], "texture": "#iron_sword"},
				"down": {"uv": [8, 5.875, 8.25, 6.125], "texture": "#iron_sword"}
			}
		},
		{
			"name": "Voxels",
			"from": [7.125, 1.25, 7.875],
			"to": [8.875, 1.375, 8.125],
			"faces": {
				"north": {"uv": [16, 10, 14.25, 10.125], "texture": "#iron_sword"},
				"east": {"uv": [8, 6.875, 7.75, 7], "texture": "#iron_sword"},
				"south": {"uv": [3.25, 3.5, 5, 3.625], "texture": "#iron_sword"},
				"west": {"uv": [7.75, 3.25, 8, 3.375], "texture": "#iron_sword"},
				"up": {"uv": [3, 6.125, 4.75, 5.875], "texture": "#iron_sword"},
				"down": {"uv": [3.25, 4.875, 5, 5.125], "texture": "#iron_sword"}
			}
		},
		{
			"name": "Voxels",
			"from": [7.125, 1.375, 7.75],
			"to": [7.5, 1.5, 7.875],
			"faces": {
				"north": {"uv": [13.75, 7.875, 13.375, 8], "texture": "#iron_sword"},
				"east": {"uv": [8.625, 5.75, 8.5, 5.875], "texture": "#iron_sword"},
				"south": {"uv": [13.75, 7.875, 14.125, 8], "texture": "#iron_sword"},
				"west": {"uv": [8.5, 5.625, 8.625, 5.75], "texture": "#iron_sword"},
				"up": {"uv": [13, 8, 13.375, 7.875], "texture": "#iron_sword"},
				"down": {"uv": [9.625, 7.875, 10, 8], "texture": "#iron_sword"}
			}
		},
		{
			"name": "Voxels",
			"from": [7.125, 1.375, 8.125],
			"to": [7.5, 1.5, 8.25],
			"faces": {
				"north": {"uv": [15.25, 7.875, 14.875, 8], "texture": "#iron_sword"},
				"east": {"uv": [8.625, 6.5, 8.5, 6.625], "texture": "#iron_sword"},
				"south": {"uv": [15.25, 7.875, 15.625, 8], "texture": "#iron_sword"},
				"west": {"uv": [8.5, 6.375, 8.625, 6.5], "texture": "#iron_sword"},
				"up": {"uv": [14.5, 8, 14.875, 7.875], "texture": "#iron_sword"},
				"down": {"uv": [14.125, 7.875, 14.5, 8], "texture": "#iron_sword"}
			}
		},
		{
			"name": "Voxels",
			"from": [7.125, 2.5, 7.75],
			"to": [7.875, 2.625, 7.875],
			"faces": {
				"north": {"uv": [6.75, 1.25, 6, 1.375], "texture": "#iron_sword"},
				"east": {"uv": [8.5, 0, 8.375, 0.125], "texture": "#iron_sword"},
				"south": {"uv": [6, 1.375, 6.75, 1.5], "texture": "#iron_sword"},
				"west": {"uv": [8.5, 6.625, 8.625, 6.75], "texture": "#iron_sword"},
				"up": {"uv": [7, 3.125, 7.75, 3], "texture": "#iron_sword"},
				"down": {"uv": [6, 1.125, 6.75, 1.25], "texture": "#iron_sword"}
			}
		},
		{
			"name": "Voxels",
			"from": [7.125, 2.5, 8.125],
			"to": [7.875, 2.625, 8.25],
			"faces": {
				"north": {"uv": [6.75, 2.25, 6, 2.375], "texture": "#iron_sword"},
				"east": {"uv": [8.5, 0.5, 8.375, 0.625], "texture": "#iron_sword"},
				"south": {"uv": [6.75, 1.625, 7.5, 1.75], "texture": "#iron_sword"},
				"west": {"uv": [8.375, 0.125, 8.5, 0.25], "texture": "#iron_sword"},
				"up": {"uv": [6, 2.25, 6.75, 2.125], "texture": "#iron_sword"},
				"down": {"uv": [6, 2, 6.75, 2.125], "texture": "#iron_sword"}
			}
		},
		{
			"name": "Voxels",
			"from": [7.125, 3.5, 7.875],
			"to": [8.875, 4.5, 8.125],
			"faces": {
				"north": {"uv": [10.75, 12.75, 9, 13.75], "texture": "#iron_sword"},
				"east": {"uv": [5.5, 7, 5.25, 8], "texture": "#iron_sword"},
				"south": {"uv": [10.75, 12.75, 12.5, 13.75], "texture": "#iron_sword"},
				"west": {"uv": [5.25, 8, 5.5, 9], "texture": "#iron_sword"},
				"up": {"uv": [3.25, 4.375, 5, 4.125], "texture": "#iron_sword"},
				"down": {"uv": [3, 3, 4.75, 3.25], "texture": "#iron_sword"}
			}
		},
		{
			"name": "Voxels",
			"from": [7.125, 8.125, 7.875],
			"to": [8.875, 10.125, 8.125],
			"faces": {
				"north": {"uv": [10.75, 14, 9, 16], "texture": "#iron_sword"},
				"east": {"uv": [2.75, 0.625, 2.5, 2.625], "texture": "#iron_sword"},
				"south": {"uv": [10.75, 14, 12.5, 16], "texture": "#iron_sword"},
				"west": {"uv": [2.5, 2.625, 2.75, 4.625], "texture": "#iron_sword"},
				"up": {"uv": [3.25, 3.875, 5, 3.625], "texture": "#iron_sword"},
				"down": {"uv": [3.25, 3.875, 5, 4.125], "texture": "#iron_sword"}
			}
		},
		{
			"name": "Voxels",
			"from": [7.125, 16.875, 7.875],
			"to": [8.875, 17.125, 8.125],
			"faces": {
				"north": {"uv": [5, 5.125, 3.25, 5.375], "texture": "#iron_sword"},
				"east": {"uv": [5, 8.25, 4.75, 8.5], "texture": "#iron_sword"},
				"south": {"uv": [10.75, 13.75, 12.5, 14], "texture": "#iron_sword"},
				"west": {"uv": [4.75, 3.25, 5, 3.5], "texture": "#iron_sword"},
				"up": {"uv": [9, 14, 10.75, 13.75], "texture": "#iron_sword"},
				"down": {"uv": [3, 3.25, 4.75, 3.5], "texture": "#iron_sword"}
			}
		},
		{
			"name": "Voxels",
			"from": [7.25, -3.5, 7.875],
			"to": [7.625, -3.375, 8.125],
			"faces": {
				"north": {"uv": [16, 7.875, 15.625, 8], "texture": "#iron_sword"},
				"east": {"uv": [11.875, 7.5, 11.625, 7.625], "texture": "#iron_sword"},
				"south": {"uv": [10.5, 7.75, 10.875, 7.875], "texture": "#iron_sword"},
				"west": {"uv": [11.875, 7.5, 12.125, 7.625], "texture": "#iron_sword"},
				"up": {"uv": [6, 0.875, 6.375, 0.625], "texture": "#iron_sword"},
				"down": {"uv": [4.625, 1.75, 5, 2], "texture": "#iron_sword"}
			}
		},
		{
			"name": "Voxels",
			"from": [7.25, -3.125, 7.75],
			"to": [8.75, -2.75, 7.875],
			"faces": {
				"north": {"uv": [4.25, 10.5, 2.75, 10.875], "texture": "#iron_sword"},
				"east": {"uv": [8.375, 5.375, 8.25, 5.75], "texture": "#iron_sword"},
				"south": {"uv": [10.75, 12.375, 12.25, 12.75], "texture": "#iron_sword"},
				"west": {"uv": [8.25, 5.75, 8.375, 6.125], "texture": "#iron_sword"},
				"up": {"uv": [9.25, 9.75, 10.75, 9.625], "texture": "#iron_sword"},
				"down": {"uv": [10.5, 9.5, 12, 9.625], "texture": "#iron_sword"}
			}
		},
		{
			"name": "Voxels",
			"from": [7.25, -3.125, 8.125],
			"to": [8.75, -2.75, 8.25],
			"faces": {
				"north": {"uv": [10.5, 12.375, 9, 12.75], "texture": "#iron_sword"},
				"east": {"uv": [8.375, 4.625, 8.25, 5], "texture": "#iron_sword"},
				"south": {"uv": [14.5, 13.75, 16, 14.125], "texture": "#iron_sword"},
				"west": {"uv": [8.25, 5, 8.375, 5.375], "texture": "#iron_sword"},
				"up": {"uv": [10.75, 9.75, 12.25, 9.625], "texture": "#iron_sword"},
				"down": {"uv": [12.25, 9.625, 13.75, 9.75], "texture": "#iron_sword"}
			}
		},
		{
			"name": "Voxels",
			"from": [7.25, -2.875, 7.875],
			"to": [7.5, -2.375, 8.125],
			"faces": {
				"north": {"uv": [6, 0.75, 5.75, 1.25], "texture": "#iron_sword"},
				"east": {"uv": [6.25, 6, 6, 6.5], "texture": "#iron_sword"},
				"south": {"uv": [5.5, 0.25, 5.75, 0.75], "texture": "#iron_sword"},
				"west": {"uv": [5.75, 0.25, 6, 0.75], "texture": "#iron_sword"},
				"up": {"uv": [4.75, 9, 5, 8.75], "texture": "#iron_sword"},
				"down": {"uv": [4.75, 8.5, 5, 8.75], "texture": "#iron_sword"}
			}
		},
		{
			"name": "Voxels",
			"from": [7.25, 1.125, 7.875],
			"to": [8.75, 1.25, 8.125],
			"faces": {
				"north": {"uv": [12.75, 9.125, 11.25, 9.25], "texture": "#iron_sword"},
				"east": {"uv": [10.875, 7.5, 10.625, 7.625], "texture": "#iron_sword"},
				"south": {"uv": [9.75, 9.125, 11.25, 9.25], "texture": "#iron_sword"},
				"west": {"uv": [10.875, 7.5, 11.125, 7.625], "texture": "#iron_sword"},
				"up": {"uv": [8.25, 11.125, 9.75, 10.875], "texture": "#iron_sword"},
				"down": {"uv": [3, 0.75, 4.5, 1], "texture": "#iron_sword"}
			}
		},
		{
			"name": "Voxels",
			"from": [7.25, 1.25, 7.75],
			"to": [7.625, 1.375, 7.875],
			"faces": {
				"north": {"uv": [11.25, 7.625, 10.875, 7.75], "texture": "#iron_sword"},
				"east": {"uv": [8.5, 0.75, 8.375, 0.875], "texture": "#iron_sword"},
				"south": {"uv": [11.25, 7.75, 11.625, 7.875], "texture": "#iron_sword"},
				"west": {"uv": [8.375, 0.625, 8.5, 0.75], "texture": "#iron_sword"},
				"up": {"uv": [10.875, 7.875, 11.25, 7.75], "texture": "#iron_sword"},
				"down": {"uv": [10.5, 7.625, 10.875, 7.75], "texture": "#iron_sword"}
			}
		},
		{
			"name": "Voxels",
			"from": [7.25, 1.25, 8.125],
			"to": [7.625, 1.375, 8.25],
			"faces": {
				"north": {"uv": [12, 7.625, 11.625, 7.75], "texture": "#iron_sword"},
				"east": {"uv": [8.5, 1.25, 8.375, 1.375], "texture": "#iron_sword"},
				"south": {"uv": [13.5, 7.75, 13.875, 7.875], "texture": "#iron_sword"},
				"west": {"uv": [8.375, 0.875, 8.5, 1], "texture": "#iron_sword"},
				"up": {"uv": [11.625, 7.875, 12, 7.75], "texture": "#iron_sword"},
				"down": {"uv": [11.25, 7.625, 11.625, 7.75], "texture": "#iron_sword"}
			}
		},
		{
			"name": "Voxels",
			"from": [7.25, 4.5, 7.875],
			"to": [8.75, 8.125, 8.125],
			"faces": {
				"north": {"uv": [1.5, 6.5, 0, 10.125], "texture": "#iron_sword"},
				"east": {"uv": [2.75, 4.625, 2.5, 8.25], "texture": "#iron_sword"},
				"south": {"uv": [0, 10.125, 1.5, 13.75], "texture": "#iron_sword"},
				"west": {"uv": [2.5, 8.25, 2.75, 11.875], "texture": "#iron_sword"},
				"up": {"uv": [9.75, 11.125, 11.25, 10.875], "texture": "#iron_sword"},
				"down": {"uv": [11.25, 10.875, 12.75, 11.125], "texture": "#iron_sword"}
			}
		},
		{
			"name": "Voxels",
			"from": [7.25, 17.125, 7.875],
			"to": [8.75, 18, 8.125],
			"faces": {
				"north": {"uv": [14, 13.75, 12.5, 14.625], "texture": "#iron_sword"},
				"east": {"uv": [5.75, 7.5, 5.5, 8.375], "texture": "#iron_sword"},
				"south": {"uv": [14.5, 15.125, 16, 16], "texture": "#iron_sword"},
				"west": {"uv": [5.25, 0.75, 5.5, 1.625], "texture": "#iron_sword"},
				"up": {"uv": [5.25, 11.125, 6.75, 10.875], "texture": "#iron_sword"},
				"down": {"uv": [6.75, 10.875, 8.25, 11.125], "texture": "#iron_sword"}
			}
		},
		{
			"name": "Voxels",
			"from": [7.375, -4, 7.875],
			"to": [7.75, -3.875, 8.125],
			"faces": {
				"north": {"uv": [13.875, 7.625, 13.5, 7.75], "texture": "#iron_sword"},
				"east": {"uv": [9.125, 7.5, 8.875, 7.625], "texture": "#iron_sword"},
				"south": {"uv": [7.625, 4.375, 8, 4.5], "texture": "#iron_sword"},
				"west": {"uv": [9.125, 7.5, 9.375, 7.625], "texture": "#iron_sword"},
				"up": {"uv": [6.25, 2.75, 6.625, 2.5], "texture": "#iron_sword"},
				"down": {"uv": [4.625, 1, 5, 1.25], "texture": "#iron_sword"}
			}
		},
		{
			"name": "Voxels",
			"from": [7.375, -3.875, 7.875],
			"to": [7.625, -3.5, 8.125],
			"faces": {
				"north": {"uv": [6.25, 0.25, 6, 0.625], "texture": "#iron_sword"},
				"east": {"uv": [7, 3, 6.75, 3.375], "texture": "#iron_sword"},
				"south": {"uv": [6.25, 0.25, 6.5, 0.625], "texture": "#iron_sword"},
				"west": {"uv": [6.5, 0.25, 6.75, 0.625], "texture": "#iron_sword"},
				"up": {"uv": [4.75, 3.25, 5, 3], "texture": "#iron_sword"},
				"down": {"uv": [8, 5.625, 8.25, 5.875], "texture": "#iron_sword"}
			}
		},
		{
			"name": "Voxels",
			"from": [7.375, -3.5, 7.75],
			"to": [8.625, -3.375, 7.875],
			"faces": {
				"north": {"uv": [10.5, 8.25, 9.25, 8.375], "texture": "#iron_sword"},
				"east": {"uv": [8.5, 1.5, 8.375, 1.625], "texture": "#iron_sword"},
				"south": {"uv": [10.5, 8.25, 11.75, 8.375], "texture": "#iron_sword"},
				"west": {"uv": [8.375, 1.375, 8.5, 1.5], "texture": "#iron_sword"},
				"up": {"uv": [8, 8.375, 9.25, 8.25], "texture": "#iron_sword"},
				"down": {"uv": [6.75, 8.25, 8, 8.375], "texture": "#iron_sword"}
			}
		},
		{
			"name": "Voxels",
			"from": [7.375, -3.5, 8.125],
			"to": [8.625, -3.375, 8.25],
			"faces": {
				"north": {"uv": [15.5, 8.25, 14.25, 8.375], "texture": "#iron_sword"},
				"east": {"uv": [8.5, 2, 8.375, 2.125], "texture": "#iron_sword"},
				"south": {"uv": [6.75, 8.125, 8, 8.25], "texture": "#iron_sword"},
				"west": {"uv": [8.375, 1.625, 8.5, 1.75], "texture": "#iron_sword"},
				"up": {"uv": [13, 8.375, 14.25, 8.25], "texture": "#iron_sword"},
				"down": {"uv": [11.75, 8.25, 13, 8.375], "texture": "#iron_sword"}
			}
		},
		{
			"name": "Voxels",
			"from": [7.375, -2.75, 7.75],
			"to": [8.625, -2.375, 7.875],
			"faces": {
				"north": {"uv": [4.25, 6.875, 3, 7.25], "texture": "#iron_sword"},
				"east": {"uv": [8.375, 3.125, 8.25, 3.5], "texture": "#iron_sword"},
				"south": {"uv": [3, 6.5, 4.25, 6.875], "texture": "#iron_sword"},
				"west": {"uv": [8.25, 3.5, 8.375, 3.875], "texture": "#iron_sword"},
				"up": {"uv": [6.75, 7.375, 8, 7.25], "texture": "#iron_sword"},
				"down": {"uv": [10.5, 8.125, 11.75, 8.25], "texture": "#iron_sword"}
			}
		},
		{
			"name": "Voxels",
			"from": [7.375, -2.75, 8.125],
			"to": [8.625, -2.375, 8.25],
			"faces": {
				"north": {"uv": [4.25, 6.125, 3, 6.5], "texture": "#iron_sword"},
				"east": {"uv": [8.375, 2.375, 8.25, 2.75], "texture": "#iron_sword"},
				"south": {"uv": [14.75, 12.375, 16, 12.75], "texture": "#iron_sword"},
				"west": {"uv": [8.25, 2.75, 8.375, 3.125], "texture": "#iron_sword"},
				"up": {"uv": [14.25, 8.5, 15.5, 8.375], "texture": "#iron_sword"},
				"down": {"uv": [13, 8.375, 14.25, 8.5], "texture": "#iron_sword"}
			}
		},
		{
			"name": "Voxels",
			"from": [7.375, -2.375, 7.875],
			"to": [7.625, -1.5, 8.125],
			"faces": {
				"north": {"uv": [6, 7.5, 5.75, 8.375], "texture": "#iron_sword"},
				"east": {"uv": [5.5, 4.25, 5.25, 5.125], "texture": "#iron_sword"},
				"south": {"uv": [5.25, 3.375, 5.5, 4.25], "texture": "#iron_sword"},
				"west": {"uv": [5.25, 2.5, 5.5, 3.375], "texture": "#iron_sword"},
				"up": {"uv": [8, 6.875, 8.25, 6.625], "texture": "#iron_sword"},
				"down": {"uv": [6.5, 5.5, 6.75, 5.75], "texture": "#iron_sword"}
			}
		},
		{
			"name": "Voxels",
			"from": [7.375, 0.375, 7.875],
			"to": [7.625, 0.75, 8.125],
			"faces": {
				"north": {"uv": [7, 2.625, 6.75, 3], "texture": "#iron_sword"},
				"east": {"uv": [7.75, 2.625, 7.5, 3], "texture": "#iron_sword"},
				"south": {"uv": [7, 2.625, 7.25, 3], "texture": "#iron_sword"},
				"west": {"uv": [7.25, 2.625, 7.5, 3], "texture": "#iron_sword"},
				"up": {"uv": [15.75, 9.625, 16, 9.375], "texture": "#iron_sword"},
				"down": {"uv": [5.25, 0, 5.5, 0.25], "texture": "#iron_sword"}
			}
		},
		{
			"name": "Voxels",
			"from": [7.375, 1, 7.875],
			"to": [8.625, 1.125, 8.125],
			"faces": {
				"north": {"uv": [13.25, 8.75, 12, 8.875], "texture": "#iron_sword"},
				"east": {"uv": [8.25, 0, 8, 0.125], "texture": "#iron_sword"},
				"south": {"uv": [9.25, 8.125, 10.5, 8.25], "texture": "#iron_sword"},
				"west": {"uv": [14.25, 7.625, 14.5, 7.75], "texture": "#iron_sword"},
				"up": {"uv": [10.875, 10.875, 12.125, 10.625], "texture": "#iron_sword"},
				"down": {"uv": [8, 10.125, 9.25, 10.375], "texture": "#iron_sword"}
			}
		},
		{
			"name": "Voxels",
			"from": [7.375, 1.125, 7.75],
			"to": [7.75, 1.25, 7.875],
			"faces": {
				"north": {"uv": [14.625, 7.75, 14.25, 7.875], "texture": "#iron_sword"},
				"east": {"uv": [8.5, 2.875, 8.375, 3], "texture": "#iron_sword"},
				"south": {"uv": [7.625, 5.25, 8, 5.375], "texture": "#iron_sword"},
				"west": {"uv": [8.375, 2.75, 8.5, 2.875], "texture": "#iron_sword"},
				"up": {"uv": [13.875, 7.75, 14.25, 7.625], "texture": "#iron_sword"},
				"down": {"uv": [13.875, 7.75, 14.25, 7.875], "texture": "#iron_sword"}
			}
		},
		{
			"name": "Voxels",
			"from": [7.375, 1.125, 8.125],
			"to": [7.75, 1.25, 8.25],
			"faces": {
				"north": {"uv": [8, 4.75, 7.625, 4.875], "texture": "#iron_sword"},
				"east": {"uv": [8.5, 3.75, 8.375, 3.875], "texture": "#iron_sword"},
				"south": {"uv": [7.625, 4.5, 8, 4.625], "texture": "#iron_sword"},
				"west": {"uv": [8.375, 3.625, 8.5, 3.75], "texture": "#iron_sword"},
				"up": {"uv": [7.625, 5.125, 8, 5], "texture": "#iron_sword"},
				"down": {"uv": [7.625, 5.125, 8, 5.25], "texture": "#iron_sword"}
			}
		},
		{
			"name": "Voxels",
			"from": [7.375, 1.875, 7.75],
			"to": [7.5, 2, 7.875],
			"faces": {
				"north": {"uv": [8, 2.25, 7.875, 2.375], "texture": "#iron_sword"},
				"east": {"uv": [8.75, 5.5, 8.625, 5.625], "texture": "#iron_sword"},
				"south": {"uv": [5.125, 0, 5.25, 0.125], "texture": "#iron_sword"},
				"west": {"uv": [8.625, 5.375, 8.75, 5.5], "texture": "#iron_sword"},
				"up": {"uv": [7.875, 2.25, 8, 2.125], "texture": "#iron_sword"},
				"down": {"uv": [7.875, 1.25, 8, 1.375], "texture": "#iron_sword"}
			}
		},
		{
			"name": "Voxels",
			"from": [7.375, 1.875, 8.125],
			"to": [7.5, 2, 8.25],
			"faces": {
				"north": {"uv": [8.75, 6.875, 8.625, 7], "texture": "#iron_sword"},
				"east": {"uv": [8.75, 6.375, 8.625, 6.5], "texture": "#iron_sword"},
				"south": {"uv": [8.5, 1.5, 8.625, 1.625], "texture": "#iron_sword"},
				"west": {"uv": [8.625, 6.25, 8.75, 6.375], "texture": "#iron_sword"},
				"up": {"uv": [8.625, 5.875, 8.75, 5.75], "texture": "#iron_sword"},
				"down": {"uv": [8.625, 5.625, 8.75, 5.75], "texture": "#iron_sword"}
			}
		},
		{
			"name": "Voxels",
			"from": [7.375, 2.625, 7.75],
			"to": [8.625, 2.75, 7.875],
			"faces": {
				"north": {"uv": [9.25, 8.375, 8, 8.5], "texture": "#iron_sword"},
				"east": {"uv": [8.75, 6.625, 8.625, 6.75], "texture": "#iron_sword"},
				"south": {"uv": [11.75, 8.375, 13, 8.5], "texture": "#iron_sword"},
				"west": {"uv": [8.625, 6.5, 8.75, 6.625], "texture": "#iron_sword"},
				"up": {"uv": [9.25, 8.5, 10.5, 8.375], "texture": "#iron_sword"},
				"down": {"uv": [10.5, 8.375, 11.75, 8.5], "texture": "#iron_sword"}
			}
		},
		{
			"name": "Voxels",
			"from": [7.375, 2.625, 8.125],
			"to": [8.625, 2.75, 8.25],
			"faces": {
				"north": {"uv": [8, 7.5, 6.75, 7.625], "texture": "#iron_sword"},
				"east": {"uv": [8.75, 7.125, 8.625, 7.25], "texture": "#iron_sword"},
				"south": {"uv": [6.75, 7.625, 8, 7.75], "texture": "#iron_sword"},
				"west": {"uv": [8.625, 7, 8.75, 7.125], "texture": "#iron_sword"},
				"up": {"uv": [6.75, 7.5, 8, 7.375], "texture": "#iron_sword"},
				"down": {"uv": [13, 8.125, 14.25, 8.25], "texture": "#iron_sword"}
			}
		},
		{
			"name": "Voxels",
			"from": [7.375, 18, 7.875],
			"to": [8.625, 18.5, 8.125],
			"faces": {
				"north": {"uv": [15.75, 14.625, 14.5, 15.125], "texture": "#iron_sword"},
				"east": {"uv": [5.75, 3, 5.5, 3.5], "texture": "#iron_sword"},
				"south": {"uv": [14.5, 14.125, 15.75, 14.625], "texture": "#iron_sword"},
				"west": {"uv": [5.5, 1.5, 5.75, 2], "texture": "#iron_sword"},
				"up": {"uv": [12.125, 10.625, 13.375, 10.375], "texture": "#iron_sword"},
				"down": {"uv": [10.875, 10.375, 12.125, 10.625], "texture": "#iron_sword"}
			}
		},
		{
			"name": "Voxels",
			"from": [7.5, -4.25, 7.875],
			"to": [8.5, -4.125, 8.125],
			"faces": {
				"north": {"uv": [7.75, 5.75, 6.75, 5.875], "texture": "#iron_sword"},
				"east": {"uv": [14, 7.25, 13.75, 7.375], "texture": "#iron_sword"},
				"south": {"uv": [15, 11.375, 16, 11.5], "texture": "#iron_sword"},
				"west": {"uv": [14, 7.25, 14.25, 7.375], "texture": "#iron_sword"},
				"up": {"uv": [13.5, 10.375, 14.5, 10.125], "texture": "#iron_sword"},
				"down": {"uv": [12.5, 10.125, 13.5, 10.375], "texture": "#iron_sword"}
			}
		},
		{
			"name": "Voxels",
			"from": [7.5, -4.125, 7.875],
			"to": [7.75, -4, 8.125],
			"faces": {
				"north": {"uv": [13.25, 7.25, 13, 7.375], "texture": "#iron_sword"},
				"east": {"uv": [10, 7.25, 9.75, 7.375], "texture": "#iron_sword"},
				"south": {"uv": [12.5, 7.25, 12.75, 7.375], "texture": "#iron_sword"},
				"west": {"uv": [12.25, 7.25, 12.5, 7.375], "texture": "#iron_sword"},
				"up": {"uv": [8, 5.125, 8.25, 4.875], "texture": "#iron_sword"},
				"down": {"uv": [4.75, 9, 5, 9.25], "texture": "#iron_sword"}
			}
		},
		{
			"name": "Voxels",
			"from": [7.5, -4, 7.75],
			"to": [8.5, -3.5, 7.875],
			"faces": {
				"north": {"uv": [2.5, 0.75, 1.5, 1.25], "texture": "#iron_sword"},
				"east": {"uv": [5.25, 0.125, 5.125, 0.625], "texture": "#iron_sword"},
				"south": {"uv": [14.75, 12.75, 15.75, 13.25], "texture": "#iron_sword"},
				"west": {"uv": [5.125, 0.625, 5.25, 1.125], "texture": "#iron_sword"},
				"up": {"uv": [6.75, 5.625, 7.75, 5.5], "texture": "#iron_sword"},
				"down": {"uv": [6.75, 5.875, 7.75, 6], "texture": "#iron_sword"}
			}
		},
		{
			"name": "Voxels",
			"from": [7.5, -4, 8.125],
			"to": [8.5, -3.5, 8.25],
			"faces": {
				"north": {"uv": [2.5, 0.25, 1.5, 0.75], "texture": "#iron_sword"},
				"east": {"uv": [5.25, 1.125, 5.125, 1.625], "texture": "#iron_sword"},
				"south": {"uv": [14.75, 13.25, 15.75, 13.75], "texture": "#iron_sword"},
				"west": {"uv": [5, 0.25, 5.125, 0.75], "texture": "#iron_sword"},
				"up": {"uv": [6.75, 5.75, 7.75, 5.625], "texture": "#iron_sword"},
				"down": {"uv": [15, 9.25, 16, 9.375], "texture": "#iron_sword"}
			}
		},
		{
			"name": "Voxels",
			"from": [7.5, -2.5, 7.875],
			"to": [7.625, -2.375, 8.125],
			"faces": {
				"north": {"uv": [8.5, 3.5, 8.375, 3.625], "texture": "#iron_sword"},
				"east": {"uv": [9.75, 7.25, 9.5, 7.375], "texture": "#iron_sword"},
				"south": {"uv": [8.5, 4.125, 8.625, 4.25], "texture": "#iron_sword"},
				"west": {"uv": [14.75, 7.375, 15, 7.5], "texture": "#iron_sword"},
				"up": {"uv": [8.375, 7, 8.5, 6.75], "texture": "#iron_sword"},
				"down": {"uv": [8.25, 1.125, 8.375, 1.375], "texture": "#iron_sword"}
			}
		},
		{
			"name": "Voxels",
			"from": [7.5, -2.375, 7.75],
			"to": [8.5, 0.75, 7.875],
			"faces": {
				"north": {"uv": [2.5, 7.5, 1.5, 10.625], "texture": "#iron_sword"},
				"east": {"uv": [5.125, 4.875, 5, 8], "texture": "#iron_sword"},
				"south": {"uv": [0, 0.25, 1, 3.375], "texture": "#iron_sword"},
				"west": {"uv": [5, 8, 5.125, 11.125], "texture": "#iron_sword"},
				"up": {"uv": [15, 9, 16, 8.875], "texture": "#iron_sword"},
				"down": {"uv": [6.75, 6.375, 7.75, 6.5], "texture": "#iron_sword"}
			}
		},
		{
			"name": "Voxels",
			"from": [7.5, -2.375, 8.125],
			"to": [8.5, 0.75, 8.25],
			"faces": {
				"north": {"uv": [2.5, 10.625, 1.5, 13.75], "texture": "#iron_sword"},
				"east": {"uv": [5.25, 8, 5.125, 11.125], "texture": "#iron_sword"},
				"south": {"uv": [0, 3.375, 1, 6.5], "texture": "#iron_sword"},
				"west": {"uv": [5, 1.75, 5.125, 4.875], "texture": "#iron_sword"},
				"up": {"uv": [6.75, 6.75, 7.75, 6.625], "texture": "#iron_sword"},
				"down": {"uv": [6.75, 6.875, 7.75, 7], "texture": "#iron_sword"}
			}
		},
		{
			"name": "Voxels",
			"from": [7.5, -1.5, 7.875],
			"to": [7.625, 0.375, 8.125],
			"faces": {
				"north": {"uv": [5.375, 5.125, 5.25, 7], "texture": "#iron_sword"},
				"east": {"uv": [3, 3.5, 2.75, 5.375], "texture": "#iron_sword"},
				"south": {"uv": [5.125, 1.625, 5.25, 3.5], "texture": "#iron_sword"},
				"west": {"uv": [2.75, 5.375, 3, 7.25], "texture": "#iron_sword"},
				"up": {"uv": [8.375, 4.25, 8.5, 4], "texture": "#iron_sword"},
				"down": {"uv": [8.375, 4.25, 8.5, 4.5], "texture": "#iron_sword"}
			}
		},
		{
			"name": "Voxels",
			"from": [7.5, 0.75, 7.75],
			"to": [7.875, 1, 8.25],
			"faces": {
				"north": {"uv": [7.125, 2.125, 6.75, 2.375], "texture": "#iron_sword"},
				"east": {"uv": [14.5, 13.875, 14, 14.125], "texture": "#iron_sword"},
				"south": {"uv": [6.25, 0, 6.625, 0.25], "texture": "#iron_sword"},
				"west": {"uv": [6, 5.75, 6.5, 6], "texture": "#iron_sword"},
				"up": {"uv": [5.5, 5.25, 5.875, 4.75], "texture": "#iron_sword"},
				"down": {"uv": [5.5, 5.25, 5.875, 5.75], "texture": "#iron_sword"}
			}
		},
		{
			"name": "Voxels",
			"from": [7.5, 1, 7.75],
			"to": [7.75, 1.125, 7.875],
			"faces": {
				"north": {"uv": [8, 6.5, 7.75, 6.625], "texture": "#iron_sword"},
				"east": {"uv": [16, 7.5, 15.875, 7.625], "texture": "#iron_sword"},
				"south": {"uv": [7.75, 6.375, 8, 6.5], "texture": "#iron_sword"},
				"west": {"uv": [8.25, 0, 8.375, 0.125], "texture": "#iron_sword"},
				"up": {"uv": [7.75, 6.75, 8, 6.625], "texture": "#iron_sword"},
				"down": {"uv": [7.75, 6.75, 8, 6.875], "texture": "#iron_sword"}
			}
		},
		{
			"name": "Voxels",
			"from": [7.5, 1, 8.125],
			"to": [7.75, 1.125, 8.25],
			"faces": {
				"north": {"uv": [8, 5.5, 7.75, 5.625], "texture": "#iron_sword"},
				"east": {"uv": [8.625, 1.75, 8.5, 1.875], "texture": "#iron_sword"},
				"south": {"uv": [7.75, 5.375, 8, 5.5], "texture": "#iron_sword"},
				"west": {"uv": [8.375, 3.875, 8.5, 4], "texture": "#iron_sword"},
				"up": {"uv": [7.75, 6, 8, 5.875], "texture": "#iron_sword"},
				"down": {"uv": [7.75, 6, 8, 6.125], "texture": "#iron_sword"}
			}
		},
		{
			"name": "Voxels",
			"from": [7.5, 2.75, 7.75],
			"to": [8.5, 3, 7.875],
			"faces": {
				"north": {"uv": [1, 0, 0, 0.25], "texture": "#iron_sword"},
				"east": {"uv": [15.375, 7.625, 15.25, 7.875], "texture": "#iron_sword"},
				"south": {"uv": [11.5, 9.875, 12.5, 10.125], "texture": "#iron_sword"},
				"west": {"uv": [15.125, 7.625, 15.25, 7.875], "texture": "#iron_sword"},
				"up": {"uv": [6.75, 6.625, 7.75, 6.5], "texture": "#iron_sword"},
				"down": {"uv": [6.75, 6.75, 7.75, 6.875], "texture": "#iron_sword"}
			}
		},
		{
			"name": "Voxels",
			"from": [7.5, 2.75, 8.125],
			"to": [8.5, 3, 8.25],
			"faces": {
				"north": {"uv": [11.5, 9.875, 10.5, 10.125], "texture": "#iron_sword"},
				"east": {"uv": [16, 7.625, 15.875, 7.875], "texture": "#iron_sword"},
				"south": {"uv": [9.5, 9.875, 10.5, 10.125], "texture": "#iron_sword"},
				"west": {"uv": [15.75, 7.625, 15.875, 7.875], "texture": "#iron_sword"},
				"up": {"uv": [6.75, 7.125, 7.75, 7], "texture": "#iron_sword"},
				"down": {"uv": [15, 9, 16, 9.125], "texture": "#iron_sword"}
			}
		},
		{
			"name": "Voxels",
			"from": [7.5, 18.5, 7.875],
			"to": [8.5, 18.75, 8.125],
			"faces": {
				"north": {"uv": [8.5, 9.875, 7.5, 10.125], "texture": "#iron_sword"},
				"east": {"uv": [8.25, 5.125, 8, 5.375], "texture": "#iron_sword"},
				"south": {"uv": [6.5, 9.875, 7.5, 10.125], "texture": "#iron_sword"},
				"west": {"uv": [8, 5.375, 8.25, 5.625], "texture": "#iron_sword"},
				"up": {"uv": [8.5, 10.125, 9.5, 9.875], "texture": "#iron_sword"},
				"down": {"uv": [11.5, 10.125, 12.5, 10.375], "texture": "#iron_sword"}
			}
		},
		{
			"name": "Voxels",
			"from": [7.625, -4.375, 7.875],
			"to": [8.375, -4.25, 8.125],
			"faces": {
				"north": {"uv": [6.75, 1.625, 6, 1.75], "texture": "#iron_sword"},
				"east": {"uv": [11.625, 7.5, 11.375, 7.625], "texture": "#iron_sword"},
				"south": {"uv": [6, 1.75, 6.75, 1.875], "texture": "#iron_sword"},
				"west": {"uv": [11.125, 7.5, 11.375, 7.625], "texture": "#iron_sword"},
				"up": {"uv": [6, 9.25, 6.75, 9], "texture": "#iron_sword"},
				"down": {"uv": [15, 9.375, 15.75, 9.625], "texture": "#iron_sword"}
			}
		},
		{
			"name": "Voxels",
			"from": [7.625, -4.25, 7.75],
			"to": [8.375, -4, 7.875],
			"faces": {
				"north": {"uv": [6.75, 9.375, 6, 9.625], "texture": "#iron_sword"},
				"east": {"uv": [16, 10.625, 15.875, 10.875], "texture": "#iron_sword"},
				"south": {"uv": [3, 0, 3.75, 0.25], "texture": "#iron_sword"},
				"west": {"uv": [5, 0, 5.125, 0.25], "texture": "#iron_sword"},
				"up": {"uv": [7, 3.375, 7.75, 3.25], "texture": "#iron_sword"},
				"down": {"uv": [7, 3.125, 7.75, 3.25], "texture": "#iron_sword"}
			}
		},
		{
			"name": "Voxels",
			"from": [7.625, -4.25, 8.125],
			"to": [8.375, -4, 8.25],
			"faces": {
				"north": {"uv": [15, 9.375, 14.25, 9.625], "texture": "#iron_sword"},
				"east": {"uv": [6.75, 8, 6.625, 8.25], "texture": "#iron_sword"},
				"south": {"uv": [12, 9.375, 12.75, 9.625], "texture": "#iron_sword"},
				"west": {"uv": [6.625, 8.75, 6.75, 9], "texture": "#iron_sword"},
				"up": {"uv": [6, 1.625, 6.75, 1.5], "texture": "#iron_sword"},
				"down": {"uv": [6, 1.875, 6.75, 2], "texture": "#iron_sword"}
			}
		},
		{
			"name": "Voxels",
			"from": [7.625, 3, 7.75],
			"to": [8.375, 3.5, 7.875],
			"faces": {
				"north": {"uv": [4.5, 0.25, 3.75, 0.75], "texture": "#iron_sword"},
				"east": {"uv": [5.125, 0.75, 5, 1.25], "texture": "#iron_sword"},
				"south": {"uv": [3, 0.25, 3.75, 0.75], "texture": "#iron_sword"},
				"west": {"uv": [5, 1.25, 5.125, 1.75], "texture": "#iron_sword"},
				"up": {"uv": [6, 1, 6.75, 0.875], "texture": "#iron_sword"},
				"down": {"uv": [6, 1, 6.75, 1.125], "texture": "#iron_sword"}
			}
		},
		{
			"name": "Voxels",
			"from": [7.625, 3, 8.125],
			"to": [8.375, 3.5, 8.25],
			"faces": {
				"north": {"uv": [6.75, 10.375, 6, 10.875], "texture": "#iron_sword"},
				"east": {"uv": [6, 5.25, 5.875, 5.75], "texture": "#iron_sword"},
				"south": {"uv": [5.25, 10.375, 6, 10.875], "texture": "#iron_sword"},
				"west": {"uv": [5.375, 5.5, 5.5, 6], "texture": "#iron_sword"},
				"up": {"uv": [7.125, 2.25, 7.875, 2.125], "texture": "#iron_sword"},
				"down": {"uv": [7.125, 2.25, 7.875, 2.375], "texture": "#iron_sword"}
			}
		},
		{
			"name": "Voxels",
			"from": [7.625, 18.75, 7.875],
			"to": [8.375, 19.5, 8.125],
			"faces": {
				"north": {"uv": [2.25, 1.25, 1.5, 2], "texture": "#iron_sword"},
				"east": {"uv": [2.5, 1.25, 2.25, 2], "texture": "#iron_sword"},
				"south": {"uv": [1.5, 2, 2.25, 2.75], "texture": "#iron_sword"},
				"west": {"uv": [2.25, 2, 2.5, 2.75], "texture": "#iron_sword"},
				"up": {"uv": [4.25, 6.5, 5, 6.25], "texture": "#iron_sword"},
				"down": {"uv": [6.75, 9.375, 7.5, 9.625], "texture": "#iron_sword"}
			}
		},
		{
			"name": "Voxels",
			"from": [7.75, 0.625, 7.875],
			"to": [8.25, 0.75, 8.125],
			"faces": {
				"north": {"uv": [6.75, 2.375, 6.25, 2.5], "texture": "#iron_sword"},
				"east": {"uv": [15.75, 7.625, 15.5, 7.75], "texture": "#iron_sword"},
				"south": {"uv": [15.5, 9.125, 16, 9.25], "texture": "#iron_sword"},
				"west": {"uv": [15.5, 7.75, 15.75, 7.875], "texture": "#iron_sword"},
				"up": {"uv": [15.5, 11.125, 16, 10.875], "texture": "#iron_sword"},
				"down": {"uv": [4.5, 0, 5, 0.25], "texture": "#iron_sword"}
			}
		},
		{
			"name": "Voxels",
			"from": [7.75, 3.5, 7.75],
			"to": [8.25, 4, 7.875],
			"faces": {
				"north": {"uv": [6, 9.375, 5.5, 9.875], "texture": "#iron_sword"},
				"east": {"uv": [5.5, 6, 5.375, 6.5], "texture": "#iron_sword"},
				"south": {"uv": [4.5, 0.25, 5, 0.75], "texture": "#iron_sword"},
				"west": {"uv": [5.375, 6.5, 5.5, 7], "texture": "#iron_sword"},
				"up": {"uv": [15.5, 8.375, 16, 8.25], "texture": "#iron_sword"},
				"down": {"uv": [15.5, 8.375, 16, 8.5], "texture": "#iron_sword"}
			}
		},
		{
			"name": "Voxels",
			"from": [7.75, 3.5, 8.125],
			"to": [8.25, 4, 8.25],
			"faces": {
				"north": {"uv": [6, 8.375, 5.5, 8.875], "texture": "#iron_sword"},
				"east": {"uv": [8.125, 1.375, 8, 1.875], "texture": "#iron_sword"},
				"south": {"uv": [5.5, 8.875, 6, 9.375], "texture": "#iron_sword"},
				"west": {"uv": [5.875, 4.75, 6, 5.25], "texture": "#iron_sword"},
				"up": {"uv": [15.5, 8.125, 16, 8], "texture": "#iron_sword"},
				"down": {"uv": [15.5, 8.125, 16, 8.25], "texture": "#iron_sword"}
			}
		},
		{
			"name": "Voxels",
			"from": [7.75, 19.5, 7.875],
			"to": [8.25, 20, 8.125],
			"faces": {
				"north": {"uv": [14.5, 14.125, 14, 14.625], "texture": "#iron_sword"},
				"east": {"uv": [16, 12.75, 15.75, 13.25], "texture": "#iron_sword"},
				"south": {"uv": [1, 3.75, 1.5, 4.25], "texture": "#iron_sword"},
				"west": {"uv": [15.75, 13.25, 16, 13.75], "texture": "#iron_sword"},
				"up": {"uv": [4.5, 1, 5, 0.75], "texture": "#iron_sword"},
				"down": {"uv": [1, 3.5, 1.5, 3.75], "texture": "#iron_sword"}
			}
		},
		{
			"name": "Voxels",
			"from": [7.875, -4.5, 7.75],
			"to": [8.125, -4.25, 7.875],
			"faces": {
				"north": {"uv": [8.25, 1.125, 8, 1.375], "texture": "#iron_sword"},
				"east": {"uv": [8.5, 7.25, 8.375, 7.5], "texture": "#iron_sword"},
				"south": {"uv": [8, 0.875, 8.25, 1.125], "texture": "#iron_sword"},
				"west": {"uv": [8.25, 0.125, 8.375, 0.375], "texture": "#iron_sword"},
				"up": {"uv": [13.625, 7.625, 13.875, 7.5], "texture": "#iron_sword"},
				"down": {"uv": [13.125, 7.5, 13.375, 7.625], "texture": "#iron_sword"}
			}
		},
		{
			"name": "Voxels",
			"from": [7.875, -4.5, 7.875],
			"to": [8.125, -4.375, 8.25],
			"faces": {
				"north": {"uv": [15.125, 7.5, 14.875, 7.625], "texture": "#iron_sword"},
				"east": {"uv": [8, 4.125, 7.625, 4.25], "texture": "#iron_sword"},
				"south": {"uv": [15.125, 7.5, 15.375, 7.625], "texture": "#iron_sword"},
				"west": {"uv": [7.625, 4.25, 8, 4.375], "texture": "#iron_sword"},
				"up": {"uv": [6.25, 3.625, 6.5, 3.25], "texture": "#iron_sword"},
				"down": {"uv": [6.5, 3.25, 6.75, 3.625], "texture": "#iron_sword"}
			}
		},
		{
			"name": "Voxels",
			"from": [7.875, -4.375, 8.125],
			"to": [8.125, -4.25, 8.25],
			"faces": {
				"north": {"uv": [8.75, 7.375, 8.5, 7.5], "texture": "#iron_sword"},
				"east": {"uv": [8.5, 2.25, 8.375, 2.375], "texture": "#iron_sword"},
				"south": {"uv": [8.75, 7.375, 9, 7.5], "texture": "#iron_sword"},
				"west": {"uv": [8.375, 2.375, 8.5, 2.5], "texture": "#iron_sword"},
				"up": {"uv": [15.625, 7.625, 15.875, 7.5], "texture": "#iron_sword"},
				"down": {"uv": [15.375, 7.5, 15.625, 7.625], "texture": "#iron_sword"}
			}
		},
		{
			"name": "Voxels",
			"from": [7.875, -4.125, 7.875],
			"to": [8.125, 0.625, 8.125],
			"faces": {
				"north": {"uv": [2.5, 2.75, 2.25, 7.5], "texture": "#iron_sword"},
				"east": {"uv": [2.25, 2.75, 2, 7.5], "texture": "#iron_sword"},
				"south": {"uv": [1.5, 2.75, 1.75, 7.5], "texture": "#iron_sword"},
				"west": {"uv": [1.75, 2.75, 2, 7.5], "texture": "#iron_sword"},
				"up": {"uv": [8, 0.375, 8.25, 0.125], "texture": "#iron_sword"},
				"down": {"uv": [8, 0.375, 8.25, 0.625], "texture": "#iron_sword"}
			}
		},
		{
			"name": "Voxels",
			"from": [7.875, 0.75, 7.875],
			"to": [8.5, 1, 8.125],
			"faces": {
				"north": {"uv": [6.625, 8.5, 6, 8.75], "texture": "#iron_sword"},
				"east": {"uv": [8.25, 3.875, 8, 4.125], "texture": "#iron_sword"},
				"south": {"uv": [6, 8.75, 6.625, 9], "texture": "#iron_sword"},
				"west": {"uv": [8, 4.125, 8.25, 4.375], "texture": "#iron_sword"},
				"up": {"uv": [6, 8.5, 6.625, 8.25], "texture": "#iron_sword"},
				"down": {"uv": [6, 8, 6.625, 8.25], "texture": "#iron_sword"}
			}
		},
		{
			"name": "Voxels",
			"from": [7.875, 4, 7.75],
			"to": [8.125, 4.375, 7.875],
			"faces": {
				"north": {"uv": [6.25, 4, 6, 4.375], "texture": "#iron_sword"},
				"east": {"uv": [8.25, 1.5, 8.125, 1.875], "texture": "#iron_sword"},
				"south": {"uv": [6.5, 4.375, 6.75, 4.75], "texture": "#iron_sword"},
				"west": {"uv": [5.375, 5.125, 5.5, 5.5], "texture": "#iron_sword"},
				"up": {"uv": [13.5, 7.5, 13.75, 7.375], "texture": "#iron_sword"},
				"down": {"uv": [13.25, 7.375, 13.5, 7.5], "texture": "#iron_sword"}
			}
		},
		{
			"name": "Voxels",
			"from": [7.875, 4, 8.125],
			"to": [8.125, 4.375, 8.25],
			"faces": {
				"north": {"uv": [6.5, 4.375, 6.25, 4.75], "texture": "#iron_sword"},
				"east": {"uv": [8.375, 6.875, 8.25, 7.25], "texture": "#iron_sword"},
				"south": {"uv": [6, 4.375, 6.25, 4.75], "texture": "#iron_sword"},
				"west": {"uv": [8.25, 7.25, 8.375, 7.625], "texture": "#iron_sword"},
				"up": {"uv": [15.75, 7.5, 16, 7.375], "texture": "#iron_sword"},
				"down": {"uv": [15.5, 7.375, 15.75, 7.5], "texture": "#iron_sword"}
			}
		},
		{
			"name": "Voxels",
			"from": [7.875, 20, 7.875],
			"to": [8.125, 20.375, 8.125],
			"faces": {
				"north": {"uv": [6, 5.75, 5.75, 6.125], "texture": "#iron_sword"},
				"east": {"uv": [10.75, 12.375, 10.5, 12.75], "texture": "#iron_sword"},
				"south": {"uv": [2.75, 0, 3, 0.375], "texture": "#iron_sword"},
				"west": {"uv": [12.25, 12.375, 12.5, 12.75], "texture": "#iron_sword"},
				"up": {"uv": [4.75, 9.5, 5, 9.25], "texture": "#iron_sword"},
				"down": {"uv": [8, 0.625, 8.25, 0.875], "texture": "#iron_sword"}
			}
		},
		{
			"name": "Voxels",
			"from": [8.125, 0.75, 7.75],
			"to": [8.5, 1, 7.875],
			"faces": {
				"north": {"uv": [5, 2.25, 4.625, 2.5], "texture": "#iron_sword"},
				"east": {"uv": [8.5, 5, 8.375, 5.25], "texture": "#iron_sword"},
				"south": {"uv": [6.75, 1.875, 7.125, 2.125], "texture": "#iron_sword"},
				"west": {"uv": [8.375, 5.25, 8.5, 5.5], "texture": "#iron_sword"},
				"up": {"uv": [7.625, 3.75, 8, 3.625], "texture": "#iron_sword"},
				"down": {"uv": [7.625, 3.75, 8, 3.875], "texture": "#iron_sword"}
			}
		},
		{
			"name": "Voxels",
			"from": [8.125, 0.75, 8.125],
			"to": [8.5, 1, 8.25],
			"faces": {
				"north": {"uv": [7.5, 1.875, 7.125, 2.125], "texture": "#iron_sword"},
				"east": {"uv": [8.5, 4.5, 8.375, 4.75], "texture": "#iron_sword"},
				"south": {"uv": [7.5, 1.875, 7.875, 2.125], "texture": "#iron_sword"},
				"west": {"uv": [8.375, 4.75, 8.5, 5], "texture": "#iron_sword"},
				"up": {"uv": [7.625, 3.5, 8, 3.375], "texture": "#iron_sword"},
				"down": {"uv": [7.625, 3.5, 8, 3.625], "texture": "#iron_sword"}
			}
		},
		{
			"name": "Voxels",
			"from": [8.125, 2.375, 7.75],
			"to": [9.375, 2.5, 7.875],
			"faces": {
				"north": {"uv": [15.5, 8.5, 14.25, 8.625], "texture": "#iron_sword"},
				"east": {"uv": [8.75, 6, 8.625, 6.125], "texture": "#iron_sword"},
				"south": {"uv": [13, 8.5, 14.25, 8.625], "texture": "#iron_sword"},
				"west": {"uv": [8.625, 6.125, 8.75, 6.25], "texture": "#iron_sword"},
				"up": {"uv": [6.75, 8.5, 8, 8.375], "texture": "#iron_sword"},
				"down": {"uv": [8, 8.125, 9.25, 8.25], "texture": "#iron_sword"}
			}
		},
		{
			"name": "Voxels",
			"from": [8.125, 2.375, 8.125],
			"to": [9.375, 2.5, 8.25],
			"faces": {
				"north": {"uv": [10.5, 8.625, 9.25, 8.75], "texture": "#iron_sword"},
				"east": {"uv": [8.75, 5.875, 8.625, 6], "texture": "#iron_sword"},
				"south": {"uv": [8, 8.625, 9.25, 8.75], "texture": "#iron_sword"},
				"west": {"uv": [8.625, 6.75, 8.75, 6.875], "texture": "#iron_sword"},
				"up": {"uv": [14.25, 8.25, 15.5, 8.125], "texture": "#iron_sword"},
				"down": {"uv": [10.5, 8.625, 11.75, 8.75], "texture": "#iron_sword"}
			}
		},
		{
			"name": "Voxels",
			"from": [8.125, 2.5, 7.75],
			"to": [8.875, 2.625, 7.875],
			"faces": {
				"north": {"uv": [7.5, 1.375, 6.75, 1.5], "texture": "#iron_sword"},
				"east": {"uv": [8.75, 5.125, 8.625, 5.25], "texture": "#iron_sword"},
				"south": {"uv": [6.75, 1.25, 7.5, 1.375], "texture": "#iron_sword"},
				"west": {"uv": [8.625, 5.25, 8.75, 5.375], "texture": "#iron_sword"},
				"up": {"uv": [6.75, 1.625, 7.5, 1.5], "texture": "#iron_sword"},
				"down": {"uv": [6.75, 1.75, 7.5, 1.875], "texture": "#iron_sword"}
			}
		},
		{
			"name": "Voxels",
			"from": [8.125, 2.5, 8.125],
			"to": [8.875, 2.625, 8.25],
			"faces": {
				"north": {"uv": [5, 6.5, 4.25, 6.625], "texture": "#iron_sword"},
				"east": {"uv": [14.625, 7.625, 14.5, 7.75], "texture": "#iron_sword"},
				"south": {"uv": [4.25, 6.125, 5, 6.25], "texture": "#iron_sword"},
				"west": {"uv": [8.125, 1.375, 8.25, 1.5], "texture": "#iron_sword"},
				"up": {"uv": [4.25, 7, 5, 6.875], "texture": "#iron_sword"},
				"down": {"uv": [4.25, 10.5, 5, 10.625], "texture": "#iron_sword"}
			}
		},
		{
			"name": "Voxels",
			"from": [8.25, -4.125, 7.875],
			"to": [8.5, -3.875, 8.125],
			"faces": {
				"north": {"uv": [8.25, 3.625, 8, 3.875], "texture": "#iron_sword"},
				"east": {"uv": [8.25, 2.875, 8, 3.125], "texture": "#iron_sword"},
				"south": {"uv": [8, 3.375, 8.25, 3.625], "texture": "#iron_sword"},
				"west": {"uv": [8, 3.125, 8.25, 3.375], "texture": "#iron_sword"},
				"up": {"uv": [8, 4.625, 8.25, 4.375], "texture": "#iron_sword"},
				"down": {"uv": [8, 4.625, 8.25, 4.875], "texture": "#iron_sword"}
			}
		},
		{
			"name": "Voxels",
			"from": [8.25, 1, 7.75],
			"to": [8.5, 1.25, 7.875],
			"faces": {
				"north": {"uv": [8.25, 2.625, 8, 2.875], "texture": "#iron_sword"},
				"east": {"uv": [6.75, 6.75, 6.625, 7], "texture": "#iron_sword"},
				"south": {"uv": [8, 2.375, 8.25, 2.625], "texture": "#iron_sword"},
				"west": {"uv": [6.625, 7, 6.75, 7.25], "texture": "#iron_sword"},
				"up": {"uv": [7.75, 6.25, 8, 6.125], "texture": "#iron_sword"},
				"down": {"uv": [7.75, 6.25, 8, 6.375], "texture": "#iron_sword"}
			}
		},
		{
			"name": "Voxels",
			"from": [8.25, 1, 8.125],
			"to": [8.5, 1.25, 8.25],
			"faces": {
				"north": {"uv": [8.25, 2.125, 8, 2.375], "texture": "#iron_sword"},
				"east": {"uv": [6.75, 2.5, 6.625, 2.75], "texture": "#iron_sword"},
				"south": {"uv": [8, 1.875, 8.25, 2.125], "texture": "#iron_sword"},
				"west": {"uv": [6.625, 6.5, 6.75, 6.75], "texture": "#iron_sword"},
				"up": {"uv": [7.75, 5.75, 8, 5.625], "texture": "#iron_sword"},
				"down": {"uv": [7.75, 5.75, 8, 5.875], "texture": "#iron_sword"}
			}
		},
		{
			"name": "Voxels",
			"from": [8.25, 2.25, 7.75],
			"to": [9.75, 2.375, 7.875],
			"faces": {
				"north": {"uv": [14.25, 9.5, 12.75, 9.625], "texture": "#iron_sword"},
				"east": {"uv": [8.5, 3, 8.375, 3.125], "texture": "#iron_sword"},
				"south": {"uv": [10.5, 9.375, 12, 9.5], "texture": "#iron_sword"},
				"west": {"uv": [8.375, 3.125, 8.5, 3.25], "texture": "#iron_sword"},
				"up": {"uv": [6.75, 9.25, 8.25, 9.125], "texture": "#iron_sword"},
				"down": {"uv": [8.25, 9.125, 9.75, 9.25], "texture": "#iron_sword"}
			}
		},
		{
			"name": "Voxels",
			"from": [8.25, 2.25, 8.125],
			"to": [9.75, 2.375, 8.25],
			"faces": {
				"north": {"uv": [9, 9.375, 7.5, 9.5], "texture": "#iron_sword"},
				"east": {"uv": [8.75, 5, 8.625, 5.125], "texture": "#iron_sword"},
				"south": {"uv": [13.75, 9.625, 15.25, 9.75], "texture": "#iron_sword"},
				"west": {"uv": [8.375, 2.125, 8.5, 2.25], "texture": "#iron_sword"},
				"up": {"uv": [9, 9.625, 10.5, 9.5], "texture": "#iron_sword"},
				"down": {"uv": [9, 9.375, 10.5, 9.5], "texture": "#iron_sword"}
			}
		},
		{
			"name": "Voxels",
			"from": [8.375, -3.875, 7.875],
			"to": [8.625, -3.375, 8.125],
			"faces": {
				"north": {"uv": [5.5, 0.25, 5.25, 0.75], "texture": "#iron_sword"},
				"east": {"uv": [6, 3, 5.75, 3.5], "texture": "#iron_sword"},
				"south": {"uv": [5.5, 4.25, 5.75, 4.75], "texture": "#iron_sword"},
				"west": {"uv": [5.75, 4.25, 6, 4.75], "texture": "#iron_sword"},
				"up": {"uv": [8.75, 7.875, 9, 7.625], "texture": "#iron_sword"},
				"down": {"uv": [8.5, 7.625, 8.75, 7.875], "texture": "#iron_sword"}
			}
		},
		{
			"name": "Voxels",
			"from": [8.375, -2.5, 7.875],
			"to": [8.75, -2.375, 8.125],
			"faces": {
				"north": {"uv": [8, 4, 7.625, 4.125], "texture": "#iron_sword"},
				"east": {"uv": [9.875, 7.5, 9.625, 7.625], "texture": "#iron_sword"},
				"south": {"uv": [7.625, 3.875, 8, 4], "texture": "#iron_sword"},
				"west": {"uv": [9.375, 7.5, 9.625, 7.625], "texture": "#iron_sword"},
				"up": {"uv": [4.625, 2.75, 5, 2.5], "texture": "#iron_sword"},
				"down": {"uv": [4.625, 2.75, 5, 3], "texture": "#iron_sword"}
			}
		},
		{
			"name": "Voxels",
			"from": [8.375, -2.375, 7.875],
			"to": [8.625, -1.5, 8.125],
			"faces": {
				"north": {"uv": [5.5, 1.625, 5.25, 2.5], "texture": "#iron_sword"},
				"east": {"uv": [5.75, 6.625, 5.5, 7.5], "texture": "#iron_sword"},
				"south": {"uv": [5.5, 5.75, 5.75, 6.625], "texture": "#iron_sword"},
				"west": {"uv": [5.75, 6.625, 6, 7.5], "texture": "#iron_sword"},
				"up": {"uv": [8, 7.375, 8.25, 7.125], "texture": "#iron_sword"},
				"down": {"uv": [8, 7.375, 8.25, 7.625], "texture": "#iron_sword"}
			}
		},
		{
			"name": "Voxels",
			"from": [8.375, -1.5, 7.875],
			"to": [8.5, 0.75, 8.125],
			"faces": {
				"north": {"uv": [5.25, 3.5, 5.125, 5.75], "texture": "#iron_sword"},
				"east": {"uv": [1.5, 1.125, 1.25, 3.375], "texture": "#iron_sword"},
				"south": {"uv": [5.125, 5.75, 5.25, 8], "texture": "#iron_sword"},
				"west": {"uv": [1, 4.25, 1.25, 6.5], "texture": "#iron_sword"},
				"up": {"uv": [8.25, 1.875, 8.375, 1.625], "texture": "#iron_sword"},
				"down": {"uv": [8.25, 1.875, 8.375, 2.125], "texture": "#iron_sword"}
			}
		},
		{
			"name": "Voxels",
			"from": [8.375, 1.25, 7.75],
			"to": [8.75, 1.375, 7.875],
			"faces": {
				"north": {"uv": [11.125, 7.875, 10.75, 8], "texture": "#iron_sword"},
				"east": {"uv": [8.625, 7, 8.5, 7.125], "texture": "#iron_sword"},
				"south": {"uv": [11.125, 7.875, 11.5, 8], "texture": "#iron_sword"},
				"west": {"uv": [8.5, 7.125, 8.625, 7.25], "texture": "#iron_sword"},
				"up": {"uv": [10.375, 8, 10.75, 7.875], "texture": "#iron_sword"},
				"down": {"uv": [10, 7.875, 10.375, 8], "texture": "#iron_sword"}
			}
		},
		{
			"name": "Voxels",
			"from": [8.375, 1.25, 8.125],
			"to": [8.75, 1.375, 8.25],
			"faces": {
				"north": {"uv": [12.625, 7.875, 12.25, 8], "texture": "#iron_sword"},
				"east": {"uv": [8.625, 5.875, 8.5, 6], "texture": "#iron_sword"},
				"south": {"uv": [12.625, 7.875, 13, 8], "texture": "#iron_sword"},
				"west": {"uv": [8.5, 6.25, 8.625, 6.375], "texture": "#iron_sword"},
				"up": {"uv": [11.875, 8, 12.25, 7.875], "texture": "#iron_sword"},
				"down": {"uv": [11.5, 7.875, 11.875, 8], "texture": "#iron_sword"}
			}
		},
		{
			"name": "Voxels",
			"from": [8.375, 2, 7.75],
			"to": [10, 2.25, 7.875],
			"faces": {
				"north": {"uv": [4.625, 2.5, 3, 2.75], "texture": "#iron_sword"},
				"east": {"uv": [6.75, 7.25, 6.625, 7.5], "texture": "#iron_sword"},
				"south": {"uv": [3, 1.75, 4.625, 2], "texture": "#iron_sword"},
				"west": {"uv": [6.625, 7.5, 6.75, 7.75], "texture": "#iron_sword"},
				"up": {"uv": [6, 9.75, 7.625, 9.625], "texture": "#iron_sword"},
				"down": {"uv": [7.625, 9.625, 9.25, 9.75], "texture": "#iron_sword"}
			}
		},
		{
			"name": "Voxels",
			"from": [8.375, 2, 8.125],
			"to": [10, 2.25, 8.25],
			"faces": {
				"north": {"uv": [4.625, 2.25, 3, 2.5], "texture": "#iron_sword"},
				"east": {"uv": [15, 7.625, 14.875, 7.875], "texture": "#iron_sword"},
				"south": {"uv": [3, 2, 4.625, 2.25], "texture": "#iron_sword"},
				"west": {"uv": [14.75, 7.625, 14.875, 7.875], "texture": "#iron_sword"},
				"up": {"uv": [12.5, 9.875, 14.125, 9.75], "texture": "#iron_sword"},
				"down": {"uv": [14.125, 9.75, 15.75, 9.875], "texture": "#iron_sword"}
			}
		},
		{
			"name": "Voxels",
			"from": [8.5, -4, 7.875],
			"to": [8.625, -3.875, 8.125],
			"faces": {
				"north": {"uv": [8.625, 5.5, 8.5, 5.625], "texture": "#iron_sword"},
				"east": {"uv": [8.875, 7.5, 8.625, 7.625], "texture": "#iron_sword"},
				"south": {"uv": [8.5, 5.125, 8.625, 5.25], "texture": "#iron_sword"},
				"west": {"uv": [8.375, 7.5, 8.625, 7.625], "texture": "#iron_sword"},
				"up": {"uv": [15.375, 7.875, 15.5, 7.625], "texture": "#iron_sword"},
				"down": {"uv": [15, 7.625, 15.125, 7.875], "texture": "#iron_sword"}
			}
		},
		{
			"name": "Voxels",
			"from": [8.5, -3.375, 7.875],
			"to": [9.125, -3.25, 8.125],
			"faces": {
				"north": {"uv": [7.375, 0.625, 6.75, 0.75], "texture": "#iron_sword"},
				"east": {"uv": [2.75, 0, 2.5, 0.125], "texture": "#iron_sword"},
				"south": {"uv": [7.375, 0.625, 8, 0.75], "texture": "#iron_sword"},
				"west": {"uv": [12.125, 7.5, 12.375, 7.625], "texture": "#iron_sword"},
				"up": {"uv": [6, 7.25, 6.625, 7], "texture": "#iron_sword"},
				"down": {"uv": [6, 7.25, 6.625, 7.5], "texture": "#iron_sword"}
			}
		},
		{
			"name": "Voxels",
			"from": [8.5, -2.875, 7.875],
			"to": [8.75, -2.5, 8.125],
			"faces": {
				"north": {"uv": [6.5, 4, 6.25, 4.375], "texture": "#iron_sword"},
				"east": {"uv": [6.5, 3.625, 6.25, 4], "texture": "#iron_sword"},
				"south": {"uv": [6.5, 4, 6.75, 4.375], "texture": "#iron_sword"},
				"west": {"uv": [6, 3.625, 6.25, 4], "texture": "#iron_sword"},
				"up": {"uv": [4.75, 6.125, 5, 5.875], "texture": "#iron_sword"},
				"down": {"uv": [4.75, 7.25, 5, 7.5], "texture": "#iron_sword"}
			}
		},
		{
			"name": "Voxels",
			"from": [8.5, 0.375, 7.875],
			"to": [8.625, 0.75, 8.125],
			"faces": {
				"north": {"uv": [8.375, 4.25, 8.25, 4.625], "texture": "#iron_sword"},
				"east": {"uv": [6.25, 3.25, 6, 3.625], "texture": "#iron_sword"},
				"south": {"uv": [8.25, 3.875, 8.375, 4.25], "texture": "#iron_sword"},
				"west": {"uv": [6.5, 3.625, 6.75, 4], "texture": "#iron_sword"},
				"up": {"uv": [6.625, 8.5, 6.75, 8.25], "texture": "#iron_sword"},
				"down": {"uv": [6.625, 8.5, 6.75, 8.75], "texture": "#iron_sword"}
			}
		},
		{
			"name": "Voxels",
			"from": [8.5, 1.125, 7.75],
			"to": [8.625, 1.25, 7.875],
			"faces": {
				"north": {"uv": [8.625, 4, 8.5, 4.125], "texture": "#iron_sword"},
				"east": {"uv": [8.625, 3.625, 8.5, 3.75], "texture": "#iron_sword"},
				"south": {"uv": [8.5, 3.875, 8.625, 4], "texture": "#iron_sword"},
				"west": {"uv": [8.5, 3.75, 8.625, 3.875], "texture": "#iron_sword"},
				"up": {"uv": [8.5, 4.375, 8.625, 4.25], "texture": "#iron_sword"},
				"down": {"uv": [8.5, 4.375, 8.625, 4.5], "texture": "#iron_sword"}
			}
		},
		{
			"name": "Voxels",
			"from": [8.5, 1.125, 8.125],
			"to": [8.625, 1.25, 8.25],
			"faces": {
				"north": {"uv": [8.625, 3.25, 8.5, 3.375], "texture": "#iron_sword"},
				"east": {"uv": [8.625, 2.875, 8.5, 3], "texture": "#iron_sword"},
				"south": {"uv": [8.5, 3.125, 8.625, 3.25], "texture": "#iron_sword"},
				"west": {"uv": [8.5, 3, 8.625, 3.125], "texture": "#iron_sword"},
				"up": {"uv": [8.5, 3.5, 8.625, 3.375], "texture": "#iron_sword"},
				"down": {"uv": [8.5, 3.5, 8.625, 3.625], "texture": "#iron_sword"}
			}
		},
		{
			"name": "Voxels",
			"from": [8.5, 1.375, 7.75],
			"to": [8.875, 1.5, 7.875],
			"faces": {
				"north": {"uv": [12.75, 7.75, 12.375, 7.875], "texture": "#iron_sword"},
				"east": {"uv": [8.625, 2.375, 8.5, 2.5], "texture": "#iron_sword"},
				"south": {"uv": [12.375, 7.625, 12.75, 7.75], "texture": "#iron_sword"},
				"west": {"uv": [8.5, 2.5, 8.625, 2.625], "texture": "#iron_sword"},
				"up": {"uv": [12, 7.75, 12.375, 7.625], "texture": "#iron_sword"},
				"down": {"uv": [12, 7.75, 12.375, 7.875], "texture": "#iron_sword"}
			}
		},
		{
			"name": "Voxels",
			"from": [8.5, 1.375, 8.125],
			"to": [8.875, 1.5, 8.25],
			"faces": {
				"north": {"uv": [13.5, 7.75, 13.125, 7.875], "texture": "#iron_sword"},
				"east": {"uv": [8.625, 1.625, 8.5, 1.75], "texture": "#iron_sword"},
				"south": {"uv": [13.125, 7.625, 13.5, 7.75], "texture": "#iron_sword"},
				"west": {"uv": [8.5, 2.125, 8.625, 2.25], "texture": "#iron_sword"},
				"up": {"uv": [12.75, 7.75, 13.125, 7.625], "texture": "#iron_sword"},
				"down": {"uv": [12.75, 7.75, 13.125, 7.875], "texture": "#iron_sword"}
			}
		},
		{
			"name": "Voxels",
			"from": [8.5, 1.875, 7.75],
			"to": [9.875, 2, 7.875],
			"faces": {
				"north": {"uv": [10.875, 8.875, 9.5, 9], "texture": "#iron_sword"},
				"east": {"uv": [8.625, 0.875, 8.5, 1], "texture": "#iron_sword"},
				"south": {"uv": [12.25, 9, 13.625, 9.125], "texture": "#iron_sword"},
				"west": {"uv": [8.5, 1, 8.625, 1.125], "texture": "#iron_sword"},
				"up": {"uv": [13.625, 9, 15, 8.875], "texture": "#iron_sword"},
				"down": {"uv": [13.625, 9, 15, 9.125], "texture": "#iron_sword"}
			}
		},
		{
			"name": "Voxels",
			"from": [8.5, 1.875, 8.125],
			"to": [9.875, 2, 8.25],
			"faces": {
				"north": {"uv": [13.625, 8.875, 12.25, 9], "texture": "#iron_sword"},
				"east": {"uv": [8.625, 0.125, 8.5, 0.25], "texture": "#iron_sword"},
				"south": {"uv": [9.5, 9, 10.875, 9.125], "texture": "#iron_sword"},
				"west": {"uv": [8.5, 0.25, 8.625, 0.375], "texture": "#iron_sword"},
				"up": {"uv": [8.125, 9.125, 9.5, 9], "texture": "#iron_sword"},
				"down": {"uv": [8.125, 8.875, 9.5, 9], "texture": "#iron_sword"}
			}
		},
		{
			"name": "Voxels",
			"from": [8.625, -3.5, 7.875],
			"to": [9.125, -3.375, 8.125],
			"faces": {
				"north": {"uv": [16, 8.5, 15.5, 8.625], "texture": "#iron_sword"},
				"east": {"uv": [13.125, 7.5, 12.875, 7.625], "texture": "#iron_sword"},
				"south": {"uv": [15.5, 8.625, 16, 8.75], "texture": "#iron_sword"},
				"west": {"uv": [12.625, 7.5, 12.875, 7.625], "texture": "#iron_sword"},
				"up": {"uv": [5.5, 1.5, 6, 1.25], "texture": "#iron_sword"},
				"down": {"uv": [5.5, 2.75, 6, 3], "texture": "#iron_sword"}
			}
		},
		{
			"name": "Voxels",
			"from": [8.625, -3.25, 7.875],
			"to": [9, -3.125, 8.125],
			"faces": {
				"north": {"uv": [8, 4.875, 7.625, 5], "texture": "#iron_sword"},
				"east": {"uv": [14.375, 7.5, 14.125, 7.625], "texture": "#iron_sword"},
				"south": {"uv": [7.625, 4.625, 8, 4.75], "texture": "#iron_sword"},
				"west": {"uv": [13.875, 7.5, 14.125, 7.625], "texture": "#iron_sword"},
				"up": {"uv": [4.625, 1.5, 5, 1.25], "texture": "#iron_sword"},
				"down": {"uv": [4.625, 1.5, 5, 1.75], "texture": "#iron_sword"}
			}
		},
		{
			"name": "Voxels",
			"from": [8.625, -3.125, 7.875],
			"to": [8.875, -2.875, 8.125],
			"faces": {
				"north": {"uv": [6.25, 0, 6, 0.25], "texture": "#iron_sword"},
				"east": {"uv": [8.25, 7.625, 8, 7.875], "texture": "#iron_sword"},
				"south": {"uv": [7.75, 3, 8, 3.25], "texture": "#iron_sword"},
				"west": {"uv": [7.75, 2.75, 8, 3], "texture": "#iron_sword"},
				"up": {"uv": [6.5, 5, 6.75, 4.75], "texture": "#iron_sword"},
				"down": {"uv": [6.5, 5, 6.75, 5.25], "texture": "#iron_sword"}
			}
		},
		{
			"name": "Voxels",
			"from": [8.625, 1.5, 7.75],
			"to": [9.25, 1.625, 7.875],
			"faces": {
				"north": {"uv": [8, 0.875, 7.375, 1], "texture": "#iron_sword"},
				"east": {"uv": [8.5, 3.25, 8.375, 3.375], "texture": "#iron_sword"},
				"south": {"uv": [7.375, 0.75, 8, 0.875], "texture": "#iron_sword"},
				"west": {"uv": [8.375, 3.375, 8.5, 3.5], "texture": "#iron_sword"},
				"up": {"uv": [6.75, 1.25, 7.375, 1.125], "texture": "#iron_sword"},
				"down": {"uv": [6.75, 0.5, 7.375, 0.625], "texture": "#iron_sword"}
			}
		},
		{
			"name": "Voxels",
			"from": [8.625, 1.5, 8.125],
			"to": [9.25, 1.625, 8.25],
			"faces": {
				"north": {"uv": [8, 0.5, 7.375, 0.625], "texture": "#iron_sword"},
				"east": {"uv": [8.5, 2.5, 8.375, 2.625], "texture": "#iron_sword"},
				"south": {"uv": [7.375, 0.375, 8, 0.5], "texture": "#iron_sword"},
				"west": {"uv": [8.375, 2.625, 8.5, 2.75], "texture": "#iron_sword"},
				"up": {"uv": [6.75, 0.125, 7.375, 0], "texture": "#iron_sword"},
				"down": {"uv": [6.75, 0.75, 7.375, 0.875], "texture": "#iron_sword"}
			}
		},
		{
			"name": "Voxels",
			"from": [8.625, 1.75, 7.75],
			"to": [9.875, 1.875, 7.875],
			"faces": {
				"north": {"uv": [9.25, 8, 8, 8.125], "texture": "#iron_sword"},
				"east": {"uv": [8.5, 1.75, 8.375, 1.875], "texture": "#iron_sword"},
				"south": {"uv": [9.25, 8, 10.5, 8.125], "texture": "#iron_sword"},
				"west": {"uv": [8.375, 1.875, 8.5, 2], "texture": "#iron_sword"},
				"up": {"uv": [11.75, 8.25, 13, 8.125], "texture": "#iron_sword"},
				"down": {"uv": [6.75, 8, 8, 8.125], "texture": "#iron_sword"}
			}
		},
		{
			"name": "Voxels",
			"from": [8.625, 1.75, 8.125],
			"to": [9.875, 1.875, 8.25],
			"faces": {
				"north": {"uv": [14.25, 8, 13, 8.125], "texture": "#iron_sword"},
				"east": {"uv": [8.5, 1, 8.375, 1.125], "texture": "#iron_sword"},
				"south": {"uv": [14.25, 8, 15.5, 8.125], "texture": "#iron_sword"},
				"west": {"uv": [8.375, 1.125, 8.5, 1.25], "texture": "#iron_sword"},
				"up": {"uv": [11.75, 8.125, 13, 8], "texture": "#iron_sword"},
				"down": {"uv": [10.5, 8, 11.75, 8.125], "texture": "#iron_sword"}
			}
		},
		{
			"name": "Voxels",
			"from": [8.75, -3.5, 7.75],
			"to": [9, -3.375, 7.875],
			"faces": {
				"north": {"uv": [10.5, 7.375, 10.25, 7.5], "texture": "#iron_sword"},
				"east": {"uv": [8.5, 0.25, 8.375, 0.375], "texture": "#iron_sword"},
				"south": {"uv": [10.5, 7.375, 10.75, 7.5], "texture": "#iron_sword"},
				"west": {"uv": [8.375, 0.375, 8.5, 0.5], "texture": "#iron_sword"},
				"up": {"uv": [10, 7.5, 10.25, 7.375], "texture": "#iron_sword"},
				"down": {"uv": [9.75, 7.375, 10, 7.5], "texture": "#iron_sword"}
			}
		},
		{
			"name": "Voxels",
			"from": [8.75, -3.5, 8.125],
			"to": [9, -3.375, 8.25],
			"faces": {
				"north": {"uv": [11.5, 7.375, 11.25, 7.5], "texture": "#iron_sword"},
				"east": {"uv": [8.625, 6.75, 8.5, 6.875], "texture": "#iron_sword"},
				"south": {"uv": [11.5, 7.375, 11.75, 7.5], "texture": "#iron_sword"},
				"west": {"uv": [8.5, 6.875, 8.625, 7], "texture": "#iron_sword"},
				"up": {"uv": [11, 7.5, 11.25, 7.375], "texture": "#iron_sword"},
				"down": {"uv": [10.75, 7.375, 11, 7.5], "texture": "#iron_sword"}
			}
		},
		{
			"name": "Voxels",
			"from": [8.75, 1.625, 7.75],
			"to": [9.625, 1.75, 7.875],
			"faces": {
				"north": {"uv": [7.625, 3.75, 6.75, 3.875], "texture": "#iron_sword"},
				"east": {"uv": [8.625, 6, 8.5, 6.125], "texture": "#iron_sword"},
				"south": {"uv": [6.75, 3.625, 7.625, 3.75], "texture": "#iron_sword"},
				"west": {"uv": [8.5, 6.125, 8.625, 6.25], "texture": "#iron_sword"},
				"up": {"uv": [6.75, 4, 7.625, 3.875], "texture": "#iron_sword"},
				"down": {"uv": [6.75, 3.375, 7.625, 3.5], "texture": "#iron_sword"}
			}
		},
		{
			"name": "Voxels",
			"from": [8.75, 1.625, 8.125],
			"to": [9.625, 1.75, 8.25],
			"faces": {
				"north": {"uv": [7.625, 4.5, 6.75, 4.625], "texture": "#iron_sword"},
				"east": {"uv": [8.625, 5.25, 8.5, 5.375], "texture": "#iron_sword"},
				"south": {"uv": [6.75, 4.25, 7.625, 4.375], "texture": "#iron_sword"},
				"west": {"uv": [8.5, 5.375, 8.625, 5.5], "texture": "#iron_sword"},
				"up": {"uv": [6.75, 5, 7.625, 4.875], "texture": "#iron_sword"},
				"down": {"uv": [6.75, 5, 7.625, 5.125], "texture": "#iron_sword"}
			}
		},
		{
			"name": "Voxels",
			"from": [9, -3.625, 7.875],
			"to": [9.125, -3.5, 8.125],
			"faces": {
				"north": {"uv": [8.625, 4.875, 8.5, 5], "texture": "#iron_sword"},
				"east": {"uv": [14.25, 7.375, 14, 7.5], "texture": "#iron_sword"},
				"south": {"uv": [8.5, 4.75, 8.625, 4.875], "texture": "#iron_sword"},
				"west": {"uv": [13.75, 7.375, 14, 7.5], "texture": "#iron_sword"},
				"up": {"uv": [8.375, 5.75, 8.5, 5.5], "texture": "#iron_sword"},
				"down": {"uv": [8.375, 5.75, 8.5, 6], "texture": "#iron_sword"}
			}
		},
		{
			"name": "Voxels",
			"from": [9.25, 1.625, 7.875],
			"to": [9.875, 1.75, 8.125],
			"faces": {
				"north": {"uv": [8, 0, 7.375, 0.125], "texture": "#iron_sword"},
				"east": {"uv": [15.5, 7.375, 15.25, 7.5], "texture": "#iron_sword"},
				"south": {"uv": [8, 7.875, 8.625, 8], "texture": "#iron_sword"},
				"west": {"uv": [15, 7.375, 15.25, 7.5], "texture": "#iron_sword"},
				"up": {"uv": [6, 6.75, 6.625, 6.5], "texture": "#iron_sword"},
				"down": {"uv": [6, 6.75, 6.625, 7], "texture": "#iron_sword"}
			}
		},
		{
			"name": "Voxels",
			"from": [9.25, 2.25, 7.875],
			"to": [10.5, 2.375, 8.125],
			"faces": {
				"north": {"uv": [8, 7.875, 6.75, 8], "texture": "#iron_sword"},
				"east": {"uv": [9.5, 7.25, 9.25, 7.375], "texture": "#iron_sword"},
				"south": {"uv": [6.75, 7.75, 8, 7.875], "texture": "#iron_sword"},
				"west": {"uv": [9, 7.25, 9.25, 7.375], "texture": "#iron_sword"},
				"up": {"uv": [13.375, 10.875, 14.625, 10.625], "texture": "#iron_sword"},
				"down": {"uv": [12.125, 10.625, 13.375, 10.875], "texture": "#iron_sword"}
			}
		},
		{
			"name": "Voxels",
			"from": [9.5, 2.625, 7.875],
			"to": [10.875, 2.75, 8.125],
			"faces": {
				"north": {"uv": [8.125, 9, 6.75, 9.125], "texture": "#iron_sword"},
				"east": {"uv": [11, 7.25, 10.75, 7.375], "texture": "#iron_sword"},
				"south": {"uv": [10.875, 8.875, 12.25, 9], "texture": "#iron_sword"},
				"west": {"uv": [10.5, 7.25, 10.75, 7.375], "texture": "#iron_sword"},
				"up": {"uv": [9.5, 10.875, 10.875, 10.625], "texture": "#iron_sword"},
				"down": {"uv": [8.125, 10.375, 9.5, 10.625], "texture": "#iron_sword"}
			}
		},
		{
			"name": "Voxels",
			"from": [9.625, 1.75, 7.875],
			"to": [10.125, 1.875, 8.125],
			"faces": {
				"north": {"uv": [8, 2.375, 7.5, 2.5], "texture": "#iron_sword"},
				"east": {"uv": [12.25, 7.25, 12, 7.375], "texture": "#iron_sword"},
				"south": {"uv": [7.5, 1.75, 8, 1.875], "texture": "#iron_sword"},
				"west": {"uv": [11.75, 7.25, 12, 7.375], "texture": "#iron_sword"},
				"up": {"uv": [6.25, 6.5, 6.75, 6.25], "texture": "#iron_sword"},
				"down": {"uv": [5.5, 0, 6, 0.25], "texture": "#iron_sword"}
			}
		},
		{
			"name": "Voxels",
			"from": [9.625, 2.125, 7.875],
			"to": [10.375, 2.25, 8.125],
			"faces": {
				"north": {"uv": [7.5, 2.5, 6.75, 2.625], "texture": "#iron_sword"},
				"east": {"uv": [13.75, 7.25, 13.5, 7.375], "texture": "#iron_sword"},
				"south": {"uv": [6.75, 2.375, 7.5, 2.5], "texture": "#iron_sword"},
				"west": {"uv": [13.25, 7.25, 13.5, 7.375], "texture": "#iron_sword"},
				"up": {"uv": [4.25, 6.875, 5, 6.625], "texture": "#iron_sword"},
				"down": {"uv": [4.25, 7, 5, 7.25], "texture": "#iron_sword"}
			}
		},
		{
			"name": "Voxels",
			"from": [9.625, 2.75, 7.875],
			"to": [11, 2.875, 8.125],
			"faces": {
				"north": {"uv": [8.125, 8.75, 6.75, 8.875], "texture": "#iron_sword"},
				"east": {"uv": [14.75, 7.25, 14.5, 7.375], "texture": "#iron_sword"},
				"south": {"uv": [8.125, 8.75, 9.5, 8.875], "texture": "#iron_sword"},
				"west": {"uv": [14.25, 7.25, 14.5, 7.375], "texture": "#iron_sword"},
				"up": {"uv": [6.75, 10.875, 8.125, 10.625], "texture": "#iron_sword"},
				"down": {"uv": [14.125, 10.875, 15.5, 11.125], "texture": "#iron_sword"}
			}
		},
		{
			"name": "Voxels",
			"from": [9.75, 1.875, 7.875],
			"to": [10.25, 2.125, 8.125],
			"faces": {
				"north": {"uv": [6.5, 5, 6, 5.25], "texture": "#iron_sword"},
				"east": {"uv": [9.5, 7.625, 9.25, 7.875], "texture": "#iron_sword"},
				"south": {"uv": [6, 4.75, 6.5, 5], "texture": "#iron_sword"},
				"west": {"uv": [9, 7.625, 9.25, 7.875], "texture": "#iron_sword"},
				"up": {"uv": [6, 5.5, 6.5, 5.25], "texture": "#iron_sword"},
				"down": {"uv": [6, 5.5, 6.5, 5.75], "texture": "#iron_sword"}
			}
		},
		{
			"name": "Voxels",
			"from": [9.75, 2.875, 7.875],
			"to": [10.75, 3, 8.125],
			"faces": {
				"north": {"uv": [7.75, 6.25, 6.75, 6.375], "texture": "#iron_sword"},
				"east": {"uv": [15.25, 7.25, 15, 7.375], "texture": "#iron_sword"},
				"south": {"uv": [6.75, 6, 7.75, 6.125], "texture": "#iron_sword"},
				"west": {"uv": [14.75, 7.25, 15, 7.375], "texture": "#iron_sword"},
				"up": {"uv": [10.5, 10.375, 11.5, 10.125], "texture": "#iron_sword"},
				"down": {"uv": [1.5, 0, 2.5, 0.25], "texture": "#iron_sword"}
			}
		},
		{
			"name": "Voxels",
			"from": [9.875, 3, 7.875],
			"to": [10.125, 3.125, 8.125],
			"faces": {
				"north": {"uv": [15.5, 7.25, 15.25, 7.375], "texture": "#iron_sword"},
				"east": {"uv": [13.625, 7.5, 13.375, 7.625], "texture": "#iron_sword"},
				"south": {"uv": [15.5, 7.25, 15.75, 7.375], "texture": "#iron_sword"},
				"west": {"uv": [15.75, 7.25, 16, 7.375], "texture": "#iron_sword"},
				"up": {"uv": [10.25, 7.875, 10.5, 7.625], "texture": "#iron_sword"},
				"down": {"uv": [10, 7.625, 10.25, 7.875], "texture": "#iron_sword"}
			}
		}
	],
	"display": {
		"thirdperson_righthand": {
			"rotation": [0, -90, 0],
			"translation": [0, 11, 1.4],
			"scale": [1.5, 1.5, 2.4]
		},
		"thirdperson_lefthand": {
			"rotation": [0, -90, 0],
			"translation": [0, 11, 1.4],
			"scale": [1.5, 1.5, 2.4]
		},
		"firstperson_righthand": {
			"rotation": [-3.5, -100, 20],
			"translation": [11, 8.5, -9],
			"scale": [1.5, 1.5, 2]
		},
		"firstperson_lefthand": {
			"rotation": [-60, -80, 20],
			"translation": [2.75, 7, -20],
			"scale": [2.3, 2.7, 2.8]
		},
		"ground": {
			"rotation": [180, 0, 0],
			"translation": [0, 20, 0],
			"scale": [2, 2, 2.8]
		},
		"gui": {
			"rotation": [0, 0, -45],
			"scale": [0.85, 0.85, 0.85]
		},
		"head": {
			"rotation": [180, 0, 0],
			"translation": [0, -18, 8.25]
		},
		"fixed": {
			"translation": [0, 2.5, -3],
			"scale": [1, 1, 2]
		}
	}
}