{
	"credit": "Made with nemo",
	"textures": {
		"12": "blocks/glass_blue",
		"13": "blocks/glass_red",
		"2_11": "blocks/frosted_ice_1"
	},
	"elements": [
		{
			"from": [-3, 21, -7],
			"to": [0, 24, -4],
			"rotation": {"angle": 0, "axis": "y", "origin": [5, 29, 1]},
			"faces": {
				"north": {"uv": [0, 0, 16, 16], "texture": "#13"},
				"east": {"uv": [0, 0, 3, 3], "texture": "#13"},
				"south": {"uv": [0, 0, 3, 3], "texture": "#13"},
				"west": {"uv": [0, 0, 3, 3], "texture": "#13"},
				"up": {"uv": [0, 0, 16, 16], "texture": "#13"},
				"down": {"uv": [0, 0, 3, 3], "texture": "#13"}
			}
		},
		{
			"from": [-12, 10, 0],
			"to": [20, 28, 32],
			"rotation": {"angle": 45, "axis": "y", "origin": [-4, 18, 8]},
			"faces": {
				"north": {"uv": [0, 0, 16, 16], "texture": "#2_11"},
				"east": {"uv": [0, 0, 16, 16], "texture": "#2_11"},
				"south": {"uv": [0, 0, 16, 16], "texture": "#2_11"},
				"west": {"uv": [0, 0, 16, 16], "texture": "#2_11"},
				"up": {"uv": [0, 0, 16, 16], "texture": "#2_11"},
				"down": {"uv": [0, 0, 16, 16], "texture": "#2_11"}
			}
		},
		{
			"from": [2, 0, 0],
			"to": [14, 32, 12],
			"rotation": {"angle": 45, "axis": "y", "origin": [10, 8, 8]},
			"faces": {
				"north": {"uv": [0, 0, 12, 16], "texture": "#2_11"},
				"east": {"uv": [0, 0, 12, 16], "texture": "#2_11"},
				"south": {"uv": [0, 0, 12, 16], "texture": "#2_11"},
				"west": {"uv": [0, 0, 12, 16], "texture": "#2_11"},
				"up": {"uv": [0, 0, 12, 12], "texture": "#2_11"},
				"down": {"uv": [0, 0, 12, 12], "texture": "#2_11"}
			}
		},
		{
			"from": [-4.2, 8, 0],
			"to": [19.8, 32, 17],
			"rotation": {"angle": 0, "axis": "y", "origin": [3.8, 16, 8]},
			"faces": {
				"north": {"uv": [0, 0, 16, 16], "texture": "#12"},
				"east": {"uv": [0, 0, 16, 15], "texture": "#12"},
				"south": {"uv": [0, 0, 16, 15], "texture": "#12"},
				"west": {"uv": [0, 0, 16, 15], "texture": "#12"},
				"up": {"uv": [0, 0, 16, 16], "texture": "#12"},
				"down": {"uv": [0, 0, 16, 16], "texture": "#12"}
			}
		},
		{
			"from": [15, 21, -7],
			"to": [18, 24, -4],
			"rotation": {"angle": 0, "axis": "y", "origin": [23, 29, 1]},
			"faces": {
				"north": {"uv": [0, 0, 16, 16], "texture": "#13"},
				"east": {"uv": [0, 0, 3, 3], "texture": "#13"},
				"south": {"uv": [0, 0, 3, 3], "texture": "#13"},
				"west": {"uv": [0, 0, 3, 3], "texture": "#13"},
				"up": {"uv": [0, 0, 16, 16], "texture": "#13"},
				"down": {"uv": [0, 0, 3, 3], "texture": "#13"}
			}
		},
		{
			"from": [-6, -11, -6],
			"to": [-2, 15, -2],
			"rotation": {"angle": 22.5, "axis": "x", "origin": [2, -3, 2]},
			"faces": {
				"north": {"uv": [0, 0, 16, 16], "texture": "#12"},
				"east": {"uv": [0, 0, 16, 16], "texture": "#12"},
				"south": {"uv": [0, 0, 16, 16], "texture": "#12"},
				"west": {"uv": [0, 0, 16, 16], "texture": "#12"},
				"up": {"uv": [0, 0, 16, 16], "texture": "#12"},
				"down": {"uv": [0, 0, 16, 16], "texture": "#12"}
			}
		},
		{
			"from": [-6, -9, 19],
			"to": [-2, 17, 23],
			"rotation": {"angle": -22.5, "axis": "x", "origin": [2, -1, 27]},
			"faces": {
				"north": {"uv": [0, 0, 16, 16], "texture": "#12"},
				"east": {"uv": [0, 0, 16, 16], "texture": "#12"},
				"south": {"uv": [0, 0, 16, 16], "texture": "#12"},
				"west": {"uv": [0, 0, 16, 16], "texture": "#12"},
				"up": {"uv": [0, 0, 16, 16], "texture": "#12"},
				"down": {"uv": [0, 0, 16, 16], "texture": "#12"}
			}
		},
		{
			"from": [17, -9, 19],
			"to": [21, 17, 23],
			"rotation": {"angle": -22.5, "axis": "x", "origin": [25, -1, 27]},
			"faces": {
				"north": {"uv": [0, 0, 16, 16], "texture": "#12"},
				"east": {"uv": [0, 0, 16, 16], "texture": "#12"},
				"south": {"uv": [0, 0, 16, 16], "texture": "#12"},
				"west": {"uv": [0, 0, 16, 16], "texture": "#12"},
				"up": {"uv": [0, 0, 16, 16], "texture": "#12"},
				"down": {"uv": [0, 0, 16, 16], "texture": "#12"}
			}
		},
		{
			"from": [18, -11, -6],
			"to": [22, 15, -2],
			"rotation": {"angle": 22.5, "axis": "x", "origin": [26, -3, 2]},
			"faces": {
				"north": {"uv": [0, 0, 16, 16], "texture": "#12"},
				"east": {"uv": [0, 0, 16, 16], "texture": "#12"},
				"south": {"uv": [0, 0, 16, 16], "texture": "#12"},
				"west": {"uv": [0, 0, 16, 16], "texture": "#12"},
				"up": {"uv": [0, 0, 16, 16], "texture": "#12"},
				"down": {"uv": [0, 0, 16, 16], "texture": "#12"}
			}
		},
		{
			"from": [27, -11, 6],
			"to": [31, 15, 10],
			"rotation": {"angle": 22.5, "axis": "z", "origin": [35, -3, 14]},
			"faces": {
				"north": {"uv": [0, 0, 16, 16], "texture": "#12"},
				"east": {"uv": [0, 0, 16, 16], "texture": "#12"},
				"south": {"uv": [0, 0, 16, 16], "texture": "#12"},
				"west": {"uv": [0, 0, 16, 16], "texture": "#12"},
				"up": {"uv": [0, 0, 16, 16], "texture": "#12"},
				"down": {"uv": [0, 0, 16, 16], "texture": "#12"}
			}
		},
		{
			"from": [-16, -16, 6],
			"to": [-12, 10, 10],
			"rotation": {"angle": -22.5, "axis": "z", "origin": [-8, -8, 14]},
			"faces": {
				"north": {"uv": [0, 0, 16, 16], "texture": "#12"},
				"east": {"uv": [0, 0, 16, 16], "texture": "#12"},
				"south": {"uv": [0, 0, 16, 16], "texture": "#12"},
				"west": {"uv": [0, 0, 16, 16], "texture": "#12"},
				"up": {"uv": [0, 0, 16, 16], "texture": "#12"},
				"down": {"uv": [0, 0, 16, 16], "texture": "#12"}
			}
		}
	],
	"display": {
		"thirdperson_righthand": {
			"rotation": [0, 90, 0],
			"translation": [0, 5, 1]
		},
		"thirdperson_lefthand": {
			"rotation": [0, 90, 0],
			"translation": [0, 5, 1]
		},
		"firstperson_righthand": {
			"rotation": [0, 100, -15],
			"translation": [2.25, 3.25, 0.75],
			"scale": [0.5, 0.5, 0.5]
		},
		"firstperson_lefthand": {
			"rotation": [0, 100, -15],
			"translation": [1.5, 3.25, 0.75],
			"scale": [0.5, 0.5, 0.5]
		},
		"ground": {
			"translation": [0, 4, 0],
			"scale": [0.5, 0.5, 0.5]
		},
		"gui": {
			"rotation": [0, 0, 45],
			"translation": [1.5, -1.75, 0],
			"scale": [0.45, 0.45, 0.45]
		},
		"head": {
			"translation": [0, -30.5, 0],
			"scale": [1.6, 1.6, 1.6]
		},
		"fixed": {
			"translation": [0, -1, 5],
			"scale": [0.5, 0.5, 0.5]
		}
	},
	"groups": [
		{
			"name": "KURAGE",
			"origin": [5, 4, 1],
			"children": [0, 1, 2, 3, 4]
		}, 5, 6, 7, 8, 9, 10]
}