{
	"credit": "Made with nemo",
	"textures": {
		"1": "skins/nowa",
		"2_6": "blocks/debug",
		"2_7": "blocks/bookshelf",
		"particle": "blocks/bookshelf",
		"2_10": "blocks/glass",
		"2_11": "blocks/frosted_ice_1"
	},
	"elements": [
		{
			"name": "head",
			"from": [4, 18, 10],
			"to": [12, 26, 18],
			"rotation": {"angle": -22.5, "axis": "x", "origin": [8, 2, 14]},
			"faces": {
				"north": {"uv": [2, 2, 4, 4], "texture": "#1"},
				"east": {"uv": [0, 2, 2, 4], "texture": "#1"},
				"south": {"uv": [6, 2, 8, 4], "texture": "#1"},
				"west": {"uv": [4, 2, 6, 4], "texture": "#1"},
				"up": {"uv": [4, 2, 2, 0], "texture": "#1"},
				"down": {"uv": [6, 0, 4, 2], "texture": "#1"}
			}
		},
		{
			"name": "head_2nd_layer",
			"from": [3.5, 17, 9.5],
			"to": [12.5, 26, 18.5],
			"rotation": {"angle": -22.5, "axis": "x", "origin": [8, 2, 14]},
			"faces": {
				"north": {"uv": [10, 2, 12, 4], "texture": "#1"},
				"east": {"uv": [8, 2, 10, 4], "texture": "#1"},
				"south": {"uv": [14, 2, 16, 4], "texture": "#1"},
				"west": {"uv": [12, 2, 14, 4], "texture": "#1"},
				"up": {"uv": [12, 2, 10, 0], "texture": "#1"},
				"down": {"uv": [14, 0, 12, 2], "texture": "#1"}
			}
		},
		{
			"name": "right_arm",
			"from": [17.4, 2, 6],
			"to": [20.4, 14, 10],
			"rotation": {"angle": 22.5, "axis": "z", "origin": [8.4, 0.6, 8.3]},
			"faces": {
				"north": {"uv": [11, 5, 11.75, 8], "texture": "#1"},
				"east": {"uv": [10, 5, 11, 8], "texture": "#1"},
				"south": {"uv": [12.75, 5, 13.5, 8], "texture": "#1"},
				"west": {"uv": [11.75, 5, 12.75, 8], "texture": "#1"},
				"up": {"uv": [11.75, 5, 11, 4], "texture": "#1"},
				"down": {"uv": [12.5, 4, 11.75, 5], "texture": "#1"}
			}
		},
		{
			"name": "right_arm_2nd_layer",
			"from": [16.9, 2, 6],
			"to": [20.9, 15, 11],
			"rotation": {"angle": 22.5, "axis": "z", "origin": [8.4, 0.6, 8.3]},
			"faces": {
				"north": {"uv": [10.75, 9, 11.5, 12], "texture": "#1"},
				"east": {"uv": [10, 9, 11, 12], "texture": "#1"},
				"south": {"uv": [12.75, 9, 13.5, 12], "texture": "#1"},
				"west": {"uv": [11.75, 9, 12.75, 12], "texture": "#1"},
				"up": {"uv": [11.75, 9, 11, 8], "texture": "#1"},
				"down": {"uv": [12.5, 8, 11.75, 9], "texture": "#1"}
			}
		},
		{
			"name": "left_arm",
			"from": [-5, 4.5, 6],
			"to": [-2, 16.5, 10],
			"rotation": {"angle": -22.5, "axis": "z", "origin": [2, 1, 8]},
			"faces": {
				"north": {"uv": [9, 13, 9.75, 16], "texture": "#1"},
				"east": {"uv": [8, 13, 9, 16], "texture": "#1"},
				"south": {"uv": [10.75, 13, 11.5, 16], "texture": "#1"},
				"west": {"uv": [9.75, 13, 10.75, 16], "texture": "#1"},
				"up": {"uv": [9.75, 13, 9, 12], "texture": "#1"},
				"down": {"uv": [10.5, 12, 9.75, 13], "texture": "#1"}
			}
		},
		{
			"name": "left_arm_2nd_layer",
			"from": [-5.5, 4, 5.5],
			"to": [-1.5, 17, 10.5],
			"rotation": {"angle": -22.5, "axis": "z", "origin": [2, 1, 8]},
			"faces": {
				"north": {"uv": [13, 13, 13.75, 16], "texture": "#1"},
				"east": {"uv": [12, 13, 13, 16], "texture": "#1"},
				"south": {"uv": [14.75, 13, 15.5, 16], "texture": "#1"},
				"west": {"uv": [13.75, 13, 14.75, 16], "texture": "#1"},
				"up": {"uv": [13.75, 13, 13, 12], "texture": "#1"},
				"down": {"uv": [14.5, 12, 13.75, 13], "texture": "#1"}
			}
		},
		{
			"name": "right_leg",
			"from": [4, -6.5, 7],
			"to": [8, 5.5, 11],
			"rotation": {"angle": -22.5, "axis": "x", "origin": [8, 2, 9]},
			"faces": {
				"north": {"uv": [5, 13, 6, 16], "texture": "#1"},
				"east": {"uv": [4, 13, 5, 16], "texture": "#1"},
				"south": {"uv": [7, 13, 8, 16], "texture": "#1"},
				"west": {"uv": [6, 13, 7, 16], "texture": "#1"},
				"up": {"uv": [6, 13, 5, 12], "texture": "#1"},
				"down": {"uv": [7, 12, 6, 13], "texture": "#1"}
			}
		},
		{
			"name": "left_leg_2nd_layer",
			"from": [3.5, -7, 6.5],
			"to": [8.5, 6, 11.5],
			"rotation": {"angle": -22.5, "axis": "x", "origin": [8, 2, 9]},
			"faces": {
				"north": {"uv": [1, 13, 2, 16], "texture": "#1"},
				"east": {"uv": [0, 13, 1, 16], "texture": "#1"},
				"south": {"uv": [3, 13, 4, 16], "texture": "#1"},
				"west": {"uv": [2, 13, 3, 16], "texture": "#1"},
				"up": {"uv": [2, 13, 1, 12], "texture": "#1"},
				"down": {"uv": [3, 12, 2, 13], "texture": "#1"}
			}
		},
		{
			"name": "left_leg",
			"from": [8, -6.5, 6],
			"to": [12, 5.5, 10],
			"rotation": {"angle": 22.5, "axis": "x", "origin": [8, 2, 8]},
			"faces": {
				"north": {"uv": [1, 5, 2, 8], "texture": "#1"},
				"east": {"uv": [0, 5, 1, 8], "texture": "#1"},
				"south": {"uv": [3, 5, 4, 8], "texture": "#1"},
				"west": {"uv": [2, 5, 3, 8], "texture": "#1"},
				"up": {"uv": [2, 5, 1, 4], "texture": "#1"},
				"down": {"uv": [3, 4, 2, 5], "texture": "#1"}
			}
		},
		{
			"name": "right_leg_2nd_layer",
			"from": [7.5, -7, 5.5],
			"to": [12.5, 6, 10.5],
			"rotation": {"angle": 22.5, "axis": "x", "origin": [8, 2, 8]},
			"faces": {
				"north": {"uv": [1, 9, 2, 12], "texture": "#1"},
				"east": {"uv": [0, 9, 1, 12], "texture": "#1"},
				"south": {"uv": [3, 9, 4, 12], "texture": "#1"},
				"west": {"uv": [0, 9, 1, 12], "texture": "#1"},
				"up": {"uv": [2, 9, 1, 8], "texture": "#1"},
				"down": {"uv": [3, 8, 2, 9], "texture": "#1"}
			}
		},
		{
			"name": "body",
			"from": [4, 4.5, 6],
			"to": [12, 16.5, 10],
			"rotation": {"angle": 0, "axis": "y", "origin": [8, 1, 8]},
			"faces": {
				"north": {"uv": [5, 5, 7, 8], "texture": "#1"},
				"east": {"uv": [4, 5, 5, 8], "texture": "#1"},
				"south": {"uv": [8, 5, 10, 8], "texture": "#1"},
				"west": {"uv": [7, 5, 8, 8], "texture": "#1"},
				"up": {"uv": [7, 5, 5, 4], "texture": "#1"},
				"down": {"uv": [9, 4, 7, 5], "texture": "#1"}
			}
		},
		{
			"name": "body_2nd_layer",
			"from": [4, 4.02, 5.49],
			"to": [12, 17.03, 10.49],
			"rotation": {"angle": 0, "axis": "y", "origin": [8, 1, 8]},
			"faces": {
				"north": {"uv": [5, 9, 7, 12], "texture": "#1"},
				"east": {"uv": [4, 9, 5, 12], "texture": "#1"},
				"south": {"uv": [8, 9, 10, 12], "texture": "#1"},
				"west": {"uv": [7, 9, 8, 12], "texture": "#1"},
				"up": {"uv": [7, 9, 5, 8], "texture": "#1"},
				"down": {"uv": [9, 8, 7, 9], "texture": "#1"}
			}
		},
		{
			"from": [-2, 18, 16],
			"to": [19, 30, 22],
			"rotation": {"angle": 0, "axis": "y", "origin": [7.5, 27, 19.5]},
			"faces": {
				"north": {"uv": [1, 1, 3, 3], "texture": "#2_10"},
				"east": {"uv": [1, 1, 3, 3], "texture": "#2_10"},
				"south": {"uv": [1, 1, 3, 3], "texture": "#2_10"},
				"west": {"uv": [1, 1, 3, 3], "texture": "#2_10"},
				"up": {"uv": [0, 0, 16, 16], "texture": "#2_10"},
				"down": {"uv": [0, 0, 16, 16], "texture": "#2_10"}
			}
		},
		{
			"from": [-2.5, 19, 15],
			"to": [19.5, 29, 23],
			"rotation": {"angle": 0, "axis": "y", "origin": [7, 28, 18.5]},
			"faces": {
				"north": {"uv": [1, 1, 2, 2], "texture": "#2_10"},
				"east": {"uv": [0, 0, 16, 16], "texture": "#2_10"},
				"south": {"uv": [1, 1, 2, 2], "texture": "#2_10"},
				"west": {"uv": [0, 0, 16, 16], "texture": "#2_10"},
				"up": {"uv": [0, 0, 16, 16], "texture": "#2_10"},
				"down": {"uv": [0, 0, 16, 16], "texture": "#2_10"}
			}
		},
		{
			"from": [-2, 20, 13.5],
			"to": [19, 28, 23.5],
			"rotation": {"angle": 0, "axis": "y", "origin": [7.5, 29, 17]},
			"faces": {
				"north": {"uv": [0, 0, 16, 16], "texture": "#2_10"},
				"east": {"uv": [1, 1, 3, 3], "texture": "#2_10"},
				"south": {"uv": [0, 0, 16, 16], "texture": "#2_10"},
				"west": {"uv": [1, 1, 3, 3], "texture": "#2_10"},
				"up": {"uv": [0, 0, 16, 16], "texture": "#2_10"},
				"down": {"uv": [0, 0, 16, 16], "texture": "#2_10"}
			}
		},
		{
			"from": [3, 20.5, 28.4],
			"to": [4, 21.5, 29.4],
			"rotation": {"angle": -45, "axis": "y", "origin": [11, 13.5, 21.4]},
			"faces": {
				"north": {"uv": [13, 15, 14, 16], "rotation": 90, "texture": "#2_6"},
				"east": {"uv": [13, 15, 14, 16], "rotation": 90, "texture": "#2_6"},
				"south": {"uv": [13, 15, 14, 16], "rotation": 90, "texture": "#2_6"},
				"west": {"uv": [13, 15, 14, 16], "rotation": 270, "texture": "#2_6"},
				"up": {"uv": [13, 15, 14, 16], "texture": "#2_6"},
				"down": {"uv": [13, 15, 14, 16], "rotation": 180, "texture": "#2_6"}
			}
		},
		{
			"from": [14.7, 23.6, 15.2],
			"to": [15.7, 24.6, 16.2],
			"rotation": {"angle": 0, "axis": "x", "origin": [22.7, 16.6, 8.2]},
			"faces": {
				"north": {"uv": [0, 8, 1, 9], "rotation": 90, "texture": "#2_6"},
				"east": {"uv": [0, 8, 1, 9], "rotation": 90, "texture": "#2_6"},
				"south": {"uv": [0, 8, 1, 9], "rotation": 90, "texture": "#2_6"},
				"west": {"uv": [0, 8, 1, 9], "rotation": 270, "texture": "#2_6"},
				"up": {"uv": [0, 8, 1, 9], "texture": "#2_6"},
				"down": {"uv": [0, 8, 1, 9], "rotation": 180, "texture": "#2_6"}
			}
		},
		{
			"from": [6.2, 17.6, 12.9],
			"to": [7.2, 18.6, 13.9],
			"rotation": {"angle": -45, "axis": "x", "origin": [14.2, 25.6, 5.9]},
			"faces": {
				"north": {"uv": [14, 15, 15, 16], "texture": "#2_6"},
				"east": {"uv": [14, 15, 15, 16], "texture": "#2_6"},
				"south": {"uv": [14, 15, 15, 16], "texture": "#2_6"},
				"west": {"uv": [14, 15, 15, 16], "texture": "#2_6"},
				"up": {"uv": [14, 15, 15, 16], "rotation": 270, "texture": "#2_6"},
				"down": {"uv": [14, 15, 15, 16], "rotation": 90, "texture": "#2_6"}
			}
		},
		{
			"from": [22.2, 30.6, 20.9],
			"to": [23.2, 31.6, 21.9],
			"rotation": {"angle": -45, "axis": "z", "origin": [15.2, 38.6, 13.9]},
			"faces": {
				"north": {"uv": [15, 15, 16, 16], "texture": "#2_6"},
				"east": {"uv": [15, 15, 16, 16], "texture": "#2_6"},
				"south": {"uv": [15, 15, 16, 16], "texture": "#2_6"},
				"west": {"uv": [15, 15, 16, 16], "texture": "#2_6"},
				"up": {"uv": [15, 15, 16, 16], "rotation": 180, "texture": "#2_6"},
				"down": {"uv": [15, 15, 16, 16], "rotation": 180, "texture": "#2_6"}
			}
		},
		{
			"from": [12.2, 23.6, 18.9],
			"to": [13.2, 24.6, 19.9],
			"rotation": {"angle": -45, "axis": "z", "origin": [5.2, 31.6, 11.9]},
			"faces": {
				"north": {"uv": [0, 14, 1, 15], "texture": "#2_6"},
				"east": {"uv": [0, 14, 1, 15], "texture": "#2_6"},
				"south": {"uv": [0, 14, 1, 15], "texture": "#2_6"},
				"west": {"uv": [0, 14, 1, 15], "texture": "#2_6"},
				"up": {"uv": [0, 14, 1, 15], "rotation": 180, "texture": "#2_6"},
				"down": {"uv": [0, 14, 1, 15], "rotation": 180, "texture": "#2_6"}
			}
		},
		{
			"from": [0.4, 21.4, 17.9],
			"to": [3.4, 24.4, 20.9],
			"rotation": {"angle": 22.5, "axis": "x", "origin": [8.4, 29.4, 25.9]},
			"faces": {
				"north": {"uv": [7, 15, 8, 16], "texture": "#2_6"},
				"east": {"uv": [7, 15, 8, 16], "texture": "#2_6"},
				"south": {"uv": [7, 15, 8, 16], "texture": "#2_6"},
				"west": {"uv": [7, 15, 8, 16], "texture": "#2_6"},
				"up": {"uv": [7, 15, 8, 16], "texture": "#2_6"},
				"down": {"uv": [7, 15, 8, 16], "texture": "#2_6"}
			}
		},
		{
			"from": [17.2, 20.6, 16.5],
			"to": [19.2, 22.6, 18.5],
			"rotation": {"angle": 22.5, "axis": "y", "origin": [25.2, 28.6, 24.5]},
			"faces": {
				"north": {"uv": [5, 12, 6, 13], "texture": "#2_6"},
				"east": {"uv": [5, 12, 6, 13], "texture": "#2_6"},
				"south": {"uv": [5, 12, 6, 13], "texture": "#2_6"},
				"west": {"uv": [5, 12, 6, 13], "texture": "#2_6"},
				"up": {"uv": [5, 12, 6, 13], "texture": "#2_6"},
				"down": {"uv": [5, 12, 6, 13], "texture": "#2_6"}
			}
		},
		{
			"from": [5.8, 25.1, 19.9],
			"to": [8.3, 27.6, 22.4],
			"rotation": {"angle": 22.5, "axis": "z", "origin": [13.8, 33.1, 27.9]},
			"faces": {
				"north": {"uv": [0, 0, 1, 1], "texture": "#2_6"},
				"east": {"uv": [0, 0, 1, 1], "texture": "#2_6"},
				"south": {"uv": [0, 0, 1, 1], "texture": "#2_6"},
				"west": {"uv": [0, 0, 1, 1], "texture": "#2_6"},
				"up": {"uv": [0, 0, 1, 1], "texture": "#2_6"},
				"down": {"uv": [0, 0, 1, 1], "texture": "#2_6"}
			}
		},
		{
			"from": [7, 17.8, 17],
			"to": [9, 18.1, 19],
			"rotation": {"angle": 0, "axis": "y", "origin": [6.5, 13.8, 16.5]},
			"faces": {
				"north": {"uv": [0, 0, 1.5, 1], "texture": "#2_11"},
				"east": {"uv": [0, 0, 1.5, 1], "texture": "#2_11"},
				"south": {"uv": [0, 0, 1.5, 1], "texture": "#2_11"},
				"west": {"uv": [0, 0, 1.5, 1], "texture": "#2_11"},
				"up": {"uv": [1, 2, 2.5, 3.5], "texture": "#2_11"},
				"down": {"uv": [0, 0, 1.5, 1.5], "texture": "#2_11"}
			}
		},
		{
			"from": [7.4, 1, 18.1],
			"to": [8.4, 12, 19.1],
			"rotation": {"angle": 45, "axis": "y", "origin": [7.2, 11, 18.1]},
			"faces": {
				"north": {"uv": [12, 2, 13, 3], "texture": "#2_7"},
				"east": {"uv": [12, 2, 13, 3], "texture": "#2_7"},
				"south": {"uv": [12, 2, 13, 3], "texture": "#2_7"},
				"west": {"uv": [12, 2, 13, 3], "texture": "#2_7"},
				"up": {"uv": [12, 2, 13, 3], "texture": "#2_7"},
				"down": {"uv": [12, 2, 13, 3], "texture": "#2_7"}
			}
		},
		{
			"from": [7, 29.8, 17],
			"to": [9, 30.1, 19],
			"rotation": {"angle": 0, "axis": "y", "origin": [6.5, 25.8, 16.5]},
			"faces": {
				"north": {"uv": [0, 0, 1.5, 1], "texture": "#2_11"},
				"east": {"uv": [0, 0, 1.5, 1], "texture": "#2_11"},
				"south": {"uv": [0, 0, 1.5, 1], "texture": "#2_11"},
				"west": {"uv": [0, 0, 1.5, 1], "texture": "#2_11"},
				"up": {"uv": [1, 2, 2.5, 3.5], "texture": "#2_11"},
				"down": {"uv": [0, 0, 1.5, 1.5], "texture": "#2_11"}
			}
		},
		{
			"from": [7, -2, 17],
			"to": [9, 1, 19],
			"rotation": {"angle": 0, "axis": "y", "origin": [6.5, -6, 16.5]},
			"faces": {
				"north": {"uv": [0, 0, 1.5, 1], "texture": "#2_11"},
				"east": {"uv": [0, 0, 1.5, 1], "texture": "#2_11"},
				"south": {"uv": [0, 0, 1.5, 1], "texture": "#2_11"},
				"west": {"uv": [0, 0, 1.5, 1], "texture": "#2_11"},
				"up": {"uv": [1, 2, 2.5, 3.5], "texture": "#2_11"},
				"down": {"uv": [0, 0, 1.5, 1.5], "texture": "#2_11"}
			}
		},
		{
			"from": [6, -3, 16],
			"to": [10, -2, 20],
			"rotation": {"angle": 0, "axis": "y", "origin": [5.5, -7, 15.5]},
			"faces": {
				"north": {"uv": [0, 0, 1.5, 1], "texture": "#2_11"},
				"east": {"uv": [0, 0, 1.5, 1], "texture": "#2_11"},
				"south": {"uv": [0, 0, 1.5, 1], "texture": "#2_11"},
				"west": {"uv": [0, 0, 1.5, 1], "texture": "#2_11"},
				"up": {"uv": [1, 2, 2.5, 3.5], "texture": "#2_11"},
				"down": {"uv": [0, 0, 1.5, 1.5], "texture": "#2_11"}
			}
		},
		{
			"from": [6.5, -2, 16.5],
			"to": [9.5, -1, 19.5],
			"rotation": {"angle": 0, "axis": "y", "origin": [6, -6, 16]},
			"faces": {
				"north": {"uv": [0, 0, 1.5, 1], "texture": "#2_11"},
				"east": {"uv": [0, 0, 1.5, 1], "texture": "#2_11"},
				"south": {"uv": [0, 0, 1.5, 1], "texture": "#2_11"},
				"west": {"uv": [0, 0, 1.5, 1], "texture": "#2_11"},
				"up": {"uv": [1, 2, 2.5, 3.5], "texture": "#2_11"},
				"down": {"uv": [0, 0, 1.5, 1.5], "texture": "#2_11"}
			}
		},
		{
			"from": [7.5, 31, 17.5],
			"to": [8.5, 32, 18.5],
			"rotation": {"angle": 0, "axis": "y", "origin": [7, 27, 17]},
			"faces": {
				"north": {"uv": [0, 0, 1.5, 1], "texture": "#2_11"},
				"east": {"uv": [0, 0, 1.5, 1], "texture": "#2_11"},
				"south": {"uv": [0, 0, 1.5, 1], "texture": "#2_11"},
				"west": {"uv": [0, 0, 1.5, 1], "texture": "#2_11"},
				"up": {"uv": [1, 2, 2.5, 3.5], "texture": "#2_11"},
				"down": {"uv": [0, 0, 1.5, 1.5], "texture": "#2_11"}
			}
		},
		{
			"from": [7, -4, 17],
			"to": [9, -3, 19],
			"rotation": {"angle": 0, "axis": "y", "origin": [6.5, -8, 16.5]},
			"faces": {
				"north": {"uv": [0, 0, 1.5, 1], "texture": "#2_11"},
				"east": {"uv": [0, 0, 1.5, 1], "texture": "#2_11"},
				"south": {"uv": [0, 0, 1.5, 1], "texture": "#2_11"},
				"west": {"uv": [0, 0, 1.5, 1], "texture": "#2_11"},
				"up": {"uv": [1, 2, 2.5, 3.5], "texture": "#2_11"},
				"down": {"uv": [0, 0, 1.5, 1.5], "texture": "#2_11"}
			}
		},
		{
			"from": [7, 14, 17],
			"to": [9, 15, 19],
			"rotation": {"angle": 0, "axis": "y", "origin": [6.5, 10, 16.5]},
			"faces": {
				"north": {"uv": [0, 0, 1.5, 1], "texture": "#2_11"},
				"east": {"uv": [0, 0, 1.5, 1], "texture": "#2_11"},
				"south": {"uv": [0, 0, 1.5, 1], "texture": "#2_11"},
				"west": {"uv": [0, 0, 1.5, 1], "texture": "#2_11"},
				"up": {"uv": [1, 2, 2.5, 3.5], "texture": "#2_11"},
				"down": {"uv": [0, 0, 1.5, 1.5], "texture": "#2_11"}
			}
		},
		{
			"from": [6.5, 12, 18.5],
			"to": [8.5, 13, 20.5],
			"rotation": {"angle": 45, "axis": "y", "origin": [5.9, 8, 18]},
			"faces": {
				"north": {"uv": [0, 0, 1.5, 1], "texture": "#2_11"},
				"east": {"uv": [0, 0, 1.5, 1], "texture": "#2_11"},
				"south": {"uv": [0, 0, 1.5, 1], "texture": "#2_11"},
				"west": {"uv": [0, 0, 1.5, 1], "texture": "#2_11"},
				"up": {"uv": [1, 2, 2.5, 3.5], "texture": "#2_11"},
				"down": {"uv": [0, 0, 1.5, 1.5], "texture": "#2_11"}
			}
		},
		{
			"from": [6.5, 16, 18.5],
			"to": [8.5, 17, 20.5],
			"rotation": {"angle": 45, "axis": "y", "origin": [5.9, 12, 18]},
			"faces": {
				"north": {"uv": [0, 0, 1.5, 1], "texture": "#2_11"},
				"east": {"uv": [0, 0, 1.5, 1], "texture": "#2_11"},
				"south": {"uv": [0, 0, 1.5, 1], "texture": "#2_11"},
				"west": {"uv": [0, 0, 1.5, 1], "texture": "#2_11"},
				"up": {"uv": [1, 2, 2.5, 3.5], "texture": "#2_11"},
				"down": {"uv": [0, 0, 1.5, 1.5], "texture": "#2_11"}
			}
		},
		{
			"from": [7, 30.8, 17],
			"to": [9, 31.8, 19],
			"rotation": {"angle": 0, "axis": "y", "origin": [6.5, 26.8, 16.5]},
			"faces": {
				"north": {"uv": [0, 0, 1.5, 1], "texture": "#2_11"},
				"east": {"uv": [0, 0, 1.5, 1], "texture": "#2_11"},
				"south": {"uv": [0, 0, 1.5, 1], "texture": "#2_11"},
				"west": {"uv": [0, 0, 1.5, 1], "texture": "#2_11"},
				"up": {"uv": [1, 2, 2.5, 3.5], "texture": "#2_11"},
				"down": {"uv": [0, 0, 1.5, 1.5], "texture": "#2_11"}
			}
		},
		{
			"from": [7.5, 30, 17.5],
			"to": [8.5, 31, 18.5],
			"rotation": {"angle": 0, "axis": "y", "origin": [7.5, 27, 17.5]},
			"faces": {
				"north": {"uv": [0, 0, 1, 1], "texture": "#2_7"},
				"east": {"uv": [0, 0, 1, 1], "texture": "#2_7"},
				"south": {"uv": [0, 0, 1, 1], "texture": "#2_7"},
				"west": {"uv": [0, 0, 1, 1], "texture": "#2_7"},
				"up": {"uv": [0, 0, 1, 1], "texture": "#2_7"},
				"down": {"uv": [0, 0, 1, 1], "texture": "#2_7"}
			}
		},
		{
			"from": [7.5, 1, 17.5],
			"to": [8.5, 18, 18.5],
			"rotation": {"angle": 0, "axis": "y", "origin": [7.5, 11, 17.5]},
			"faces": {
				"north": {"uv": [0, 0, 1, 16], "texture": "#2_7"},
				"east": {"uv": [0, 0, 1, 16], "texture": "#2_7"},
				"south": {"uv": [0, 0, 1, 16], "texture": "#2_7"},
				"west": {"uv": [0, 0, 1, 16], "texture": "#2_7"},
				"up": {"uv": [0, 0, 1, 1], "texture": "#2_7"},
				"down": {"uv": [0, 0, 1, 1], "texture": "#2_7"}
			}
		}
	],
	"display": {
		"thirdperson_righthand": {
			"rotation": [0, 90, 0],
			"translation": [0, 5, 1]
		},
		"thirdperson_lefthand": {
			"rotation": [0, 90, 0],
			"translation": [0, 5, 1]
		},
		"firstperson_righthand": {
			"rotation": [0, 100, -15],
			"translation": [2.25, 3.25, 0.75],
			"scale": [0.5, 0.5, 0.5]
		},
		"firstperson_lefthand": {
			"rotation": [0, 100, -15],
			"translation": [1.5, 3.25, 0.75],
			"scale": [0.5, 0.5, 0.5]
		},
		"ground": {
			"translation": [0, 4, 0],
			"scale": [0.5, 0.5, 0.5]
		},
		"gui": {
			"rotation": [0, 0, 45],
			"translation": [1.5, -1.75, 0],
			"scale": [0.45, 0.45, 0.45]
		},
		"head": {
			"translation": [0, -30.5, 0],
			"scale": [1.6, 1.6, 1.6]
		},
		"fixed": {
			"translation": [0, -1, 5],
			"scale": [0.5, 0.5, 0.5]
		}
	},
	"groups": [
		{
			"name": "A-type",
			"origin": [8, 8, 8],
			"children": [0, 1,
				{
					"name": "Rh",
					"origin": [8, 8, 8],
					"children": [2, 3]
				},
				{
					"name": "Lh",
					"origin": [8, 8, 8],
					"children": [4, 5]
				},
				{
					"name": "Rl",
					"origin": [8, 8, 8],
					"children": [6, 7]
				},
				{
					"name": "Ll",
					"origin": [8, 8, 8],
					"children": [8, 9]
				},
				{
					"name": "B",
					"origin": [8, 8, 8],
					"children": [10, 11]
				}
			]
		},
		{
			"name": "yakuhitu",
			"origin": [8, 8, 8],
			"children": [12, 13, 14, 15, 16, 17, 18, 19, 20, 21, 22, 23, 24, 25, 26, 27, 28, 29, 30, 31, 32, 33, 34, 35, 36]
		}
	]
}