{
	"credit": "Made with Blockbench",
	"textures": {
		"2": "item/zin",
		"8": "blocks/planks_spruce"
	},
	"elements": [
		{
			"name": "right_arm",
			"from": [17.0096, 0.9296, -7.4656],
			"to": [19.688, 17, -4.7872],
			"rotation": {"angle": 22.5, "axis": "x", "origin": [2, -15.1408, -12]},
			"faces": {
				"north": {"uv": [0, 0, 0, 0], "texture": "#8"},
				"east": {"uv": [6, 0.5, 6.5, 4.5], "texture": "#8"},
				"south": {"uv": [7.5, 0.5, 8, 4.5], "texture": "#8"},
				"west": {"uv": [7, 0.5, 7.5, 4.5], "texture": "#8"},
				"up": {"uv": [7, 0.5, 6.5, 0], "texture": "#8"},
				"down": {"uv": [7.5, 0, 7, 0.5], "texture": "#8"}
			}
		},
		{
			"name": "base",
			"from": [4.2784, 17.8592, 2.8384],
			"to": [12.2784, 18.8592, 8.8384],
			"rotation": {"angle": 0, "axis": "y", "origin": [5, 17.8592, 2]},
			"faces": {
				"north": {"uv": [0, 0, 0, 0], "texture": "#8"},
				"east": {"uv": [0, 1.5, 1.5, 1.75], "texture": "#8"},
				"south": {"uv": [5, 1.5, 7, 1.75], "texture": "#8"},
				"west": {"uv": [3.5, 1.5, 5, 1.75], "texture": "#8"},
				"up": {"uv": [3.5, 1.5, 1.5, 0], "texture": "#8"},
				"down": {"uv": [5.5, 0, 3.5, 1.5], "texture": "#8"}
			}
		},
		{
			"name": "base",
			"from": [4.2784, 7.8592, 2.8384],
			"to": [12.2784, 9.8592, 8.8384],
			"rotation": {"angle": 0, "axis": "y", "origin": [5, 8.8592, 2]},
			"faces": {
				"north": {"uv": [0, 0, 0, 0], "texture": "#8"},
				"east": {"uv": [0, 1.5, 1.5, 1.75], "texture": "#8"},
				"south": {"uv": [5, 1.5, 7, 1.75], "texture": "#8"},
				"west": {"uv": [3.5, 1.5, 5, 1.75], "texture": "#8"},
				"up": {"uv": [3.5, 1.5, 1.5, 0], "texture": "#8"},
				"down": {"uv": [5.5, 0, 3.5, 1.5], "texture": "#8"}
			}
		},
		{
			"name": "base",
			"from": [4.2784, 14.8592, 2.8384],
			"to": [12.2784, 15.8592, 8.8384],
			"rotation": {"angle": 0, "axis": "y", "origin": [5, 14.8592, 2]},
			"faces": {
				"north": {"uv": [0, 0, 0, 0], "texture": "#8"},
				"east": {"uv": [0, 1.5, 1.5, 1.75], "texture": "#8"},
				"south": {"uv": [5, 1.5, 7, 1.75], "texture": "#8"},
				"west": {"uv": [3.5, 1.5, 5, 1.75], "texture": "#8"},
				"up": {"uv": [3.5, 1.5, 1.5, 0], "texture": "#8"},
				"down": {"uv": [5.5, 0, 3.5, 1.5], "texture": "#8"}
			}
		},
		{
			"name": "base",
			"from": [4.2784, 11.8592, 2.8384],
			"to": [12.2784, 12.8592, 8.8384],
			"rotation": {"angle": 0, "axis": "y", "origin": [5, 11.8592, 2]},
			"faces": {
				"north": {"uv": [0, 0, 0, 0], "texture": "#8"},
				"east": {"uv": [0, 1.5, 1.5, 1.75], "texture": "#8"},
				"south": {"uv": [5, 1.5, 7, 1.75], "texture": "#8"},
				"west": {"uv": [3.5, 1.5, 5, 1.75], "texture": "#8"},
				"up": {"uv": [3.5, 1.5, 1.5, 0], "texture": "#8"},
				"down": {"uv": [5.5, 0, 3.5, 1.5], "texture": "#8"}
			}
		},
		{
			"name": "base",
			"from": [0.2784, 20.8592, 1.8384],
			"to": [16.2784, 21.8592, 9.8384],
			"rotation": {"angle": 0, "axis": "y", "origin": [1, 20.8592, 0]},
			"faces": {
				"north": {"uv": [0, 0, 0, 0], "texture": "#8"},
				"east": {"uv": [0, 2, 2, 2.25], "texture": "#8"},
				"south": {"uv": [8, 2, 12, 2.25], "texture": "#8"},
				"west": {"uv": [6, 2, 8, 2.25], "texture": "#8"},
				"up": {"uv": [6, 2, 2, 0], "texture": "#8"},
				"down": {"uv": [10, 0, 6, 2], "texture": "#8"}
			}
		},
		{
			"name": "waist",
			"from": [2.9568, 7.9296, 4.5344],
			"to": [13.6704, 10.608, 7.2128],
			"rotation": {"angle": 0, "axis": "y", "origin": [0, -8.1408, 0]},
			"faces": {
				"north": {"uv": [0, 0, 0, 0], "texture": "#8"},
				"east": {"uv": [0, 12.5, 0.5, 13], "texture": "#8"},
				"south": {"uv": [3.5, 12.5, 6, 13], "texture": "#8"},
				"west": {"uv": [3, 12.5, 3.5, 13], "texture": "#8"},
				"up": {"uv": [3, 12.5, 0.5, 12], "texture": "#8"},
				"down": {"uv": [5.5, 12, 3, 12.5], "texture": "#8"}
			}
		},
		{
			"name": "left",
			"from": [24.6528, 9.608, 4.5344],
			"to": [27.3312, 18.9824, 7.2128],
			"rotation": {"angle": 22.5, "axis": "z", "origin": [15, -9.1408, 0]},
			"faces": {
				"north": {"uv": [0, 0, 0, 0], "texture": "#8"},
				"east": {"uv": [4, 0.5, 4.5, 2.75], "texture": "#8"},
				"south": {"uv": [5.5, 0.5, 6, 2.75], "texture": "#8"},
				"west": {"uv": [5, 0.5, 5.5, 2.75], "texture": "#8"},
				"up": {"uv": [5, 0.5, 4.5, 0], "texture": "#8"},
				"down": {"uv": [5.5, 0, 5, 0.5], "texture": "#8"}
			}
		},
		{
			"name": "right",
			"from": [-9.704, 15.608, 4.5344],
			"to": [-7.0256, 24.9824, 7.2128],
			"rotation": {"angle": -22.5, "axis": "z", "origin": [-14, -3.1408, 0]},
			"faces": {
				"north": {"uv": [0, 0, 0, 0], "texture": "#8"},
				"east": {"uv": [12, 4.5, 12.5, 6.75], "texture": "#8"},
				"south": {"uv": [13.5, 4.5, 14, 6.75], "texture": "#8"},
				"west": {"uv": [13, 4.5, 13.5, 6.75], "texture": "#8"},
				"up": {"uv": [13, 4.5, 12.5, 4], "texture": "#8"},
				"down": {"uv": [13.5, 4, 13, 4.5], "texture": "#8"}
			}
		},
		{
			"name": "right_leg",
			"from": [9.71976, -15.8016, 5.5344],
			"to": [10.71976, 7.9296, 6.5344],
			"rotation": {"angle": 0, "axis": "y", "origin": [0, -8.1408, 1]},
			"faces": {
				"north": {"uv": [0, 0, 0, 0], "texture": "#8"},
				"east": {"uv": [2, 0.25, 2.25, 6], "texture": "#8"},
				"south": {"uv": [2.75, 0.25, 3, 6], "texture": "#8"},
				"west": {"uv": [2.5, 0.25, 2.75, 6], "texture": "#8"},
				"up": {"uv": [2.5, 0.25, 2.25, 0], "texture": "#8"},
				"down": {"uv": [2.75, 0, 2.5, 0.25], "texture": "#8"}
			}
		},
		{
			"name": "left_leg",
			"from": [5.42992, -16, 5.5344],
			"to": [6.42992, 7.9296, 6.5344],
			"shade": false,
			"rotation": {"angle": 0, "axis": "y", "origin": [1, -8.1408, 1]},
			"faces": {
				"north": {"uv": [0, 0, 0, 0], "texture": "#8"},
				"east": {"uv": [10.75, 4.25, 10.5, 10], "texture": "#8"},
				"south": {"uv": [11, 4.25, 10.75, 10], "texture": "#8"},
				"west": {"uv": [10.25, 4.25, 10, 10], "texture": "#8"},
				"up": {"uv": [10.25, 4.25, 10.5, 4], "texture": "#8"},
				"down": {"uv": [10.5, 4, 10.75, 4.25], "texture": "#8"}
			}
		},
		{
			"name": "left_arm",
			"from": [-3.0608, 0.9296, -7.4656],
			"to": [-0.3824, 17, -4.7872],
			"shade": false,
			"rotation": {"angle": 22.5, "axis": "x", "origin": [-2, -15.1408, -12]},
			"faces": {
				"north": {"uv": [0, 0, 0, 0], "texture": "#8"},
				"east": {"uv": [9.5, 4.5, 9, 8.5], "texture": "#8"},
				"south": {"uv": [10, 4.5, 9.5, 8.5], "texture": "#8"},
				"west": {"uv": [8.5, 4.5, 8, 8.5], "texture": "#8"},
				"up": {"uv": [8.5, 4.5, 9, 4], "texture": "#8"},
				"down": {"uv": [9, 4, 9.5, 4.5], "texture": "#8"}
			}
		},
		{
			"name": "body",
			"from": [0.2784, 19.9824, 3.8648],
			"to": [16.3488, 21.9824, 7.8824],
			"rotation": {"angle": 0, "axis": "y", "origin": [0, -8.1408, 0]},
			"faces": {
				"north": {"uv": [0, 0, 0, 0], "texture": "#8"},
				"east": {"uv": [0, 7.5, 1, 8.5], "texture": "#8"},
				"south": {"uv": [6, 7.5, 10, 8.5], "texture": "#8"},
				"west": {"uv": [5, 7.5, 6, 8.5], "texture": "#8"},
				"up": {"uv": [5, 7.5, 1, 6.5], "texture": "#8"},
				"down": {"uv": [9, 6.5, 5, 7.5], "texture": "#8"}
			}
		},
		{
			"name": "head",
			"from": [6.9744, 8.6608, 4.5344],
			"to": [9.6528, 32, 7.2128],
			"rotation": {"angle": 0, "axis": "y", "origin": [0, -8.1408, 0]},
			"faces": {
				"north": {"uv": [0, 0, 4, 16], "texture": "#8"},
				"east": {"uv": [0, 0.5, 0.5, 6.25], "texture": "#8"},
				"south": {"uv": [1.5, 0.5, 2, 6.25], "texture": "#8"},
				"west": {"uv": [1, 0.5, 1.5, 6.25], "texture": "#8"},
				"up": {"uv": [1, 0.5, 0.5, 0], "texture": "#8"},
				"down": {"uv": [1.5, 0, 1, 0.5], "texture": "#8"}
			}
		},
		{
			"from": [0, 5, -15],
			"to": [16, 21, -14.5],
			"rotation": {"angle": 0, "axis": "y", "origin": [8, 13, 8]},
			"faces": {
				"north": {"uv": [0, 0, 16, 16], "texture": "#2"},
				"east": {"uv": [0, 0, 1, 1], "texture": "#2"},
				"south": {"uv": [0, 0, 16, 16], "texture": "#2"},
				"west": {"uv": [0, 0, 1, 1], "texture": "#2"},
				"up": {"uv": [0, 0, 1, 1], "texture": "#2"},
				"down": {"uv": [0, 0, 1, 1], "texture": "#2"}
			}
		},
		{
			"from": [30.5, 5, 0],
			"to": [31, 21, 16],
			"rotation": {"angle": 22.5, "axis": "y", "origin": [8, 13, 8]},
			"faces": {
				"north": {"uv": [0, 0, 1, 1], "texture": "#2"},
				"east": {"uv": [0, 0, 16, 16], "texture": "#2"},
				"south": {"uv": [0, 0, 1, 1], "texture": "#2"},
				"west": {"uv": [0, 0, 16, 16], "texture": "#2"},
				"up": {"uv": [0, 0, 1, 1], "rotation": 90, "texture": "#2"},
				"down": {"uv": [0, 0, 1, 1], "rotation": 270, "texture": "#2"}
			}
		},
		{
			"from": [-15, 5, 0],
			"to": [-14.5, 21, 16],
			"rotation": {"angle": -22.5, "axis": "y", "origin": [8, 13, 8]},
			"faces": {
				"north": {"uv": [0, 0, 1, 1], "texture": "#2"},
				"east": {"uv": [0, 0, 16, 16], "texture": "#2"},
				"south": {"uv": [0, 0, 1, 1], "texture": "#2"},
				"west": {"uv": [0, 0, 16, 16], "texture": "#2"},
				"up": {"uv": [0, 0, 1, 1], "rotation": 270, "texture": "#2"},
				"down": {"uv": [0, 0, 1, 1], "rotation": 90, "texture": "#2"}
			}
		},
		{
			"from": [-15, 5, 0],
			"to": [-14.5, 21, 16],
			"rotation": {"angle": 45, "axis": "y", "origin": [8, 13, 8]},
			"faces": {
				"north": {"uv": [0, 0, 1, 1], "texture": "#2"},
				"east": {"uv": [0, 0, 16, 16], "texture": "#2"},
				"south": {"uv": [0, 0, 1, 1], "texture": "#2"},
				"west": {"uv": [0, 0, 16, 16], "texture": "#2"},
				"up": {"uv": [0, 0, 1, 1], "rotation": 270, "texture": "#2"},
				"down": {"uv": [0, 0, 1, 1], "rotation": 90, "texture": "#2"}
			}
		},
		{
			"from": [30.5, 5, 0],
			"to": [31, 21, 16],
			"rotation": {"angle": -45, "axis": "y", "origin": [8, 13, 8]},
			"faces": {
				"north": {"uv": [0, 0, 1, 1], "texture": "#2"},
				"east": {"uv": [0, 0, 16, 16], "texture": "#2"},
				"south": {"uv": [0, 0, 1, 1], "texture": "#2"},
				"west": {"uv": [0, 0, 16, 16], "texture": "#2"},
				"up": {"uv": [0, 0, 1, 1], "rotation": 90, "texture": "#2"},
				"down": {"uv": [0, 0, 1, 1], "rotation": 270, "texture": "#2"}
			}
		}
	],
	"display": {
		"thirdperson_righthand": {
			"rotation": [1, 0, 0],
			"translation": [-7, 75, 15],
			"scale": [4, 4, 4]
		}
	},
	"groups": [
		{
			"name": "group",
			"origin": [0, 24, 0],
			"children": [
				{
					"name": "right_arm",
					"origin": [-5, 22, 0],
					"children": [0]
				},
				{
					"name": "base",
					"origin": [0, 12, 0],
					"children": [1, 2, 3, 4, 5]
				},
				{
					"name": "waist",
					"origin": [0, 24, 0],
					"children": [6]
				},
				{
					"name": "left",
					"origin": [0, 24, 0],
					"children": [7]
				},
				{
					"name": "right",
					"origin": [0, 24, 0],
					"children": [8]
				},
				{
					"name": "right_leg",
					"origin": [-1.85, 12, 0],
					"children": [9]
				},
				{
					"name": "left_leg",
					"shade": false,
					"origin": [1.85, 12, 0],
					"children": [10]
				},
				{
					"name": "left_arm",
					"shade": false,
					"origin": [5, 22, 0],
					"children": [11]
				},
				{
					"name": "body",
					"origin": [0, 24, 0],
					"children": [12]
				},
				{
					"name": "head",
					"origin": [0, 23, 0],
					"children": [13]
				}
			]
		},
		{
			"name": "group",
			"origin": [8, 13, 8],
			"children": [14, 15, 16, 17, 18]
		}
	]
}