{
	"credit": "Made with Blockbench",
	"textures": {
		"0": "blocks/iron_block",
		"1": "blocks/redstone_block",
		"2": "blocks/anvil_base",
		"particle": "blocks/iron_block"
	},
	"elements": [
		{
			"name": "head",
			"from": [6, 23.5, 5.6],
			"to": [10, 24, 10.6],
			"rotation": {"angle": 0, "axis": "x", "origin": [10, 8, 9.6]},
			"faces": {
				"north": {"uv": [2, 2, 4, 4], "texture": "#2"},
				"east": {"uv": [0, 2, 2, 4], "texture": "#2"},
				"south": {"uv": [6, 2, 8, 4], "texture": "#2"},
				"west": {"uv": [4, 2, 6, 4], "texture": "#2"},
				"up": {"uv": [4, 2, 2, 0], "texture": "#2"},
				"down": {"uv": [6, 0, 4, 2], "texture": "#2"}
			}
		},
		{
			"name": "head",
			"from": [6, 24, 7],
			"to": [10, 29, 11],
			"rotation": {"angle": 0, "axis": "x", "origin": [9, 8, 11]},
			"faces": {
				"north": {"uv": [2, 2, 4, 4], "texture": "#2"},
				"east": {"uv": [0, 2, 2, 4], "texture": "#2"},
				"south": {"uv": [0, 0, 16, 16], "texture": "#2"},
				"west": {"uv": [4, 2, 6, 4], "texture": "#2"},
				"up": {"uv": [16, 16, 0, 0], "texture": "#2"},
				"down": {"uv": [6, 0, 4, 2], "texture": "#2"}
			}
		},
		{
			"name": "head",
			"from": [5.5, 24.5, 5.5],
			"to": [10.5, 28.5, 10.5],
			"rotation": {"angle": 0, "axis": "x", "origin": [8, 9, 10]},
			"faces": {
				"north": {"uv": [0, 0, 16, 16], "texture": "#2"},
				"east": {"uv": [0, 0, 16, 16], "texture": "#2"},
				"south": {"uv": [6, 2, 8, 4], "texture": "#2"},
				"west": {"uv": [0, 0, 16, 16], "texture": "#2"},
				"up": {"uv": [16, 16, 0, 0], "texture": "#2"},
				"down": {"uv": [6, 0, 4, 2], "texture": "#2"}
			}
		},
		{
			"name": "body",
			"from": [5, 12.5, 6],
			"to": [11, 13.5, 10],
			"rotation": {"angle": 0, "axis": "x", "origin": [9, 6, 8]},
			"faces": {
				"north": {"uv": [5, 5, 7, 7.98], "texture": "#2"},
				"east": {"uv": [4, 5, 5, 8], "texture": "#2"},
				"south": {"uv": [8, 5, 10, 8], "texture": "#2"},
				"west": {"uv": [7, 5, 8, 7.98], "texture": "#2"},
				"up": {"uv": [7, 5, 5, 4], "texture": "#2"},
				"down": {"uv": [9, 4, 7, 5], "texture": "#2"}
			}
		},
		{
			"name": "body",
			"from": [4, 19.5, 6],
			"to": [12, 21.5, 11],
			"rotation": {"angle": 0, "axis": "x", "origin": [8, 16, 8]},
			"faces": {
				"north": {"uv": [0, 0, 16, 3.979], "texture": "#2"},
				"east": {"uv": [4, 5, 5, 8], "texture": "#2"},
				"south": {"uv": [8, 5, 10, 8], "texture": "#2"},
				"west": {"uv": [7, 5, 8, 7.98], "texture": "#2"},
				"up": {"uv": [7, 5, 5, 4], "texture": "#2"},
				"down": {"uv": [9, 4, 7, 5], "texture": "#2"}
			}
		},
		{
			"name": "body",
			"from": [6, 17.5, 6.5],
			"to": [10, 22.5, 9.5],
			"rotation": {"angle": 0, "axis": "x", "origin": [10, 14, 9]},
			"faces": {
				"north": {"uv": [0, 0, 16, 15.979], "texture": "#2"},
				"east": {"uv": [4, 5, 5, 8], "texture": "#2"},
				"south": {"uv": [8, 5, 10, 8], "texture": "#2"},
				"west": {"uv": [7, 5, 8, 7.98], "texture": "#2"},
				"up": {"uv": [7, 5, 5, 4], "texture": "#2"},
				"down": {"uv": [9, 4, 7, 5], "texture": "#2"}
			}
		},
		{
			"name": "body",
			"from": [7, 11.5, 7],
			"to": [9, 23.5, 9],
			"rotation": {"angle": 0, "axis": "x", "origin": [11, 8, 9]},
			"faces": {
				"north": {"uv": [0, 0, 16, 15.979], "texture": "#2"},
				"east": {"uv": [4, 5, 5, 8], "texture": "#2"},
				"south": {"uv": [0, 0, 16, 16], "texture": "#2"},
				"west": {"uv": [7, 5, 8, 7.98], "texture": "#2"},
				"up": {"uv": [7, 5, 5, 4], "texture": "#2"},
				"down": {"uv": [9, 4, 7, 5], "texture": "#2"}
			}
		},
		{
			"name": "right_arm",
			"from": [14, 8.5, 4],
			"to": [16, 16.5, 6],
			"rotation": {"angle": 22.5, "axis": "x", "origin": [10, 5, 5]},
			"faces": {
				"north": {"uv": [0, 0, 4, 16], "texture": "#2"},
				"east": {"uv": [10, 5, 11, 8], "texture": "#2"},
				"south": {"uv": [13, 5, 14, 8], "texture": "#2"},
				"west": {"uv": [12, 5, 13, 8], "texture": "#2"},
				"up": {"uv": [12, 5, 11, 4], "texture": "#1"},
				"down": {"uv": [13, 4, 12, 5], "texture": "#2"}
			}
		},
		{
			"name": "right_arm",
			"from": [0, 8.5, 4],
			"to": [2, 16.5, 6],
			"rotation": {"angle": 22.5, "axis": "x", "origin": [-4, 5, 5]},
			"faces": {
				"north": {"uv": [0, 0, 4, 16], "texture": "#2"},
				"east": {"uv": [10, 5, 11, 8], "texture": "#2"},
				"south": {"uv": [13, 5, 14, 8], "texture": "#2"},
				"west": {"uv": [12, 5, 13, 8], "texture": "#2"},
				"up": {"uv": [12, 5, 11, 4], "texture": "#1"},
				"down": {"uv": [13, 4, 12, 5], "texture": "#2"}
			}
		},
		{
			"name": "right_arm",
			"from": [16, 11.5, 8],
			"to": [18, 19.5, 10],
			"rotation": {"angle": 22.5, "axis": "z", "origin": [6, 8, 9]},
			"faces": {
				"north": {"uv": [0, 0, 4, 16], "texture": "#2"},
				"east": {"uv": [10, 5, 11, 8], "texture": "#2"},
				"south": {"uv": [13, 5, 14, 8], "texture": "#2"},
				"west": {"uv": [12, 5, 13, 8], "texture": "#2"},
				"up": {"uv": [12, 5, 11, 4], "texture": "#2"},
				"down": {"uv": [13, 4, 12, 5], "texture": "#1"}
			}
		},
		{
			"name": "left_arm",
			"from": [-2, 13.5, 8],
			"to": [0, 21.5, 10],
			"rotation": {"angle": -22.5, "axis": "z", "origin": [6, 10, 10]},
			"faces": {
				"north": {"uv": [0, 0, 4, 16], "texture": "#2"},
				"east": {"uv": [8, 13, 9, 16], "texture": "#2"},
				"south": {"uv": [11, 13, 12, 16], "texture": "#2"},
				"west": {"uv": [10, 13, 11, 16], "texture": "#2"},
				"up": {"uv": [10, 13, 9, 12], "texture": "#2"},
				"down": {"uv": [11, 12, 10, 13], "texture": "#1"}
			}
		},
		{
			"name": "right_leg",
			"from": [9, -0.5, 6],
			"to": [11, 6.5, 8],
			"rotation": {"angle": -22.5, "axis": "x", "origin": [9, 8, 8]},
			"faces": {
				"north": {"uv": [0, 0, 16, 16], "texture": "#2"},
				"east": {"uv": [0, 5, 1, 8], "texture": "#2"},
				"south": {"uv": [0, 0, 16, 16], "texture": "#2"},
				"west": {"uv": [2, 5, 3, 8], "texture": "#2"},
				"up": {"uv": [2, 5, 1, 4], "texture": "#2"},
				"down": {"uv": [3, 4, 2, 5], "texture": "#2"}
			}
		},
		{
			"name": "right_leg",
			"from": [5, -0.5, 6],
			"to": [7, 6.5, 8],
			"rotation": {"angle": -22.5, "axis": "x", "origin": [5, 8, 8]},
			"faces": {
				"north": {"uv": [0, 0, 16, 16], "texture": "#2"},
				"east": {"uv": [0, 5, 1, 8], "texture": "#2"},
				"south": {"uv": [0, 0, 16, 16], "texture": "#2"},
				"west": {"uv": [2, 5, 3, 8], "texture": "#2"},
				"up": {"uv": [2, 5, 1, 4], "texture": "#2"},
				"down": {"uv": [3, 4, 2, 5], "texture": "#2"}
			}
		},
		{
			"name": "right_leg",
			"from": [9, 4.5, 9],
			"to": [11, 10.5, 11],
			"rotation": {"angle": 22.5, "axis": "x", "origin": [9, 13, 11]},
			"faces": {
				"north": {"uv": [0, 0, 16, 16], "texture": "#2"},
				"east": {"uv": [0, 5, 1, 8], "texture": "#2"},
				"south": {"uv": [3, 5, 4, 8], "texture": "#2"},
				"west": {"uv": [2, 5, 3, 8], "texture": "#2"},
				"up": {"uv": [2, 5, 1, 4], "texture": "#2"},
				"down": {"uv": [3, 4, 2, 5], "texture": "#1"}
			}
		},
		{
			"name": "right_leg",
			"from": [5, 4.5, 9],
			"to": [7, 10.5, 11],
			"rotation": {"angle": 22.5, "axis": "x", "origin": [5, 13, 11]},
			"faces": {
				"north": {"uv": [0, 0, 16, 16], "texture": "#2"},
				"east": {"uv": [0, 5, 1, 8], "texture": "#2"},
				"south": {"uv": [3, 5, 4, 8], "texture": "#2"},
				"west": {"uv": [2, 5, 3, 8], "texture": "#2"},
				"up": {"uv": [2, 5, 1, 4], "texture": "#2"},
				"down": {"uv": [3, 4, 2, 5], "texture": "#1"}
			}
		},
		{
			"from": [6.2, 25.5, 4.5],
			"to": [7.2, 26.5, 5.5],
			"rotation": {"angle": 0, "axis": "y", "origin": [14.2, 34, 13]},
			"faces": {
				"north": {"uv": [0, 0, 16, 16], "texture": "#1"},
				"east": {"uv": [0, 0, 1, 1], "texture": "#0"},
				"south": {"uv": [0, 0, 1, 1], "texture": "#2"},
				"west": {"uv": [0, 0, 1, 1], "texture": "#0"},
				"up": {"uv": [0, 0, 1, 1], "texture": "#2"},
				"down": {"uv": [0, 0, 1, 1], "texture": "#2"}
			}
		},
		{
			"from": [8.8, 25.5, 4.5],
			"to": [9.8, 26.5, 5.5],
			"rotation": {"angle": 0, "axis": "y", "origin": [16.8, 34, 13]},
			"faces": {
				"north": {"uv": [0, 0, 16, 16], "texture": "#1"},
				"east": {"uv": [0, 0, 1, 1], "texture": "#0"},
				"south": {"uv": [0, 0, 1, 1], "texture": "#2"},
				"west": {"uv": [0, 0, 1, 1], "texture": "#0"},
				"up": {"uv": [0, 0, 1, 1], "texture": "#2"},
				"down": {"uv": [0, 0, 1, 1], "texture": "#2"}
			}
		},
		{
			"from": [5, 0, 8],
			"to": [7, 0.5, 11],
			"rotation": {"angle": 0, "axis": "y", "origin": [13, 8, 16]},
			"faces": {
				"north": {"uv": [0, 0, 2, 0.5], "texture": "#2"},
				"east": {"uv": [0, 0, 3, 0.5], "texture": "#2"},
				"south": {"uv": [0, 0, 2, 0.5], "texture": "#2"},
				"west": {"uv": [0, 0, 3, 0.5], "texture": "#2"},
				"up": {"uv": [0, 0, 2, 3], "texture": "#2"},
				"down": {"uv": [0, 0, 2, 3], "texture": "#2"}
			}
		},
		{
			"from": [9, 0, 8],
			"to": [11, 0.5, 11],
			"rotation": {"angle": 0, "axis": "y", "origin": [17, 8, 16]},
			"faces": {
				"north": {"uv": [0, 0, 2, 0.5], "texture": "#2"},
				"east": {"uv": [0, 0, 3, 0.5], "texture": "#2"},
				"south": {"uv": [0, 0, 2, 0.5], "texture": "#2"},
				"west": {"uv": [0, 0, 3, 0.5], "texture": "#2"},
				"up": {"uv": [0, 0, 2, 3], "texture": "#2"},
				"down": {"uv": [0, 0, 2, 3], "texture": "#2"}
			}
		},
		{
			"from": [9, 11, 7],
			"to": [11, 11.5, 10],
			"rotation": {"angle": 0, "axis": "y", "origin": [17, 19, 15]},
			"faces": {
				"north": {"uv": [0, 0, 2, 0.5], "texture": "#2"},
				"east": {"uv": [0, 0, 3, 0.5], "texture": "#2"},
				"south": {"uv": [0, 0, 2, 0.5], "texture": "#2"},
				"west": {"uv": [0, 0, 3, 0.5], "texture": "#2"},
				"up": {"uv": [0, 0, 2, 3], "texture": "#2"},
				"down": {"uv": [0, 0, 2, 3], "texture": "#2"}
			}
		},
		{
			"from": [5, 11, 7],
			"to": [7, 11.5, 10],
			"rotation": {"angle": 0, "axis": "y", "origin": [13, 19, 15]},
			"faces": {
				"north": {"uv": [0, 0, 2, 0.5], "texture": "#2"},
				"east": {"uv": [0, 0, 3, 0.5], "texture": "#2"},
				"south": {"uv": [0, 0, 2, 0.5], "texture": "#2"},
				"west": {"uv": [0, 0, 3, 0.5], "texture": "#2"},
				"up": {"uv": [0, 0, 2, 3], "texture": "#2"},
				"down": {"uv": [0, 0, 2, 3], "texture": "#2"}
			}
		},
		{
			"from": [4.5, 18, 7],
			"to": [5.5, 19.5, 8],
			"rotation": {"angle": 0, "axis": "y", "origin": [12, 26, 15]},
			"faces": {
				"north": {"uv": [0, 0, 1, 1.5], "texture": "#2"},
				"east": {"uv": [0, 0, 1, 1.5], "texture": "#2"},
				"south": {"uv": [0, 0, 1, 1.5], "texture": "#2"},
				"west": {"uv": [0, 0, 1, 1.5], "texture": "#2"},
				"up": {"uv": [0, 0, 1, 1], "texture": "#2"},
				"down": {"uv": [0, 0, 1, 1], "texture": "#2"}
			}
		},
		{
			"from": [5, 14, 7.2],
			"to": [5.5, 18, 7.7],
			"rotation": {"angle": 0, "axis": "y", "origin": [12, 22, 15]},
			"faces": {
				"north": {"uv": [0, 0, 0.5, 4], "texture": "#0"},
				"east": {"uv": [0, 0, 0.5, 4], "texture": "#0"},
				"south": {"uv": [0, 0, 0.5, 4], "texture": "#0"},
				"west": {"uv": [0, 0, 0.5, 4], "texture": "#0"},
				"up": {"uv": [0, 0, 0.5, 0.5], "texture": "#2"},
				"down": {"uv": [0, 0, 0.5, 0.5], "texture": "#2"}
			}
		},
		{
			"from": [5, 20, 9.2],
			"to": [5.5, 24, 9.7],
			"rotation": {"angle": 22.5, "axis": "x", "origin": [12, 28, 17]},
			"faces": {
				"north": {"uv": [0, 0, 0.5, 4], "texture": "#2"},
				"east": {"uv": [0, 0, 0.5, 4], "texture": "#2"},
				"south": {"uv": [0, 0, 0.5, 4], "texture": "#2"},
				"west": {"uv": [0, 0, 0.5, 4], "texture": "#2"},
				"up": {"uv": [0, 0, 0.5, 0.5], "texture": "#2"},
				"down": {"uv": [0, 0, 0.5, 0.5], "texture": "#2"}
			}
		},
		{
			"from": [10.5, 20, 9.2],
			"to": [11, 24, 9.7],
			"rotation": {"angle": 22.5, "axis": "x", "origin": [17, 28, 17]},
			"faces": {
				"north": {"uv": [0, 0, 0.5, 4], "texture": "#2"},
				"east": {"uv": [0, 0, 0.5, 4], "texture": "#2"},
				"south": {"uv": [0, 0, 0.5, 4], "texture": "#2"},
				"west": {"uv": [0, 0, 0.5, 4], "texture": "#2"},
				"up": {"uv": [0, 0, 0.5, 0.5], "texture": "#2"},
				"down": {"uv": [0, 0, 0.5, 0.5], "texture": "#2"}
			}
		},
		{
			"from": [6, 22.5, 7],
			"to": [6.5, 26.5, 7.5],
			"rotation": {"angle": 45, "axis": "z", "origin": [13, 30, 17]},
			"faces": {
				"north": {"uv": [0, 0, 0.5, 4], "texture": "#0"},
				"east": {"uv": [0, 0, 0.5, 4], "texture": "#0"},
				"south": {"uv": [0, 0, 0.5, 4], "texture": "#0"},
				"west": {"uv": [0, 0, 0.5, 4], "texture": "#0"},
				"up": {"uv": [0, 0, 0.5, 0.5], "texture": "#2"},
				"down": {"uv": [0, 0, 0.5, 0.5], "texture": "#2"}
			}
		},
		{
			"from": [7, 12, 7],
			"to": [7.5, 16, 7.5],
			"rotation": {"angle": -45, "axis": "z", "origin": [14, 22, 17]},
			"faces": {
				"north": {"uv": [0, 0, 0.5, 4], "texture": "#0"},
				"east": {"uv": [0, 0, 0.5, 4], "texture": "#0"},
				"south": {"uv": [0, 0, 0.5, 4], "texture": "#0"},
				"west": {"uv": [0, 0, 0.5, 4], "texture": "#0"},
				"up": {"uv": [0, 0, 0.5, 0.5], "texture": "#2"},
				"down": {"uv": [0, 0, 0.5, 0.5], "texture": "#2"}
			}
		},
		{
			"from": [10.5, 14, 7.2],
			"to": [11, 18, 7.7],
			"rotation": {"angle": 0, "axis": "y", "origin": [17, 22, 15]},
			"faces": {
				"north": {"uv": [0, 0, 0.5, 4], "texture": "#0"},
				"east": {"uv": [0, 0, 0.5, 4], "texture": "#0"},
				"south": {"uv": [0, 0, 0.5, 4], "texture": "#0"},
				"west": {"uv": [0, 0, 0.5, 4], "texture": "#0"},
				"up": {"uv": [0, 0, 0.5, 0.5], "texture": "#2"},
				"down": {"uv": [0, 0, 0.5, 0.5], "texture": "#2"}
			}
		},
		{
			"from": [10.5, 18, 7],
			"to": [11.5, 19.5, 8],
			"rotation": {"angle": 0, "axis": "y", "origin": [18, 26, 15]},
			"faces": {
				"north": {"uv": [0, 0, 1, 1.5], "texture": "#2"},
				"east": {"uv": [0, 0, 1, 1.5], "texture": "#2"},
				"south": {"uv": [0, 0, 1, 1.5], "texture": "#2"},
				"west": {"uv": [0, 0, 1, 1.5], "texture": "#2"},
				"up": {"uv": [0, 0, 1, 1], "texture": "#2"},
				"down": {"uv": [0, 0, 1, 1], "texture": "#2"}
			}
		},
		{
			"from": [6.5, 24, 6],
			"to": [6.8, 24.5, 6.3],
			"rotation": {"angle": 0, "axis": "y", "origin": [14, 32, 14]},
			"faces": {
				"north": {"uv": [1, 1, 2.299, 2], "texture": "#0"},
				"east": {"uv": [0, 0, 0.3, 0.5], "texture": "#0"},
				"south": {"uv": [0, 0, 0.3, 0.5], "texture": "#0"},
				"west": {"uv": [0, 0, 0.3, 0.5], "texture": "#0"},
				"up": {"uv": [0, 0, 0.3, 0.3], "texture": "#0"},
				"down": {"uv": [0, 0, 0.3, 0.3], "texture": "#0"}
			}
		},
		{
			"from": [9.5, 24, 6],
			"to": [9.8, 24.5, 6.3],
			"rotation": {"angle": 0, "axis": "y", "origin": [17, 32, 14]},
			"faces": {
				"north": {"uv": [1, 1, 2.299, 2], "texture": "#0"},
				"east": {"uv": [0, 0, 0.3, 0.5], "texture": "#0"},
				"south": {"uv": [0, 0, 0.3, 0.5], "texture": "#0"},
				"west": {"uv": [0, 0, 0.3, 0.5], "texture": "#0"},
				"up": {"uv": [0, 0, 0.3, 0.3], "texture": "#0"},
				"down": {"uv": [0, 0, 0.3, 0.3], "texture": "#0"}
			}
		},
		{
			"from": [7.5, 24, 6],
			"to": [7.8, 24.5, 6.3],
			"rotation": {"angle": 0, "axis": "y", "origin": [15, 32, 14]},
			"faces": {
				"north": {"uv": [1, 1, 2.299, 2], "texture": "#0"},
				"east": {"uv": [0, 0, 0.3, 0.5], "texture": "#0"},
				"south": {"uv": [0, 0, 0.3, 0.5], "texture": "#0"},
				"west": {"uv": [0, 0, 0.3, 0.5], "texture": "#0"},
				"up": {"uv": [0, 0, 0.3, 0.3], "texture": "#0"},
				"down": {"uv": [0, 0, 0.3, 0.3], "texture": "#0"}
			}
		},
		{
			"from": [8.5, 24, 6],
			"to": [8.8, 24.5, 6.3],
			"rotation": {"angle": 0, "axis": "y", "origin": [16, 32, 14]},
			"faces": {
				"north": {"uv": [1, 1, 2.299, 2], "texture": "#0"},
				"east": {"uv": [0, 0, 0.3, 0.5], "texture": "#0"},
				"south": {"uv": [0, 0, 0.3, 0.5], "texture": "#0"},
				"west": {"uv": [0, 0, 0.3, 0.5], "texture": "#0"},
				"up": {"uv": [0, 0, 0.3, 0.3], "texture": "#0"},
				"down": {"uv": [0, 0, 0.3, 0.3], "texture": "#0"}
			}
		},
		{
			"from": [9, 24, 6],
			"to": [9.3, 24.5, 6.3],
			"rotation": {"angle": 0, "axis": "y", "origin": [16, 32, 14]},
			"faces": {
				"north": {"uv": [1, 1, 2.299, 2], "texture": "#0"},
				"east": {"uv": [0, 0, 0.3, 0.5], "texture": "#0"},
				"south": {"uv": [0, 0, 0.3, 0.5], "texture": "#0"},
				"west": {"uv": [0, 0, 0.3, 0.5], "texture": "#0"},
				"up": {"uv": [0, 0, 0.3, 0.3], "texture": "#0"},
				"down": {"uv": [0, 0, 0.3, 0.3], "texture": "#0"}
			}
		},
		{
			"from": [6, 24, 6],
			"to": [6.3, 24.5, 6.3],
			"rotation": {"angle": 0, "axis": "y", "origin": [14, 32, 14]},
			"faces": {
				"north": {"uv": [1, 1, 2.299, 2], "texture": "#0"},
				"east": {"uv": [0, 0, 0.3, 0.5], "texture": "#0"},
				"south": {"uv": [0, 0, 0.3, 0.5], "texture": "#0"},
				"west": {"uv": [0, 0, 0.3, 0.5], "texture": "#0"},
				"up": {"uv": [0, 0, 0.3, 0.3], "texture": "#0"},
				"down": {"uv": [0, 0, 0.3, 0.3], "texture": "#0"}
			}
		},
		{
			"from": [7, 24, 6],
			"to": [7.3, 24.5, 6.3],
			"rotation": {"angle": 0, "axis": "y", "origin": [15, 32, 14]},
			"faces": {
				"north": {"uv": [1, 1, 2.299, 2], "texture": "#0"},
				"east": {"uv": [0, 0, 0.3, 0.5], "texture": "#0"},
				"south": {"uv": [0, 0, 0.3, 0.5], "texture": "#0"},
				"west": {"uv": [0, 0, 0.3, 0.5], "texture": "#0"},
				"up": {"uv": [0, 0, 0.3, 0.3], "texture": "#0"},
				"down": {"uv": [0, 0, 0.3, 0.3], "texture": "#0"}
			}
		},
		{
			"from": [8, 24, 6],
			"to": [8.3, 24.5, 6.3],
			"rotation": {"angle": 0, "axis": "y", "origin": [16, 32, 14]},
			"faces": {
				"north": {"uv": [1, 1, 2.299, 2], "texture": "#0"},
				"east": {"uv": [0, 0, 0.3, 0.5], "texture": "#0"},
				"south": {"uv": [0, 0, 0.3, 0.5], "texture": "#0"},
				"west": {"uv": [0, 0, 0.3, 0.5], "texture": "#0"},
				"up": {"uv": [0, 0, 0.3, 0.3], "texture": "#0"},
				"down": {"uv": [0, 0, 0.3, 0.3], "texture": "#0"}
			}
		},
		{
			"from": [8, 24, 6],
			"to": [8.3, 24.5, 6.3],
			"rotation": {"angle": 0, "axis": "y", "origin": [16, 32, 14]},
			"faces": {
				"north": {"uv": [1, 1, 2.299, 2], "texture": "#0"},
				"east": {"uv": [0, 0, 0.3, 0.5], "texture": "#0"},
				"south": {"uv": [0, 0, 0.3, 0.5], "texture": "#0"},
				"west": {"uv": [0, 0, 0.3, 0.5], "texture": "#0"},
				"up": {"uv": [0, 0, 0.3, 0.3], "texture": "#0"},
				"down": {"uv": [0, 0, 0.3, 0.3], "texture": "#0"}
			}
		},
		{
			"from": [6, 26, 4.7],
			"to": [10, 28, 6.7],
			"rotation": {"angle": 0, "axis": "y", "origin": [14, 34, 12.7]},
			"faces": {
				"north": {"uv": [1, 1, 2.299, 2], "texture": "#2"},
				"east": {"uv": [0, 0, 0.3, 0.5], "texture": "#2"},
				"south": {"uv": [0, 0, 0.3, 0.5], "texture": "#2"},
				"west": {"uv": [0, 0, 0.3, 0.5], "texture": "#2"},
				"up": {"uv": [0, 0, 0.3, 0.3], "texture": "#2"},
				"down": {"uv": [0, 0, 0.3, 0.3], "texture": "#2"}
			}
		},
		{
			"from": [7, 24.8, 5],
			"to": [9, 26.8, 7],
			"rotation": {"angle": 0, "axis": "y", "origin": [15, 32.8, 13]},
			"faces": {
				"north": {"uv": [1, 1, 2.299, 2], "texture": "#2"},
				"east": {"uv": [0, 0, 0.3, 0.5], "texture": "#2"},
				"south": {"uv": [0, 0, 0.3, 0.5], "texture": "#2"},
				"west": {"uv": [0, 0, 0.3, 0.5], "texture": "#2"},
				"up": {"uv": [0, 0, 0.3, 0.3], "texture": "#2"},
				"down": {"uv": [0, 0, 0.3, 0.3], "texture": "#2"}
			}
		}
	],
	"display": {
		"thirdperson_righthand": {
			"rotation": [0, -120, 30],
			"translation": [0, 0, 12],
			"scale": [2, 2, 1.99]
		},
		"thirdperson_lefthand": {
			"rotation": [0, -120, 30],
			"translation": [0, 0, 12],
			"scale": [2, 2, 2]
		},
		"gui": {
			"translation": [0, -3, 0],
			"scale": [0.5, 0.5, 0.5]
		},
		"head": {
			"translation": [0, -29, 0],
			"scale": [3, 3, 3]
		},
		"fixed": {
			"translation": [0, -2, -4],
			"scale": [0.5, 0.5, 0.5]
		}
	},
	"groups": [
		{
			"name": "steve",
			"origin": [8, 8, 8],
			"children": [0, 1, 2, 3, 4, 5, 6, 7, 8, 9, 10, 11, 12, 13, 14, 15, 16, 17, 18, 19, 20, 21, 22, 23, 24, 25, 26, 27, 28, 29, 30, 31, 32, 33, 34, 35, 36, 37, 38, 39]
		}
	]
}