{
	"credit": "Made with Blockbench",
	"textures": {
		"1": "item/zin",
		"particle": "item/zin"
	},
	"elements": [
		{
			"from": [0, -11.5, 0],
			"to": [16, -11, 16],
			"faces": {
				"north": {"uv": [0, 0, 1, 1], "texture": "#1"},
				"east": {"uv": [0, 0, 1, 1], "texture": "#1"},
				"south": {"uv": [0, 0, 1, 1], "texture": "#1"},
				"west": {"uv": [0, 0, 1, 1], "texture": "#1"},
				"up": {"uv": [0, 0, 16, 16], "texture": "#1"},
				"down": {"uv": [0, 0, 16, 16], "texture": "#1"}
			}
		}
	],
	"display": {
		"thirdperson_righthand": {
			"rotation": [1, 0, 0],
			"translation": [-7, 75, 15],
			"scale": [4, 4, 4]
		}
	}
}