﻿{
    "pools": [
        {
            "rolls": 1,
            "entries": [
                {
                    "type": "item",
                    "name": "minecraft:spawn_egg",
                    "weight": 1,
                    "functions": [
                        {
                            "function": "minecraft:set_nbt",
                            "tag": "{ench:[],display:{Lore:[0:\"§6飼いなされたペット用のアイ族。§r\",1:\"§d近づくと寄ってきてかわいい。§r\",2:\"§c§n捕獲が大変§rなため§f§n希少価値§rが高い。\"],Name:\"§aねおちー§r\"},EntityTag:{IsBaby:1,Health:250.0f,Attributes:[0:{Base:250,Name:\"generic.maxHealth\"},1:{Base:0.005d,Modifiers:[0:{UUIDMost:-7949229004988660584L,UUIDLeast:-7828611303000832459L,Amount:19.200000286102295d,Operation:2,Name:\"effect.moveSpeed 95\"}],Name:\"generic.movementSpeed\"},2:{Base:0,Name:\"generic.attackDamage\"},3:{Base:4,Name:\"generic.followRange\"}],Silent:1,HandItems:[0:{id:\"null\",Count:0},1:{id:\"null\",Count:0}],ArmorDropChances:[0:0.0f,1:0.0f,2:0.0f,3:0.0f],CustomName:\"Grumm\",ArmorItems:[0:{id:\"barrier\",Count:0},1:{id:\"barrier\",Count:0},2:{id:\"barrier\",Count:0},3:{id:\"skull\",Count:1,tag:{SkullOwner:{Id:\"1ffa2128-4a6c-4772-b503-d8d4b3ab7113\",Properties:{textures:[0:{Value:\"eyJ0ZXh0dXJlcyI6eyJTS0lOIjp7InVybCI6Imh0dHA6Ly90ZXh0dXJlcy5taW5lY3JhZnQubmV0L3RleHR1cmUvNmMwMTA2ZWE0NGU2MTUyZGIzYTU4NWQzMGY2ZmEyNDY0YmVkYjQxMWViMTE0NDg0ZjY5ZjAyOGI3MTM3OTQ5In19fQ==\"}]},Name:\"anminmakura\"},display:{Lore:[0:\"飼いならされたペット用のアイ族近づくと寄ってきて可愛い\"],Name:\"aa\"}},Damage:3}],HandDropChances:[0:0.0f,1:0.0f],PersistenceRequired:1,id:\"Zombie\",IsVillager:0,Tags:[0:\"TypeChecked\"],ActiveEffects:[0:{ShowParticles:0b,Duration:2000000000,Id:1,Amplifier:95},1:{ShowParticles:0b,Duration:2000000000,Id:14,Amplifier:126}]}}"
                        }
                    ]
                }
            ]
        }
    ]
}