{
	"credit": "Made with Blockbench",
	"textures": {
		"1": "item/god"
	},
	"elements": [
		{
			"from": [6, 13.5, 6.5],
			"to": [9, 14, 9.5],
			"faces": {
				"north": {"uv": [6.5, 2, 9.5, 2.5], "texture": "#1"},
				"east": {"uv": [6.5, 2, 9.5, 2.5], "texture": "#1"},
				"south": {"uv": [6.5, 2, 9.5, 2.5], "texture": "#1"},
				"west": {"uv": [6.5, 2, 9.5, 2.5], "texture": "#1"},
				"up": {"uv": [6, 6.5, 9, 9.5], "texture": "#1"},
				"down": {"uv": [10, 9.5, 7, 6.5], "texture": "#1"}
			}
		},
		{
			"from": [6, 2, 6.5],
			"to": [9, 2.5, 9.5],
			"faces": {
				"north": {"uv": [7, 13.5, 10, 14], "texture": "#1"},
				"east": {"uv": [6.5, 13.5, 9.5, 14], "texture": "#1"},
				"south": {"uv": [6, 13.5, 9, 14], "texture": "#1"},
				"west": {"uv": [6.5, 13.5, 9.5, 14], "texture": "#1"},
				"up": {"uv": [6, 6.5, 9, 9.5], "texture": "#1"},
				"down": {"uv": [10, 9.5, 7, 6.5], "texture": "#1"}
			}
		},
		{
			"from": [6, 2.5, 5.5],
			"to": [9, 3, 6.5],
			"faces": {
				"north": {"uv": [7, 13, 10, 13.5], "texture": "#1"},
				"east": {"uv": [9.5, 13, 10.5, 13.5], "texture": "#1"},
				"south": {"uv": [6, 13, 9, 13.5], "texture": "#1"},
				"west": {"uv": [5.5, 13, 6.5, 13.5], "texture": "#1"},
				"up": {"uv": [6, 5.5, 9, 6.5], "texture": "#1"},
				"down": {"uv": [10, 6.5, 7, 5.5], "texture": "#1"}
			}
		},
		{
			"from": [6, 2.5, 9.5],
			"to": [9, 3, 10.5],
			"faces": {
				"north": {"uv": [7, 13, 10, 13.5], "texture": "#1"},
				"east": {"uv": [5.5, 13, 6.5, 13.5], "texture": "#1"},
				"south": {"uv": [6, 13, 9, 13.5], "texture": "#1"},
				"west": {"uv": [9.5, 13, 10.5, 13.5], "texture": "#1"},
				"up": {"uv": [6, 9.5, 9, 10.5], "texture": "#1"},
				"down": {"uv": [10, 10.5, 7, 9.5], "texture": "#1"}
			}
		},
		{
			"from": [6, 3, 10.5],
			"to": [9, 3.5, 11.5],
			"faces": {
				"north": {"uv": [7, 12.5, 10, 13], "texture": "#1"},
				"east": {"uv": [4.5, 12.5, 5.5, 13], "texture": "#1"},
				"south": {"uv": [6, 12.5, 9, 13], "texture": "#1"},
				"west": {"uv": [10.5, 12.5, 11.5, 13], "texture": "#1"},
				"up": {"uv": [6, 10.5, 9, 11.5], "texture": "#1"},
				"down": {"uv": [10, 11.5, 7, 10.5], "texture": "#1"}
			}
		},
		{
			"from": [6, 3.5, 11.5],
			"to": [9, 4, 12],
			"faces": {
				"north": {"uv": [7, 12, 10, 12.5], "texture": "#1"},
				"east": {"uv": [4, 12, 4.5, 12.5], "texture": "#1"},
				"south": {"uv": [6, 12, 9, 12.5], "texture": "#1"},
				"west": {"uv": [11.5, 12, 12, 12.5], "texture": "#1"},
				"up": {"uv": [6, 11.5, 9, 12], "texture": "#1"},
				"down": {"uv": [10, 12, 7, 11.5], "texture": "#1"}
			}
		},
		{
			"from": [6, 4, 12],
			"to": [9, 4.5, 12.5],
			"faces": {
				"north": {"uv": [7, 11.5, 10, 12], "texture": "#1"},
				"east": {"uv": [3.5, 11.5, 4, 12], "texture": "#1"},
				"south": {"uv": [6, 11.5, 9, 12], "texture": "#1"},
				"west": {"uv": [12, 11.5, 12.5, 12], "texture": "#1"},
				"up": {"uv": [6, 12, 9, 12.5], "texture": "#1"},
				"down": {"uv": [10, 12.5, 7, 12], "texture": "#1"}
			}
		},
		{
			"from": [6, 4.5, 12.5],
			"to": [9, 5.5, 13],
			"faces": {
				"north": {"uv": [7, 10.5, 10, 11.5], "texture": "#1"},
				"east": {"uv": [3, 10.5, 3.5, 11.5], "texture": "#1"},
				"south": {"uv": [6, 10.5, 9, 11.5], "texture": "#1"},
				"west": {"uv": [12.5, 10.5, 13, 11.5], "texture": "#1"},
				"up": {"uv": [6, 12.5, 9, 13], "texture": "#1"},
				"down": {"uv": [10, 13, 7, 12.5], "texture": "#1"}
			}
		},
		{
			"from": [6, 5.5, 13],
			"to": [9, 6.5, 13.5],
			"faces": {
				"north": {"uv": [7, 9.5, 10, 10.5], "texture": "#1"},
				"east": {"uv": [2.5, 9.5, 3, 10.5], "texture": "#1"},
				"south": {"uv": [6, 9.5, 9, 10.5], "texture": "#1"},
				"west": {"uv": [13, 9.5, 13.5, 10.5], "texture": "#1"},
				"up": {"uv": [6, 13, 9, 13.5], "texture": "#1"},
				"down": {"uv": [10, 13.5, 7, 13], "texture": "#1"}
			}
		},
		{
			"from": [6, 6.5, 13.5],
			"to": [9, 9.5, 14],
			"faces": {
				"north": {"uv": [7, 6.5, 10, 9.5], "texture": "#1"},
				"east": {"uv": [2, 6.5, 2.5, 9.5], "texture": "#1"},
				"south": {"uv": [6, 6.5, 9, 9.5], "texture": "#1"},
				"west": {"uv": [13.5, 6.5, 14, 9.5], "texture": "#1"},
				"up": {"uv": [6.5, 13.5, 9.5, 14], "texture": "#1"},
				"down": {"uv": [9.5, 14, 6.5, 13.5], "texture": "#1"}
			}
		},
		{
			"from": [6, 9.5, 13],
			"to": [9, 10.5, 13.5],
			"faces": {
				"north": {"uv": [7, 5.5, 10, 6.5], "texture": "#1"},
				"east": {"uv": [2.5, 5.5, 3, 6.5], "texture": "#1"},
				"south": {"uv": [6, 5.5, 9, 6.5], "texture": "#1"},
				"west": {"uv": [13, 5.5, 13.5, 6.5], "texture": "#1"},
				"up": {"uv": [6, 13, 9, 13.5], "texture": "#1"},
				"down": {"uv": [10, 13.5, 7, 13], "texture": "#1"}
			}
		},
		{
			"from": [6, 10.5, 12.5],
			"to": [9, 11.5, 13],
			"faces": {
				"north": {"uv": [7, 4.5, 10, 5.5], "texture": "#1"},
				"east": {"uv": [3, 4.5, 3.5, 5.5], "texture": "#1"},
				"south": {"uv": [6, 4.5, 9, 5.5], "texture": "#1"},
				"west": {"uv": [12.5, 4.5, 13, 5.5], "texture": "#1"},
				"up": {"uv": [6, 12.5, 9, 13], "texture": "#1"},
				"down": {"uv": [10, 13, 7, 12.5], "texture": "#1"}
			}
		},
		{
			"from": [6, 11.5, 12],
			"to": [9, 12, 12.5],
			"faces": {
				"north": {"uv": [7, 4, 10, 4.5], "texture": "#1"},
				"east": {"uv": [3.5, 4, 4, 4.5], "texture": "#1"},
				"south": {"uv": [6, 4, 9, 4.5], "texture": "#1"},
				"west": {"uv": [12, 4, 12.5, 4.5], "texture": "#1"},
				"up": {"uv": [6, 12, 9, 12.5], "texture": "#1"},
				"down": {"uv": [10, 12.5, 7, 12], "texture": "#1"}
			}
		},
		{
			"from": [6, 12, 11.5],
			"to": [9, 12.5, 12],
			"faces": {
				"north": {"uv": [7, 3.5, 10, 4], "texture": "#1"},
				"east": {"uv": [4, 3.5, 4.5, 4], "texture": "#1"},
				"south": {"uv": [6, 3.5, 9, 4], "texture": "#1"},
				"west": {"uv": [11.5, 3.5, 12, 4], "texture": "#1"},
				"up": {"uv": [6, 11.5, 9, 12], "texture": "#1"},
				"down": {"uv": [10, 12, 7, 11.5], "texture": "#1"}
			}
		},
		{
			"from": [6, 13, 9.5],
			"to": [9, 13.5, 10.5],
			"faces": {
				"north": {"uv": [7, 2.5, 10, 3], "texture": "#1"},
				"east": {"uv": [5.5, 2.5, 6.5, 3], "texture": "#1"},
				"south": {"uv": [6, 2.5, 9, 3], "texture": "#1"},
				"west": {"uv": [9.5, 2.5, 10.5, 3], "texture": "#1"},
				"up": {"uv": [6, 9.5, 9, 10.5], "texture": "#1"},
				"down": {"uv": [10, 10.5, 7, 9.5], "texture": "#1"}
			}
		},
		{
			"from": [6, 12.5, 10.5],
			"to": [9, 13, 11.5],
			"faces": {
				"north": {"uv": [7, 3, 10, 3.5], "texture": "#1"},
				"east": {"uv": [4.5, 3, 5.5, 3.5], "texture": "#1"},
				"south": {"uv": [6, 3, 9, 3.5], "texture": "#1"},
				"west": {"uv": [10.5, 3, 11.5, 3.5], "texture": "#1"},
				"up": {"uv": [6, 10.5, 9, 11.5], "texture": "#1"},
				"down": {"uv": [10, 11.5, 7, 10.5], "texture": "#1"}
			}
		},
		{
			"from": [6, 3, 4.5],
			"to": [9, 3.5, 5.5],
			"faces": {
				"north": {"uv": [7, 12.5, 10, 13], "texture": "#1"},
				"east": {"uv": [10.5, 12.5, 11.5, 13], "texture": "#1"},
				"south": {"uv": [6, 12.5, 9, 13], "texture": "#1"},
				"west": {"uv": [4.5, 12.5, 5.5, 13], "texture": "#1"},
				"up": {"uv": [6, 4.5, 9, 5.5], "texture": "#1"},
				"down": {"uv": [10, 5.5, 7, 4.5], "texture": "#1"}
			}
		},
		{
			"from": [6, 3.5, 4],
			"to": [9, 4, 4.5],
			"faces": {
				"north": {"uv": [7, 12, 10, 12.5], "texture": "#1"},
				"east": {"uv": [11.5, 12, 12, 12.5], "texture": "#1"},
				"south": {"uv": [6, 12, 9, 12.5], "texture": "#1"},
				"west": {"uv": [4, 12, 4.5, 12.5], "texture": "#1"},
				"up": {"uv": [6, 4, 9, 4.5], "texture": "#1"},
				"down": {"uv": [10, 4.5, 7, 4], "texture": "#1"}
			}
		},
		{
			"from": [6, 4, 3.5],
			"to": [9, 4.5, 4],
			"faces": {
				"north": {"uv": [7, 11.5, 10, 12], "texture": "#1"},
				"east": {"uv": [12, 11.5, 12.5, 12], "texture": "#1"},
				"south": {"uv": [6, 11.5, 9, 12], "texture": "#1"},
				"west": {"uv": [3.5, 11.5, 4, 12], "texture": "#1"},
				"up": {"uv": [6, 3.5, 9, 4], "texture": "#1"},
				"down": {"uv": [10, 4, 7, 3.5], "texture": "#1"}
			}
		},
		{
			"from": [6, 4.5, 3],
			"to": [9, 5.5, 3.5],
			"faces": {
				"north": {"uv": [7, 10.5, 10, 11.5], "texture": "#1"},
				"east": {"uv": [12.5, 10.5, 13, 11.5], "texture": "#1"},
				"south": {"uv": [6, 10.5, 9, 11.5], "texture": "#1"},
				"west": {"uv": [3, 10.5, 3.5, 11.5], "texture": "#1"},
				"up": {"uv": [6, 3, 9, 3.5], "texture": "#1"},
				"down": {"uv": [10, 3.5, 7, 3], "texture": "#1"}
			}
		},
		{
			"from": [6, 5.5, 2.5],
			"to": [9, 6.5, 3],
			"faces": {
				"north": {"uv": [7, 9.5, 10, 10.5], "texture": "#1"},
				"east": {"uv": [13, 9.5, 13.5, 10.5], "texture": "#1"},
				"south": {"uv": [6, 9.5, 9, 10.5], "texture": "#1"},
				"west": {"uv": [2.5, 9.5, 3, 10.5], "texture": "#1"},
				"up": {"uv": [6, 2.5, 9, 3], "texture": "#1"},
				"down": {"uv": [10, 3, 7, 2.5], "texture": "#1"}
			}
		},
		{
			"from": [6, 6.5, 2],
			"to": [9, 9.5, 2.5],
			"faces": {
				"north": {"uv": [7, 6.5, 10, 9.5], "texture": "#1"},
				"east": {"uv": [13.5, 6.5, 14, 9.5], "texture": "#1"},
				"south": {"uv": [6, 6.5, 9, 9.5], "texture": "#1"},
				"west": {"uv": [2, 6.5, 2.5, 9.5], "texture": "#1"},
				"up": {"uv": [6.5, 2, 9.5, 2.5], "texture": "#1"},
				"down": {"uv": [9.5, 2.5, 6.5, 2], "texture": "#1"}
			}
		},
		{
			"from": [6, 9.5, 2.5],
			"to": [9, 10.5, 3],
			"faces": {
				"north": {"uv": [7, 5.5, 10, 6.5], "texture": "#1"},
				"east": {"uv": [13, 5.5, 13.5, 6.5], "texture": "#1"},
				"south": {"uv": [6, 5.5, 9, 6.5], "texture": "#1"},
				"west": {"uv": [2.5, 5.5, 3, 6.5], "texture": "#1"},
				"up": {"uv": [6, 2.5, 9, 3], "texture": "#1"},
				"down": {"uv": [10, 3, 7, 2.5], "texture": "#1"}
			}
		},
		{
			"from": [6, 10.5, 3],
			"to": [9, 11.5, 3.5],
			"faces": {
				"north": {"uv": [7, 4.5, 10, 5.5], "texture": "#1"},
				"east": {"uv": [12.5, 4.5, 13, 5.5], "texture": "#1"},
				"south": {"uv": [6, 4.5, 9, 5.5], "texture": "#1"},
				"west": {"uv": [3, 4.5, 3.5, 5.5], "texture": "#1"},
				"up": {"uv": [6, 3, 9, 3.5], "texture": "#1"},
				"down": {"uv": [10, 3.5, 7, 3], "texture": "#1"}
			}
		},
		{
			"from": [6, 11.5, 3.5],
			"to": [9, 12, 4],
			"faces": {
				"north": {"uv": [7, 4, 10, 4.5], "texture": "#1"},
				"east": {"uv": [12, 4, 12.5, 4.5], "texture": "#1"},
				"south": {"uv": [6, 4, 9, 4.5], "texture": "#1"},
				"west": {"uv": [3.5, 4, 4, 4.5], "texture": "#1"},
				"up": {"uv": [6, 3.5, 9, 4], "texture": "#1"},
				"down": {"uv": [10, 4, 7, 3.5], "texture": "#1"}
			}
		},
		{
			"from": [6, 12, 4],
			"to": [9, 12.5, 4.5],
			"faces": {
				"north": {"uv": [7, 3.5, 10, 4], "texture": "#1"},
				"east": {"uv": [11.5, 3.5, 12, 4], "texture": "#1"},
				"south": {"uv": [6, 3.5, 9, 4], "texture": "#1"},
				"west": {"uv": [4, 3.5, 4.5, 4], "texture": "#1"},
				"up": {"uv": [6, 4, 9, 4.5], "texture": "#1"},
				"down": {"uv": [10, 4.5, 7, 4], "texture": "#1"}
			}
		},
		{
			"from": [6, 12.5, 4.5],
			"to": [9, 13, 5.5],
			"faces": {
				"north": {"uv": [7, 3, 10, 3.5], "texture": "#1"},
				"east": {"uv": [10.5, 3, 11.5, 3.5], "texture": "#1"},
				"south": {"uv": [6, 3, 9, 3.5], "texture": "#1"},
				"west": {"uv": [4.5, 3, 5.5, 3.5], "texture": "#1"},
				"up": {"uv": [6, 4.5, 9, 5.5], "texture": "#1"},
				"down": {"uv": [10, 5.5, 7, 4.5], "texture": "#1"}
			}
		},
		{
			"from": [6, 13, 5.5],
			"to": [9, 13.5, 6.5],
			"faces": {
				"north": {"uv": [7, 2.5, 10, 3], "texture": "#1"},
				"east": {"uv": [9.5, 2.5, 10.5, 3], "texture": "#1"},
				"south": {"uv": [6, 2.5, 9, 3], "texture": "#1"},
				"west": {"uv": [5.5, 2.5, 6.5, 3], "texture": "#1"},
				"up": {"uv": [6, 5.5, 9, 6.5], "texture": "#1"},
				"down": {"uv": [10, 6.5, 7, 5.5], "texture": "#1"}
			}
		},
		{
			"from": [5, 13, 6.5],
			"to": [10, 13.5, 9.5],
			"faces": {
				"north": {"uv": [5.5, 2.5, 10.5, 3], "texture": "#1"},
				"east": {"uv": [6.5, 2.5, 9.5, 3], "texture": "#1"},
				"south": {"uv": [5.5, 2.5, 10.5, 3], "texture": "#1"},
				"west": {"uv": [6.5, 2.5, 9.5, 3], "texture": "#1"},
				"up": {"uv": [5, 6.5, 10, 9.5], "texture": "#1"},
				"down": {"uv": [11, 9.5, 6, 6.5], "texture": "#1"}
			}
		},
		{
			"from": [5, 12.5, 5.5],
			"to": [10, 13, 6.5],
			"faces": {
				"north": {"uv": [6, 3, 11, 3.5], "texture": "#1"},
				"east": {"uv": [9.5, 3, 10.5, 3.5], "texture": "#1"},
				"south": {"uv": [5, 3, 10, 3.5], "texture": "#1"},
				"west": {"uv": [5.5, 3, 6.5, 3.5], "texture": "#1"},
				"up": {"uv": [5, 5.5, 10, 6.5], "texture": "#1"},
				"down": {"uv": [11, 6.5, 6, 5.5], "texture": "#1"}
			}
		},
		{
			"from": [5, 12, 4.5],
			"to": [10, 12.5, 5.5],
			"faces": {
				"north": {"uv": [6, 3.5, 11, 4], "texture": "#1"},
				"east": {"uv": [10.5, 3.5, 11.5, 4], "texture": "#1"},
				"south": {"uv": [5, 3.5, 10, 4], "texture": "#1"},
				"west": {"uv": [4.5, 3.5, 5.5, 4], "texture": "#1"},
				"up": {"uv": [5, 4.5, 10, 5.5], "texture": "#1"},
				"down": {"uv": [11, 5.5, 6, 4.5], "texture": "#1"}
			}
		},
		{
			"from": [5, 11.5, 4],
			"to": [10, 12, 4.5],
			"faces": {
				"north": {"uv": [6, 4, 11, 4.5], "texture": "#1"},
				"east": {"uv": [11.5, 4, 12, 4.5], "texture": "#1"},
				"south": {"uv": [5, 4, 10, 4.5], "texture": "#1"},
				"west": {"uv": [4, 4, 4.5, 4.5], "texture": "#1"},
				"up": {"uv": [5, 4, 10, 4.5], "texture": "#1"},
				"down": {"uv": [11, 4.5, 6, 4], "texture": "#1"}
			}
		},
		{
			"from": [5, 10.5, 3.5],
			"to": [10, 11.5, 4],
			"faces": {
				"north": {"uv": [6, 4.5, 11, 5.5], "texture": "#1"},
				"east": {"uv": [12, 4.5, 12.5, 5.5], "texture": "#1"},
				"south": {"uv": [5, 4.5, 10, 5.5], "texture": "#1"},
				"west": {"uv": [3.5, 4.5, 4, 5.5], "texture": "#1"},
				"up": {"uv": [5, 3.5, 10, 4], "texture": "#1"},
				"down": {"uv": [11, 4, 6, 3.5], "texture": "#1"}
			}
		},
		{
			"from": [5, 9.5, 3],
			"to": [10, 10.5, 3.5],
			"faces": {
				"north": {"uv": [6, 5.5, 11, 6.5], "texture": "#1"},
				"east": {"uv": [12.5, 5.5, 13, 6.5], "texture": "#1"},
				"south": {"uv": [5, 5.5, 10, 6.5], "texture": "#1"},
				"west": {"uv": [3, 5.5, 3.5, 6.5], "texture": "#1"},
				"up": {"uv": [5, 3, 10, 3.5], "texture": "#1"},
				"down": {"uv": [11, 3.5, 6, 3], "texture": "#1"}
			}
		},
		{
			"from": [5, 6.5, 2.5],
			"to": [10, 9.5, 3],
			"faces": {
				"north": {"uv": [6, 6.5, 11, 9.5], "texture": "#1"},
				"east": {"uv": [13, 6.5, 13.5, 9.5], "texture": "#1"},
				"south": {"uv": [5, 6.5, 10, 9.5], "texture": "#1"},
				"west": {"uv": [2.5, 6.5, 3, 9.5], "texture": "#1"},
				"up": {"uv": [5.5, 2.5, 10.5, 3], "texture": "#1"},
				"down": {"uv": [10.5, 3, 5.5, 2.5], "texture": "#1"}
			}
		},
		{
			"from": [5, 5.5, 3],
			"to": [10, 6.5, 3.5],
			"faces": {
				"north": {"uv": [6, 9.5, 11, 10.5], "texture": "#1"},
				"east": {"uv": [12.5, 9.5, 13, 10.5], "texture": "#1"},
				"south": {"uv": [5, 9.5, 10, 10.5], "texture": "#1"},
				"west": {"uv": [3, 9.5, 3.5, 10.5], "texture": "#1"},
				"up": {"uv": [5, 3, 10, 3.5], "texture": "#1"},
				"down": {"uv": [11, 3.5, 6, 3], "texture": "#1"}
			}
		},
		{
			"from": [5, 4.5, 3.5],
			"to": [10, 5.5, 4],
			"faces": {
				"north": {"uv": [6, 10.5, 11, 11.5], "texture": "#1"},
				"east": {"uv": [12, 10.5, 12.5, 11.5], "texture": "#1"},
				"south": {"uv": [5, 10.5, 10, 11.5], "texture": "#1"},
				"west": {"uv": [3.5, 10.5, 4, 11.5], "texture": "#1"},
				"up": {"uv": [5, 3.5, 10, 4], "texture": "#1"},
				"down": {"uv": [11, 4, 6, 3.5], "texture": "#1"}
			}
		},
		{
			"from": [5, 4.5, 12],
			"to": [10, 5.5, 12.5],
			"faces": {
				"north": {"uv": [6, 10.5, 11, 11.5], "texture": "#1"},
				"east": {"uv": [3.5, 10.5, 4, 11.5], "texture": "#1"},
				"south": {"uv": [5, 10.5, 10, 11.5], "texture": "#1"},
				"west": {"uv": [12, 10.5, 12.5, 11.5], "texture": "#1"},
				"up": {"uv": [5, 12, 10, 12.5], "texture": "#1"},
				"down": {"uv": [11, 12.5, 6, 12], "texture": "#1"}
			}
		},
		{
			"from": [5, 5.5, 12.5],
			"to": [10, 6.5, 13],
			"faces": {
				"north": {"uv": [6, 9.5, 11, 10.5], "texture": "#1"},
				"east": {"uv": [3, 9.5, 3.5, 10.5], "texture": "#1"},
				"south": {"uv": [5, 9.5, 10, 10.5], "texture": "#1"},
				"west": {"uv": [12.5, 9.5, 13, 10.5], "texture": "#1"},
				"up": {"uv": [5, 12.5, 10, 13], "texture": "#1"},
				"down": {"uv": [11, 13, 6, 12.5], "texture": "#1"}
			}
		},
		{
			"from": [5, 9.5, 12.5],
			"to": [10, 10.5, 13],
			"faces": {
				"north": {"uv": [6, 5.5, 11, 6.5], "texture": "#1"},
				"east": {"uv": [3, 5.5, 3.5, 6.5], "texture": "#1"},
				"south": {"uv": [5, 5.5, 10, 6.5], "texture": "#1"},
				"west": {"uv": [12.5, 5.5, 13, 6.5], "texture": "#1"},
				"up": {"uv": [5, 12.5, 10, 13], "texture": "#1"},
				"down": {"uv": [11, 13, 6, 12.5], "texture": "#1"}
			}
		},
		{
			"from": [5, 10.5, 12],
			"to": [10, 11.5, 12.5],
			"faces": {
				"north": {"uv": [6, 4.5, 11, 5.5], "texture": "#1"},
				"east": {"uv": [3.5, 4.5, 4, 5.5], "texture": "#1"},
				"south": {"uv": [5, 4.5, 10, 5.5], "texture": "#1"},
				"west": {"uv": [12, 4.5, 12.5, 5.5], "texture": "#1"},
				"up": {"uv": [5, 12, 10, 12.5], "texture": "#1"},
				"down": {"uv": [11, 12.5, 6, 12], "texture": "#1"}
			}
		},
		{
			"from": [5, 6.5, 13],
			"to": [10, 9.5, 13.5],
			"faces": {
				"north": {"uv": [6, 6.5, 11, 9.5], "texture": "#1"},
				"east": {"uv": [2.5, 6.5, 3, 9.5], "texture": "#1"},
				"south": {"uv": [5, 6.5, 10, 9.5], "texture": "#1"},
				"west": {"uv": [13, 6.5, 13.5, 9.5], "texture": "#1"},
				"up": {"uv": [5.5, 13, 10.5, 13.5], "texture": "#1"},
				"down": {"uv": [10.5, 13.5, 5.5, 13], "texture": "#1"}
			}
		},
		{
			"from": [5, 6.5, 13],
			"to": [10, 9.5, 13.5],
			"faces": {
				"north": {"uv": [6, 6.5, 11, 9.5], "texture": "#1"},
				"east": {"uv": [2.5, 6.5, 3, 9.5], "texture": "#1"},
				"south": {"uv": [5, 6.5, 10, 9.5], "texture": "#1"},
				"west": {"uv": [13, 6.5, 13.5, 9.5], "texture": "#1"},
				"up": {"uv": [5, 13, 10, 13.5], "texture": "#1"},
				"down": {"uv": [11, 13.5, 6, 13], "texture": "#1"}
			}
		},
		{
			"from": [5, 2.5, 6.5],
			"to": [10, 3, 9.5],
			"faces": {
				"north": {"uv": [6, 13, 11, 13.5], "texture": "#1"},
				"east": {"uv": [6.5, 13, 9.5, 13.5], "texture": "#1"},
				"south": {"uv": [5, 13, 10, 13.5], "texture": "#1"},
				"west": {"uv": [6.5, 13, 9.5, 13.5], "texture": "#1"},
				"up": {"uv": [5, 6.5, 10, 9.5], "texture": "#1"},
				"down": {"uv": [11, 9.5, 6, 6.5], "texture": "#1"}
			}
		},
		{
			"from": [5, 3, 5.5],
			"to": [10, 3.5, 6.5],
			"faces": {
				"north": {"uv": [6, 12.5, 11, 13], "texture": "#1"},
				"east": {"uv": [9.5, 12.5, 10.5, 13], "texture": "#1"},
				"south": {"uv": [5, 12.5, 10, 13], "texture": "#1"},
				"west": {"uv": [5.5, 12.5, 6.5, 13], "texture": "#1"},
				"up": {"uv": [5, 5.5, 10, 6.5], "texture": "#1"},
				"down": {"uv": [11, 6.5, 6, 5.5], "texture": "#1"}
			}
		},
		{
			"from": [5, 3, 9.5],
			"to": [10, 3.5, 10.5],
			"faces": {
				"north": {"uv": [6, 12.5, 11, 13], "texture": "#1"},
				"east": {"uv": [5.5, 12.5, 6.5, 13], "texture": "#1"},
				"south": {"uv": [5, 12.5, 10, 13], "texture": "#1"},
				"west": {"uv": [9.5, 12.5, 10.5, 13], "texture": "#1"},
				"up": {"uv": [5, 9.5, 10, 10.5], "texture": "#1"},
				"down": {"uv": [11, 10.5, 6, 9.5], "texture": "#1"}
			}
		},
		{
			"from": [5, 3.5, 10.5],
			"to": [10, 4, 11.5],
			"faces": {
				"north": {"uv": [6, 12, 11, 12.5], "texture": "#1"},
				"east": {"uv": [4.5, 12, 5.5, 12.5], "texture": "#1"},
				"south": {"uv": [5, 12, 10, 12.5], "texture": "#1"},
				"west": {"uv": [10.5, 12, 11.5, 12.5], "texture": "#1"},
				"up": {"uv": [5, 10.5, 10, 11.5], "texture": "#1"},
				"down": {"uv": [11, 11.5, 6, 10.5], "texture": "#1"}
			}
		},
		{
			"from": [5, 3.5, 4.5],
			"to": [10, 4, 5.5],
			"faces": {
				"north": {"uv": [6, 12, 11, 12.5], "texture": "#1"},
				"east": {"uv": [10.5, 12, 11.5, 12.5], "texture": "#1"},
				"south": {"uv": [5, 12, 10, 12.5], "texture": "#1"},
				"west": {"uv": [4.5, 12, 5.5, 12.5], "texture": "#1"},
				"up": {"uv": [5, 4.5, 10, 5.5], "texture": "#1"},
				"down": {"uv": [11, 5.5, 6, 4.5], "texture": "#1"}
			}
		},
		{
			"from": [5, 12, 10.5],
			"to": [10, 12.5, 11.5],
			"faces": {
				"north": {"uv": [6, 3.5, 11, 4], "texture": "#1"},
				"east": {"uv": [4.5, 3.5, 5.5, 4], "texture": "#1"},
				"south": {"uv": [5, 3.5, 10, 4], "texture": "#1"},
				"west": {"uv": [10.5, 3.5, 11.5, 4], "texture": "#1"},
				"up": {"uv": [5, 10.5, 10, 11.5], "texture": "#1"},
				"down": {"uv": [11, 11.5, 6, 10.5], "texture": "#1"}
			}
		},
		{
			"from": [5, 12.5, 9.5],
			"to": [10, 13, 10.5],
			"faces": {
				"north": {"uv": [6, 3, 11, 3.5], "texture": "#1"},
				"east": {"uv": [5.5, 3, 6.5, 3.5], "texture": "#1"},
				"south": {"uv": [5, 3, 10, 3.5], "texture": "#1"},
				"west": {"uv": [9.5, 3, 10.5, 3.5], "texture": "#1"},
				"up": {"uv": [5, 9.5, 10, 10.5], "texture": "#1"},
				"down": {"uv": [11, 10.5, 6, 9.5], "texture": "#1"}
			}
		},
		{
			"from": [5, 11.5, 11.5],
			"to": [10, 12, 12],
			"faces": {
				"north": {"uv": [6, 4, 11, 4.5], "texture": "#1"},
				"east": {"uv": [4, 4, 4.5, 4.5], "texture": "#1"},
				"south": {"uv": [5, 4, 10, 4.5], "texture": "#1"},
				"west": {"uv": [11.5, 4, 12, 4.5], "texture": "#1"},
				"up": {"uv": [5, 11.5, 10, 12], "texture": "#1"},
				"down": {"uv": [11, 12, 6, 11.5], "texture": "#1"}
			}
		},
		{
			"from": [5, 4, 11.5],
			"to": [10, 4.5, 12],
			"faces": {
				"north": {"uv": [6, 11.5, 11, 12], "texture": "#1"},
				"east": {"uv": [4, 11.5, 4.5, 12], "texture": "#1"},
				"south": {"uv": [5, 11.5, 10, 12], "texture": "#1"},
				"west": {"uv": [11.5, 11.5, 12, 12], "texture": "#1"},
				"up": {"uv": [5, 11.5, 10, 12], "texture": "#1"},
				"down": {"uv": [11, 12, 6, 11.5], "texture": "#1"}
			}
		},
		{
			"from": [5, 4, 4],
			"to": [10, 4.5, 4.5],
			"faces": {
				"north": {"uv": [6, 11.5, 11, 12], "texture": "#1"},
				"east": {"uv": [11.5, 11.5, 12, 12], "texture": "#1"},
				"south": {"uv": [5, 11.5, 10, 12], "texture": "#1"},
				"west": {"uv": [4, 11.5, 4.5, 12], "texture": "#1"},
				"up": {"uv": [5, 4, 10, 4.5], "texture": "#1"},
				"down": {"uv": [11, 4.5, 6, 4], "texture": "#1"}
			}
		},
		{
			"from": [4, 12.5, 6.5],
			"to": [11, 13, 9.5],
			"faces": {
				"north": {"uv": [4.5, 3, 11.5, 3.5], "texture": "#1"},
				"east": {"uv": [6.5, 3, 9.5, 3.5], "texture": "#1"},
				"south": {"uv": [4.5, 3, 11.5, 3.5], "texture": "#1"},
				"west": {"uv": [6.5, 3, 9.5, 3.5], "texture": "#1"},
				"up": {"uv": [4, 6.5, 11, 9.5], "texture": "#1"},
				"down": {"uv": [12, 9.5, 5, 6.5], "texture": "#1"}
			}
		},
		{
			"from": [4, 3.5, 5.5],
			"to": [11, 4, 6.5],
			"faces": {
				"north": {"uv": [5, 12, 12, 12.5], "texture": "#1"},
				"east": {"uv": [9.5, 12, 10.5, 12.5], "texture": "#1"},
				"south": {"uv": [4, 12, 11, 12.5], "texture": "#1"},
				"west": {"uv": [5.5, 12, 6.5, 12.5], "texture": "#1"},
				"up": {"uv": [4, 5.5, 11, 6.5], "texture": "#1"},
				"down": {"uv": [12, 6.5, 5, 5.5], "texture": "#1"}
			}
		},
		{
			"from": [4, 3.5, 9.5],
			"to": [11, 4, 10.5],
			"faces": {
				"north": {"uv": [5, 12, 12, 12.5], "texture": "#1"},
				"east": {"uv": [5.5, 12, 6.5, 12.5], "texture": "#1"},
				"south": {"uv": [4, 12, 11, 12.5], "texture": "#1"},
				"west": {"uv": [9.5, 12, 10.5, 12.5], "texture": "#1"},
				"up": {"uv": [4, 9.5, 11, 10.5], "texture": "#1"},
				"down": {"uv": [12, 10.5, 5, 9.5], "texture": "#1"}
			}
		},
		{
			"from": [4, 4, 10.5],
			"to": [11, 4.5, 11.5],
			"faces": {
				"north": {"uv": [5, 11.5, 12, 12], "texture": "#1"},
				"east": {"uv": [4.5, 11.5, 5.5, 12], "texture": "#1"},
				"south": {"uv": [4, 11.5, 11, 12], "texture": "#1"},
				"west": {"uv": [10.5, 11.5, 11.5, 12], "texture": "#1"},
				"up": {"uv": [4, 10.5, 11, 11.5], "texture": "#1"},
				"down": {"uv": [12, 11.5, 5, 10.5], "texture": "#1"}
			}
		},
		{
			"from": [4, 4, 4.5],
			"to": [11, 4.5, 5.5],
			"faces": {
				"north": {"uv": [5, 11.5, 12, 12], "texture": "#1"},
				"east": {"uv": [10.5, 11.5, 11.5, 12], "texture": "#1"},
				"south": {"uv": [4, 11.5, 11, 12], "texture": "#1"},
				"west": {"uv": [4.5, 11.5, 5.5, 12], "texture": "#1"},
				"up": {"uv": [4, 4.5, 11, 5.5], "texture": "#1"},
				"down": {"uv": [12, 5.5, 5, 4.5], "texture": "#1"}
			}
		},
		{
			"from": [4, 11.5, 4.5],
			"to": [11, 12, 5.5],
			"faces": {
				"north": {"uv": [5, 4, 12, 4.5], "texture": "#1"},
				"east": {"uv": [10.5, 4, 11.5, 4.5], "texture": "#1"},
				"south": {"uv": [4, 4, 11, 4.5], "texture": "#1"},
				"west": {"uv": [4.5, 4, 5.5, 4.5], "texture": "#1"},
				"up": {"uv": [4, 4.5, 11, 5.5], "texture": "#1"},
				"down": {"uv": [12, 5.5, 5, 4.5], "texture": "#1"}
			}
		},
		{
			"from": [4, 12, 5.5],
			"to": [11, 12.5, 6.5],
			"faces": {
				"north": {"uv": [5, 3.5, 12, 4], "texture": "#1"},
				"east": {"uv": [9.5, 3.5, 10.5, 4], "texture": "#1"},
				"south": {"uv": [4, 3.5, 11, 4], "texture": "#1"},
				"west": {"uv": [5.5, 3.5, 6.5, 4], "texture": "#1"},
				"up": {"uv": [4, 5.5, 11, 6.5], "texture": "#1"},
				"down": {"uv": [12, 6.5, 5, 5.5], "texture": "#1"}
			}
		},
		{
			"from": [4, 12, 9.5],
			"to": [11, 12.5, 10.5],
			"faces": {
				"north": {"uv": [5, 3.5, 12, 4], "texture": "#1"},
				"east": {"uv": [5.5, 3.5, 6.5, 4], "texture": "#1"},
				"south": {"uv": [4, 3.5, 11, 4], "texture": "#1"},
				"west": {"uv": [9.5, 3.5, 10.5, 4], "texture": "#1"},
				"up": {"uv": [4, 9.5, 11, 10.5], "texture": "#1"},
				"down": {"uv": [12, 10.5, 5, 9.5], "texture": "#1"}
			}
		},
		{
			"from": [4, 11.5, 10.5],
			"to": [11, 12, 11.5],
			"faces": {
				"north": {"uv": [5, 4, 12, 4.5], "texture": "#1"},
				"east": {"uv": [4.5, 4, 5.5, 4.5], "texture": "#1"},
				"south": {"uv": [4, 4, 11, 4.5], "texture": "#1"},
				"west": {"uv": [10.5, 4, 11.5, 4.5], "texture": "#1"},
				"up": {"uv": [4, 10.5, 11, 11.5], "texture": "#1"},
				"down": {"uv": [12, 11.5, 5, 10.5], "texture": "#1"}
			}
		},
		{
			"from": [4, 10.5, 4],
			"to": [11, 11.5, 4.5],
			"faces": {
				"north": {"uv": [5, 4.5, 12, 5.5], "texture": "#1"},
				"east": {"uv": [11.5, 4.5, 12, 5.5], "texture": "#1"},
				"south": {"uv": [4, 4.5, 11, 5.5], "texture": "#1"},
				"west": {"uv": [4, 4.5, 4.5, 5.5], "texture": "#1"},
				"up": {"uv": [4, 4, 11, 4.5], "texture": "#1"},
				"down": {"uv": [12, 4.5, 5, 4], "texture": "#1"}
			}
		},
		{
			"from": [4, 9.5, 3.5],
			"to": [11, 10.5, 4],
			"faces": {
				"north": {"uv": [5, 5.5, 12, 6.5], "texture": "#1"},
				"east": {"uv": [12, 5.5, 12.5, 6.5], "texture": "#1"},
				"south": {"uv": [4, 5.5, 11, 6.5], "texture": "#1"},
				"west": {"uv": [3.5, 5.5, 4, 6.5], "texture": "#1"},
				"up": {"uv": [4, 3.5, 11, 4], "texture": "#1"},
				"down": {"uv": [12, 4, 5, 3.5], "texture": "#1"}
			}
		},
		{
			"from": [4, 6.5, 3],
			"to": [11, 9.5, 3.5],
			"faces": {
				"north": {"uv": [5, 6.5, 12, 9.5], "texture": "#1"},
				"east": {"uv": [12.5, 6.5, 13, 9.5], "texture": "#1"},
				"south": {"uv": [4, 6.5, 11, 9.5], "texture": "#1"},
				"west": {"uv": [3, 6.5, 3.5, 9.5], "texture": "#1"},
				"up": {"uv": [4.5, 3, 11.5, 3.5], "texture": "#1"},
				"down": {"uv": [11.5, 3.5, 4.5, 3], "texture": "#1"}
			}
		},
		{
			"from": [4, 6.5, 12.5],
			"to": [11, 9.5, 13],
			"faces": {
				"north": {"uv": [5, 6.5, 12, 9.5], "texture": "#1"},
				"east": {"uv": [3, 6.5, 3.5, 9.5], "texture": "#1"},
				"south": {"uv": [4, 6.5, 11, 9.5], "texture": "#1"},
				"west": {"uv": [12.5, 6.5, 13, 9.5], "texture": "#1"},
				"up": {"uv": [4.5, 12.5, 11.5, 13], "texture": "#1"},
				"down": {"uv": [11.5, 13, 4.5, 12.5], "texture": "#1"}
			}
		},
		{
			"from": [4, 5.5, 3.5],
			"to": [11, 6.5, 4],
			"faces": {
				"north": {"uv": [5, 9.5, 12, 10.5], "texture": "#1"},
				"east": {"uv": [12, 9.5, 12.5, 10.5], "texture": "#1"},
				"south": {"uv": [4, 9.5, 11, 10.5], "texture": "#1"},
				"west": {"uv": [3.5, 9.5, 4, 10.5], "texture": "#1"},
				"up": {"uv": [4, 3.5, 11, 4], "texture": "#1"},
				"down": {"uv": [12, 4, 5, 3.5], "texture": "#1"}
			}
		},
		{
			"from": [4, 4.5, 4],
			"to": [11, 5.5, 4.5],
			"faces": {
				"north": {"uv": [5, 10.5, 12, 11.5], "texture": "#1"},
				"east": {"uv": [11.5, 10.5, 12, 11.5], "texture": "#1"},
				"south": {"uv": [4, 10.5, 11, 11.5], "texture": "#1"},
				"west": {"uv": [4, 10.5, 4.5, 11.5], "texture": "#1"},
				"up": {"uv": [4, 4, 11, 4.5], "texture": "#1"},
				"down": {"uv": [12, 4.5, 5, 4], "texture": "#1"}
			}
		},
		{
			"from": [4, 4.5, 11.5],
			"to": [11, 5.5, 12],
			"faces": {
				"north": {"uv": [5, 10.5, 12, 11.5], "texture": "#1"},
				"east": {"uv": [4, 10.5, 4.5, 11.5], "texture": "#1"},
				"south": {"uv": [4, 10.5, 11, 11.5], "texture": "#1"},
				"west": {"uv": [11.5, 10.5, 12, 11.5], "texture": "#1"},
				"up": {"uv": [4, 11.5, 11, 12], "texture": "#1"},
				"down": {"uv": [12, 12, 5, 11.5], "texture": "#1"}
			}
		},
		{
			"from": [4, 5.5, 12],
			"to": [11, 6.5, 12.5],
			"faces": {
				"north": {"uv": [5, 9.5, 12, 10.5], "texture": "#1"},
				"east": {"uv": [3.5, 9.5, 4, 10.5], "texture": "#1"},
				"south": {"uv": [4, 9.5, 11, 10.5], "texture": "#1"},
				"west": {"uv": [12, 9.5, 12.5, 10.5], "texture": "#1"},
				"up": {"uv": [4, 12, 11, 12.5], "texture": "#1"},
				"down": {"uv": [12, 12.5, 5, 12], "texture": "#1"}
			}
		},
		{
			"from": [4, 9.5, 12],
			"to": [11, 10.5, 12.5],
			"faces": {
				"north": {"uv": [5, 5.5, 12, 6.5], "texture": "#1"},
				"east": {"uv": [3.5, 5.5, 4, 6.5], "texture": "#1"},
				"south": {"uv": [4, 5.5, 11, 6.5], "texture": "#1"},
				"west": {"uv": [12, 5.5, 12.5, 6.5], "texture": "#1"},
				"up": {"uv": [4, 12, 11, 12.5], "texture": "#1"},
				"down": {"uv": [12, 12.5, 5, 12], "texture": "#1"}
			}
		},
		{
			"from": [4, 10.5, 11.5],
			"to": [11, 11.5, 12],
			"faces": {
				"north": {"uv": [5, 4.5, 12, 5.5], "texture": "#1"},
				"east": {"uv": [4, 4.5, 4.5, 5.5], "texture": "#1"},
				"south": {"uv": [4, 4.5, 11, 5.5], "texture": "#1"},
				"west": {"uv": [11.5, 4.5, 12, 5.5], "texture": "#1"},
				"up": {"uv": [4, 11.5, 11, 12], "texture": "#1"},
				"down": {"uv": [12, 12, 5, 11.5], "texture": "#1"}
			}
		},
		{
			"from": [3.5, 12, 6.5],
			"to": [11.5, 12.5, 9.5],
			"faces": {
				"north": {"uv": [4, 3.5, 12, 4], "texture": "#1"},
				"east": {"uv": [6.5, 3.5, 9.5, 4], "texture": "#1"},
				"south": {"uv": [4, 3.5, 12, 4], "texture": "#1"},
				"west": {"uv": [6.5, 3.5, 9.5, 4], "texture": "#1"},
				"up": {"uv": [3.5, 6.5, 11.5, 9.5], "texture": "#1"},
				"down": {"uv": [12.5, 9.5, 4.5, 6.5], "texture": "#1"}
			}
		},
		{
			"from": [3.5, 3.5, 6.5],
			"to": [11.5, 4, 9.5],
			"faces": {
				"north": {"uv": [4, 12, 12, 12.5], "texture": "#1"},
				"east": {"uv": [6.5, 12, 9.5, 12.5], "texture": "#1"},
				"south": {"uv": [4, 12, 12, 12.5], "texture": "#1"},
				"west": {"uv": [6.5, 12, 9.5, 12.5], "texture": "#1"},
				"up": {"uv": [3.5, 6.5, 11.5, 9.5], "texture": "#1"},
				"down": {"uv": [12.5, 9.5, 4.5, 6.5], "texture": "#1"}
			}
		},
		{
			"from": [3.5, 6.5, 3.5],
			"to": [11.5, 9.5, 4],
			"faces": {
				"north": {"uv": [4.5, 6.5, 12.5, 9.5], "texture": "#1"},
				"east": {"uv": [12, 6.5, 12.5, 9.5], "texture": "#1"},
				"south": {"uv": [3.5, 6.5, 11.5, 9.5], "texture": "#1"},
				"west": {"uv": [3.5, 6.5, 4, 9.5], "texture": "#1"},
				"up": {"uv": [4, 3.5, 12, 4], "texture": "#1"},
				"down": {"uv": [12, 4, 4, 3.5], "texture": "#1"}
			}
		},
		{
			"from": [3.5, 6.5, 12],
			"to": [11.5, 9.5, 12.5],
			"faces": {
				"north": {"uv": [4.5, 6.5, 12.5, 9.5], "texture": "#1"},
				"east": {"uv": [3.5, 6.5, 4, 9.5], "texture": "#1"},
				"south": {"uv": [3.5, 6.5, 11.5, 9.5], "texture": "#1"},
				"west": {"uv": [12, 6.5, 12.5, 9.5], "texture": "#1"},
				"up": {"uv": [4, 12, 12, 12.5], "texture": "#1"},
				"down": {"uv": [12, 12.5, 4, 12], "texture": "#1"}
			}
		},
		{
			"from": [3.5, 9.5, 11.5],
			"to": [11.5, 10.5, 12],
			"faces": {
				"north": {"uv": [4.5, 5.5, 12.5, 6.5], "texture": "#1"},
				"east": {"uv": [4, 5.5, 4.5, 6.5], "texture": "#1"},
				"south": {"uv": [3.5, 5.5, 11.5, 6.5], "texture": "#1"},
				"west": {"uv": [11.5, 5.5, 12, 6.5], "texture": "#1"},
				"up": {"uv": [3.5, 11.5, 11.5, 12], "texture": "#1"},
				"down": {"uv": [12.5, 12, 4.5, 11.5], "texture": "#1"}
			}
		},
		{
			"from": [3.5, 10.5, 11],
			"to": [11.5, 11.5, 11.5],
			"faces": {
				"north": {"uv": [4.5, 4.5, 12.5, 5.5], "texture": "#1"},
				"east": {"uv": [4.5, 4.5, 5, 5.5], "texture": "#1"},
				"south": {"uv": [3.5, 4.5, 11.5, 5.5], "texture": "#1"},
				"west": {"uv": [11, 4.5, 11.5, 5.5], "texture": "#1"},
				"up": {"uv": [3.5, 11, 11.5, 11.5], "texture": "#1"},
				"down": {"uv": [12.5, 11.5, 4.5, 11], "texture": "#1"}
			}
		},
		{
			"from": [3.5, 5.5, 11.5],
			"to": [11.5, 6.5, 12],
			"faces": {
				"north": {"uv": [4.5, 9.5, 12.5, 10.5], "texture": "#1"},
				"east": {"uv": [4, 9.5, 4.5, 10.5], "texture": "#1"},
				"south": {"uv": [3.5, 9.5, 11.5, 10.5], "texture": "#1"},
				"west": {"uv": [11.5, 9.5, 12, 10.5], "texture": "#1"},
				"up": {"uv": [3.5, 11.5, 11.5, 12], "texture": "#1"},
				"down": {"uv": [12.5, 12, 4.5, 11.5], "texture": "#1"}
			}
		},
		{
			"from": [3.5, 4.5, 11],
			"to": [11.5, 5.5, 11.5],
			"faces": {
				"north": {"uv": [4.5, 10.5, 12.5, 11.5], "texture": "#1"},
				"east": {"uv": [4.5, 10.5, 5, 11.5], "texture": "#1"},
				"south": {"uv": [3.5, 10.5, 11.5, 11.5], "texture": "#1"},
				"west": {"uv": [11, 10.5, 11.5, 11.5], "texture": "#1"},
				"up": {"uv": [3.5, 11, 11.5, 11.5], "texture": "#1"},
				"down": {"uv": [12.5, 11.5, 4.5, 11], "texture": "#1"}
			}
		},
		{
			"from": [3.5, 4.5, 4.5],
			"to": [11.5, 5.5, 5],
			"faces": {
				"north": {"uv": [4.5, 10.5, 12.5, 11.5], "texture": "#1"},
				"east": {"uv": [11, 10.5, 11.5, 11.5], "texture": "#1"},
				"south": {"uv": [3.5, 10.5, 11.5, 11.5], "texture": "#1"},
				"west": {"uv": [4.5, 10.5, 5, 11.5], "texture": "#1"},
				"up": {"uv": [3.5, 4.5, 11.5, 5], "texture": "#1"},
				"down": {"uv": [12.5, 5, 4.5, 4.5], "texture": "#1"}
			}
		},
		{
			"from": [3.5, 5.5, 4],
			"to": [11.5, 6.5, 4.5],
			"faces": {
				"north": {"uv": [4.5, 9.5, 12.5, 10.5], "texture": "#1"},
				"east": {"uv": [11.5, 9.5, 12, 10.5], "texture": "#1"},
				"south": {"uv": [3.5, 9.5, 11.5, 10.5], "texture": "#1"},
				"west": {"uv": [4, 9.5, 4.5, 10.5], "texture": "#1"},
				"up": {"uv": [3.5, 4, 11.5, 4.5], "texture": "#1"},
				"down": {"uv": [12.5, 4.5, 4.5, 4], "texture": "#1"}
			}
		},
		{
			"from": [3.5, 9.5, 4],
			"to": [11.5, 10.5, 4.5],
			"faces": {
				"north": {"uv": [4.5, 5.5, 12.5, 6.5], "texture": "#1"},
				"east": {"uv": [11.5, 5.5, 12, 6.5], "texture": "#1"},
				"south": {"uv": [3.5, 5.5, 11.5, 6.5], "texture": "#1"},
				"west": {"uv": [4, 5.5, 4.5, 6.5], "texture": "#1"},
				"up": {"uv": [3.5, 4, 11.5, 4.5], "texture": "#1"},
				"down": {"uv": [12.5, 4.5, 4.5, 4], "texture": "#1"}
			}
		},
		{
			"from": [3.5, 10.5, 4.5],
			"to": [11.5, 11.5, 5],
			"faces": {
				"north": {"uv": [4.5, 4.5, 12.5, 5.5], "texture": "#1"},
				"east": {"uv": [11, 4.5, 11.5, 5.5], "texture": "#1"},
				"south": {"uv": [3.5, 4.5, 11.5, 5.5], "texture": "#1"},
				"west": {"uv": [4.5, 4.5, 5, 5.5], "texture": "#1"},
				"up": {"uv": [3.5, 4.5, 11.5, 5], "texture": "#1"},
				"down": {"uv": [12.5, 5, 4.5, 4.5], "texture": "#1"}
			}
		},
		{
			"from": [3.5, 11.5, 5.5],
			"to": [11.5, 12, 6.5],
			"faces": {
				"north": {"uv": [4.5, 4, 12.5, 4.5], "texture": "#1"},
				"east": {"uv": [9.5, 4, 10.5, 4.5], "texture": "#1"},
				"south": {"uv": [3.5, 4, 11.5, 4.5], "texture": "#1"},
				"west": {"uv": [5.5, 4, 6.5, 4.5], "texture": "#1"},
				"up": {"uv": [3.5, 5.5, 11.5, 6.5], "texture": "#1"},
				"down": {"uv": [12.5, 6.5, 4.5, 5.5], "texture": "#1"}
			}
		},
		{
			"from": [3.5, 11, 5],
			"to": [11.5, 11.5, 5.5],
			"faces": {
				"north": {"uv": [4.5, 4.5, 12.5, 5], "texture": "#1"},
				"east": {"uv": [10.5, 4.5, 11, 5], "texture": "#1"},
				"south": {"uv": [3.5, 4.5, 11.5, 5], "texture": "#1"},
				"west": {"uv": [5, 4.5, 5.5, 5], "texture": "#1"},
				"up": {"uv": [3.5, 5, 11.5, 5.5], "texture": "#1"},
				"down": {"uv": [12.5, 5.5, 4.5, 5], "texture": "#1"}
			}
		},
		{
			"from": [3.5, 11.5, 9.5],
			"to": [11.5, 12, 10.5],
			"faces": {
				"north": {"uv": [4.5, 4, 12.5, 4.5], "texture": "#1"},
				"east": {"uv": [5.5, 4, 6.5, 4.5], "texture": "#1"},
				"south": {"uv": [3.5, 4, 11.5, 4.5], "texture": "#1"},
				"west": {"uv": [9.5, 4, 10.5, 4.5], "texture": "#1"},
				"up": {"uv": [3.5, 9.5, 11.5, 10.5], "texture": "#1"},
				"down": {"uv": [12.5, 10.5, 4.5, 9.5], "texture": "#1"}
			}
		},
		{
			"from": [3.5, 11, 10.5],
			"to": [11.5, 11.5, 11],
			"faces": {
				"north": {"uv": [4.5, 4.5, 12.5, 5], "texture": "#1"},
				"east": {"uv": [5, 4.5, 5.5, 5], "texture": "#1"},
				"south": {"uv": [3.5, 4.5, 11.5, 5], "texture": "#1"},
				"west": {"uv": [10.5, 4.5, 11, 5], "texture": "#1"},
				"up": {"uv": [3.5, 10.5, 11.5, 11], "texture": "#1"},
				"down": {"uv": [12.5, 11, 4.5, 10.5], "texture": "#1"}
			}
		},
		{
			"from": [3.5, 4.5, 10.5],
			"to": [11.5, 5, 11],
			"faces": {
				"north": {"uv": [4.5, 11, 12.5, 11.5], "texture": "#1"},
				"east": {"uv": [5, 11, 5.5, 11.5], "texture": "#1"},
				"south": {"uv": [3.5, 11, 11.5, 11.5], "texture": "#1"},
				"west": {"uv": [10.5, 11, 11, 11.5], "texture": "#1"},
				"up": {"uv": [3.5, 10.5, 11.5, 11], "texture": "#1"},
				"down": {"uv": [12.5, 11, 4.5, 10.5], "texture": "#1"}
			}
		},
		{
			"from": [3.5, 4, 9.5],
			"to": [11.5, 4.5, 10.5],
			"faces": {
				"north": {"uv": [4.5, 11.5, 12.5, 12], "texture": "#1"},
				"east": {"uv": [5.5, 11.5, 6.5, 12], "texture": "#1"},
				"south": {"uv": [3.5, 11.5, 11.5, 12], "texture": "#1"},
				"west": {"uv": [9.5, 11.5, 10.5, 12], "texture": "#1"},
				"up": {"uv": [3.5, 9.5, 11.5, 10.5], "texture": "#1"},
				"down": {"uv": [12.5, 10.5, 4.5, 9.5], "texture": "#1"}
			}
		},
		{
			"from": [3.5, 4, 5.5],
			"to": [11.5, 4.5, 6.5],
			"faces": {
				"north": {"uv": [4.5, 11.5, 12.5, 12], "texture": "#1"},
				"east": {"uv": [9.5, 11.5, 10.5, 12], "texture": "#1"},
				"south": {"uv": [3.5, 11.5, 11.5, 12], "texture": "#1"},
				"west": {"uv": [5.5, 11.5, 6.5, 12], "texture": "#1"},
				"up": {"uv": [3.5, 5.5, 11.5, 6.5], "texture": "#1"},
				"down": {"uv": [12.5, 6.5, 4.5, 5.5], "texture": "#1"}
			}
		},
		{
			"from": [3.5, 4.5, 5],
			"to": [11.5, 5, 5.5],
			"faces": {
				"north": {"uv": [4.5, 11, 12.5, 11.5], "texture": "#1"},
				"east": {"uv": [10.5, 11, 11, 11.5], "texture": "#1"},
				"south": {"uv": [3.5, 11, 11.5, 11.5], "texture": "#1"},
				"west": {"uv": [5, 11, 5.5, 11.5], "texture": "#1"},
				"up": {"uv": [3.5, 5, 11.5, 5.5], "texture": "#1"},
				"down": {"uv": [12.5, 5.5, 4.5, 5], "texture": "#1"}
			}
		},
		{
			"from": [3, 11.5, 6.5],
			"to": [12, 12, 9.5],
			"faces": {
				"north": {"uv": [3.5, 4, 12.5, 4.5], "texture": "#1"},
				"east": {"uv": [6.5, 4, 9.5, 4.5], "texture": "#1"},
				"south": {"uv": [3.5, 4, 12.5, 4.5], "texture": "#1"},
				"west": {"uv": [6.5, 4, 9.5, 4.5], "texture": "#1"},
				"up": {"uv": [3, 6.5, 12, 9.5], "texture": "#1"},
				"down": {"uv": [13, 9.5, 4, 6.5], "texture": "#1"}
			}
		},
		{
			"from": [3, 4, 6.5],
			"to": [12, 4.5, 9.5],
			"faces": {
				"north": {"uv": [3.5, 11.5, 12.5, 12], "texture": "#1"},
				"east": {"uv": [6.5, 11.5, 9.5, 12], "texture": "#1"},
				"south": {"uv": [3.5, 11.5, 12.5, 12], "texture": "#1"},
				"west": {"uv": [6.5, 11.5, 9.5, 12], "texture": "#1"},
				"up": {"uv": [3, 6.5, 12, 9.5], "texture": "#1"},
				"down": {"uv": [13, 9.5, 4, 6.5], "texture": "#1"}
			}
		},
		{
			"from": [3, 6.5, 4],
			"to": [12, 9.5, 4.5],
			"faces": {
				"north": {"uv": [4, 6.5, 13, 9.5], "texture": "#1"},
				"east": {"uv": [11.5, 6.5, 12, 9.5], "texture": "#1"},
				"south": {"uv": [3, 6.5, 12, 9.5], "texture": "#1"},
				"west": {"uv": [4, 6.5, 4.5, 9.5], "texture": "#1"},
				"up": {"uv": [3.5, 4, 12.5, 4.5], "texture": "#1"},
				"down": {"uv": [12.5, 4.5, 3.5, 4], "texture": "#1"}
			}
		},
		{
			"from": [3, 6.5, 11.5],
			"to": [12, 9.5, 12],
			"faces": {
				"north": {"uv": [4, 6.5, 13, 9.5], "texture": "#1"},
				"east": {"uv": [4, 6.5, 4.5, 9.5], "texture": "#1"},
				"south": {"uv": [3, 6.5, 12, 9.5], "texture": "#1"},
				"west": {"uv": [11.5, 6.5, 12, 9.5], "texture": "#1"},
				"up": {"uv": [3.5, 11.5, 12.5, 12], "texture": "#1"},
				"down": {"uv": [12.5, 12, 3.5, 11.5], "texture": "#1"}
			}
		},
		{
			"from": [3, 9.5, 11],
			"to": [12, 10.5, 11.5],
			"faces": {
				"north": {"uv": [4, 5.5, 13, 6.5], "texture": "#1"},
				"east": {"uv": [4.5, 5.5, 5, 6.5], "texture": "#1"},
				"south": {"uv": [3, 5.5, 12, 6.5], "texture": "#1"},
				"west": {"uv": [11, 5.5, 11.5, 6.5], "texture": "#1"},
				"up": {"uv": [3, 11, 12, 11.5], "texture": "#1"},
				"down": {"uv": [13, 11.5, 4, 11], "texture": "#1"}
			}
		},
		{
			"from": [3, 5.5, 11],
			"to": [12, 6.5, 11.5],
			"faces": {
				"north": {"uv": [4, 9.5, 13, 10.5], "texture": "#1"},
				"east": {"uv": [4.5, 9.5, 5, 10.5], "texture": "#1"},
				"south": {"uv": [3, 9.5, 12, 10.5], "texture": "#1"},
				"west": {"uv": [11, 9.5, 11.5, 10.5], "texture": "#1"},
				"up": {"uv": [3, 11, 12, 11.5], "texture": "#1"},
				"down": {"uv": [13, 11.5, 4, 11], "texture": "#1"}
			}
		},
		{
			"from": [3, 5.5, 4.5],
			"to": [12, 6.5, 5],
			"faces": {
				"north": {"uv": [4, 9.5, 13, 10.5], "texture": "#1"},
				"east": {"uv": [11, 9.5, 11.5, 10.5], "texture": "#1"},
				"south": {"uv": [3, 9.5, 12, 10.5], "texture": "#1"},
				"west": {"uv": [4.5, 9.5, 5, 10.5], "texture": "#1"},
				"up": {"uv": [3, 4.5, 12, 5], "texture": "#1"},
				"down": {"uv": [13, 5, 4, 4.5], "texture": "#1"}
			}
		},
		{
			"from": [3, 9.5, 4.5],
			"to": [12, 10.5, 5],
			"faces": {
				"north": {"uv": [4, 5.5, 13, 6.5], "texture": "#1"},
				"east": {"uv": [11, 5.5, 11.5, 6.5], "texture": "#1"},
				"south": {"uv": [3, 5.5, 12, 6.5], "texture": "#1"},
				"west": {"uv": [4.5, 5.5, 5, 6.5], "texture": "#1"},
				"up": {"uv": [3, 4.5, 12, 5], "texture": "#1"},
				"down": {"uv": [13, 5, 4, 4.5], "texture": "#1"}
			}
		},
		{
			"from": [3, 10.5, 5],
			"to": [12, 11, 5.5],
			"faces": {
				"north": {"uv": [4, 5, 13, 5.5], "texture": "#1"},
				"east": {"uv": [10.5, 5, 11, 5.5], "texture": "#1"},
				"south": {"uv": [3, 5, 12, 5.5], "texture": "#1"},
				"west": {"uv": [5, 5, 5.5, 5.5], "texture": "#1"},
				"up": {"uv": [3, 5, 12, 5.5], "texture": "#1"},
				"down": {"uv": [13, 5.5, 4, 5], "texture": "#1"}
			}
		},
		{
			"from": [3, 11, 5.5],
			"to": [12, 11.5, 6.5],
			"faces": {
				"north": {"uv": [4, 4.5, 13, 5], "texture": "#1"},
				"east": {"uv": [9.5, 4.5, 10.5, 5], "texture": "#1"},
				"south": {"uv": [3, 4.5, 12, 5], "texture": "#1"},
				"west": {"uv": [5.5, 4.5, 6.5, 5], "texture": "#1"},
				"up": {"uv": [3, 5.5, 12, 6.5], "texture": "#1"},
				"down": {"uv": [13, 6.5, 4, 5.5], "texture": "#1"}
			}
		},
		{
			"from": [3, 10.5, 10.5],
			"to": [12, 11, 11],
			"faces": {
				"north": {"uv": [4, 5, 13, 5.5], "texture": "#1"},
				"east": {"uv": [5, 5, 5.5, 5.5], "texture": "#1"},
				"south": {"uv": [3, 5, 12, 5.5], "texture": "#1"},
				"west": {"uv": [10.5, 5, 11, 5.5], "texture": "#1"},
				"up": {"uv": [3, 10.5, 12, 11], "texture": "#1"},
				"down": {"uv": [13, 11, 4, 10.5], "texture": "#1"}
			}
		},
		{
			"from": [3, 11, 9.5],
			"to": [12, 11.5, 10.5],
			"faces": {
				"north": {"uv": [4, 4.5, 13, 5], "texture": "#1"},
				"east": {"uv": [5.5, 4.5, 6.5, 5], "texture": "#1"},
				"south": {"uv": [3, 4.5, 12, 5], "texture": "#1"},
				"west": {"uv": [9.5, 4.5, 10.5, 5], "texture": "#1"},
				"up": {"uv": [3, 9.5, 12, 10.5], "texture": "#1"},
				"down": {"uv": [13, 10.5, 4, 9.5], "texture": "#1"}
			}
		},
		{
			"from": [3, 4.5, 5.5],
			"to": [12, 5, 6.5],
			"faces": {
				"north": {"uv": [4, 11, 13, 11.5], "texture": "#1"},
				"east": {"uv": [9.5, 11, 10.5, 11.5], "texture": "#1"},
				"south": {"uv": [3, 11, 12, 11.5], "texture": "#1"},
				"west": {"uv": [5.5, 11, 6.5, 11.5], "texture": "#1"},
				"up": {"uv": [3, 5.5, 12, 6.5], "texture": "#1"},
				"down": {"uv": [13, 6.5, 4, 5.5], "texture": "#1"}
			}
		},
		{
			"from": [3, 4.5, 9.5],
			"to": [12, 5, 10.5],
			"faces": {
				"north": {"uv": [4, 11, 13, 11.5], "texture": "#1"},
				"east": {"uv": [5.5, 11, 6.5, 11.5], "texture": "#1"},
				"south": {"uv": [3, 11, 12, 11.5], "texture": "#1"},
				"west": {"uv": [9.5, 11, 10.5, 11.5], "texture": "#1"},
				"up": {"uv": [3, 9.5, 12, 10.5], "texture": "#1"},
				"down": {"uv": [13, 10.5, 4, 9.5], "texture": "#1"}
			}
		},
		{
			"from": [3, 5, 10.5],
			"to": [12, 5.5, 11],
			"faces": {
				"north": {"uv": [4, 10.5, 13, 11], "texture": "#1"},
				"east": {"uv": [5, 10.5, 5.5, 11], "texture": "#1"},
				"south": {"uv": [3, 10.5, 12, 11], "texture": "#1"},
				"west": {"uv": [10.5, 10.5, 11, 11], "texture": "#1"},
				"up": {"uv": [3, 10.5, 12, 11], "texture": "#1"},
				"down": {"uv": [13, 11, 4, 10.5], "texture": "#1"}
			}
		},
		{
			"from": [3, 5, 5],
			"to": [12, 5.5, 5.5],
			"faces": {
				"north": {"uv": [4, 10.5, 13, 11], "texture": "#1"},
				"east": {"uv": [10.5, 10.5, 11, 11], "texture": "#1"},
				"south": {"uv": [3, 10.5, 12, 11], "texture": "#1"},
				"west": {"uv": [5, 10.5, 5.5, 11], "texture": "#1"},
				"up": {"uv": [3, 5, 12, 5.5], "texture": "#1"},
				"down": {"uv": [13, 5.5, 4, 5], "texture": "#1"}
			}
		},
		{
			"from": [2.5, 10.5, 6.5],
			"to": [12.5, 11.5, 9.5],
			"faces": {
				"north": {"uv": [3, 4.5, 13, 5.5], "texture": "#1"},
				"east": {"uv": [6.5, 4.5, 9.5, 5.5], "texture": "#1"},
				"south": {"uv": [3, 4.5, 13, 5.5], "texture": "#1"},
				"west": {"uv": [6.5, 4.5, 9.5, 5.5], "texture": "#1"},
				"up": {"uv": [2.5, 6.5, 12.5, 9.5], "texture": "#1"},
				"down": {"uv": [13.5, 9.5, 3.5, 6.5], "texture": "#1"}
			}
		},
		{
			"from": [2.5, 4.5, 6.5],
			"to": [12.5, 5.5, 9.5],
			"faces": {
				"north": {"uv": [3, 10.5, 13, 11.5], "texture": "#1"},
				"east": {"uv": [6.5, 10.5, 9.5, 11.5], "texture": "#1"},
				"south": {"uv": [3, 10.5, 13, 11.5], "texture": "#1"},
				"west": {"uv": [6.5, 10.5, 9.5, 11.5], "texture": "#1"},
				"up": {"uv": [2.5, 6.5, 12.5, 9.5], "texture": "#1"},
				"down": {"uv": [13.5, 9.5, 3.5, 6.5], "texture": "#1"}
			}
		},
		{
			"from": [2.5, 5, 5.5],
			"to": [12.5, 6, 6.5],
			"faces": {
				"north": {"uv": [3, 10, 13, 11], "texture": "#1"},
				"east": {"uv": [9.5, 10, 10.5, 11], "texture": "#1"},
				"south": {"uv": [3, 10, 13, 11], "texture": "#1"},
				"west": {"uv": [5.5, 10, 6.5, 11], "texture": "#1"},
				"up": {"uv": [2.5, 5.5, 12.5, 6.5], "texture": "#1"},
				"down": {"uv": [13.5, 6.5, 3.5, 5.5], "texture": "#1"}
			}
		},
		{
			"from": [2.5, 10, 5.5],
			"to": [12.5, 11, 6.5],
			"faces": {
				"north": {"uv": [3, 5, 13, 6], "texture": "#1"},
				"east": {"uv": [9.5, 5, 10.5, 6], "texture": "#1"},
				"south": {"uv": [3, 5, 13, 6], "texture": "#1"},
				"west": {"uv": [5.5, 5, 6.5, 6], "texture": "#1"},
				"up": {"uv": [2.5, 5.5, 12.5, 6.5], "texture": "#1"},
				"down": {"uv": [13.5, 6.5, 3.5, 5.5], "texture": "#1"}
			}
		},
		{
			"from": [2.5, 10, 9.5],
			"to": [12.5, 11, 10.5],
			"faces": {
				"north": {"uv": [3, 5, 13, 6], "texture": "#1"},
				"east": {"uv": [5.5, 5, 6.5, 6], "texture": "#1"},
				"south": {"uv": [3, 5, 13, 6], "texture": "#1"},
				"west": {"uv": [9.5, 5, 10.5, 6], "texture": "#1"},
				"up": {"uv": [2.5, 9.5, 12.5, 10.5], "texture": "#1"},
				"down": {"uv": [13.5, 10.5, 3.5, 9.5], "texture": "#1"}
			}
		},
		{
			"from": [2.5, 5, 9.5],
			"to": [12.5, 6, 10.5],
			"faces": {
				"north": {"uv": [3.5, 10, 13.5, 11], "texture": "#1"},
				"east": {"uv": [5.5, 10, 6.5, 11], "texture": "#1"},
				"south": {"uv": [2.5, 10, 12.5, 11], "texture": "#1"},
				"west": {"uv": [9.5, 10, 10.5, 11], "texture": "#1"},
				"up": {"uv": [2.5, 9.5, 12.5, 10.5], "texture": "#1"},
				"down": {"uv": [13.5, 10.5, 3.5, 9.5], "texture": "#1"}
			}
		},
		{
			"from": [2.5, 6.5, 10.5],
			"to": [12.5, 9.5, 11.5],
			"faces": {
				"north": {"uv": [3.5, 6.5, 13.5, 9.5], "texture": "#1"},
				"east": {"uv": [4.5, 6.5, 5.5, 9.5], "texture": "#1"},
				"south": {"uv": [2.5, 6.5, 12.5, 9.5], "texture": "#1"},
				"west": {"uv": [10.5, 6.5, 11.5, 9.5], "texture": "#1"},
				"up": {"uv": [3, 10.5, 13, 11.5], "texture": "#1"},
				"down": {"uv": [13, 11.5, 3, 10.5], "texture": "#1"}
			}
		},
		{
			"from": [2.5, 6.5, 4.5],
			"to": [12.5, 9.5, 5.5],
			"faces": {
				"north": {"uv": [3.5, 6.5, 13.5, 9.5], "texture": "#1"},
				"east": {"uv": [10.5, 6.5, 11.5, 9.5], "texture": "#1"},
				"south": {"uv": [2.5, 6.5, 12.5, 9.5], "texture": "#1"},
				"west": {"uv": [4.5, 6.5, 5.5, 9.5], "texture": "#1"},
				"up": {"uv": [3, 4.5, 13, 5.5], "texture": "#1"},
				"down": {"uv": [13, 5.5, 3, 4.5], "texture": "#1"}
			}
		},
		{
			"from": [2.5, 9.5, 5],
			"to": [12.5, 10.5, 5.5],
			"faces": {
				"north": {"uv": [3.5, 5.5, 13.5, 6.5], "texture": "#1"},
				"east": {"uv": [10.5, 5.5, 11, 6.5], "texture": "#1"},
				"south": {"uv": [2.5, 5.5, 12.5, 6.5], "texture": "#1"},
				"west": {"uv": [5, 5.5, 5.5, 6.5], "texture": "#1"},
				"up": {"uv": [3, 5, 13, 5.5], "texture": "#1"},
				"down": {"uv": [13, 5.5, 3, 5], "texture": "#1"}
			}
		},
		{
			"from": [2.5, 9.5, 5.5],
			"to": [12.5, 10, 6],
			"faces": {
				"north": {"uv": [3.5, 6, 13.5, 6.5], "texture": "#1"},
				"east": {"uv": [10, 6, 10.5, 6.5], "texture": "#1"},
				"south": {"uv": [2.5, 6, 12.5, 6.5], "texture": "#1"},
				"west": {"uv": [5.5, 6, 6, 6.5], "texture": "#1"},
				"up": {"uv": [2.5, 5.5, 12.5, 6], "texture": "#1"},
				"down": {"uv": [13.5, 6, 3.5, 5.5], "texture": "#1"}
			}
		},
		{
			"from": [2.5, 9.5, 10],
			"to": [12.5, 10, 10.5],
			"faces": {
				"north": {"uv": [3.5, 6, 13.5, 6.5], "texture": "#1"},
				"east": {"uv": [5.5, 6, 6, 6.5], "texture": "#1"},
				"south": {"uv": [2.5, 6, 12.5, 6.5], "texture": "#1"},
				"west": {"uv": [10, 6, 10.5, 6.5], "texture": "#1"},
				"up": {"uv": [2.5, 10, 12.5, 10.5], "texture": "#1"},
				"down": {"uv": [13.5, 10.5, 3.5, 10], "texture": "#1"}
			}
		},
		{
			"from": [2.5, 9.5, 10.5],
			"to": [12.5, 10.5, 11],
			"faces": {
				"north": {"uv": [3.5, 5.5, 13.5, 6.5], "texture": "#1"},
				"east": {"uv": [5, 5.5, 5.5, 6.5], "texture": "#1"},
				"south": {"uv": [2.5, 5.5, 12.5, 6.5], "texture": "#1"},
				"west": {"uv": [10.5, 5.5, 11, 6.5], "texture": "#1"},
				"up": {"uv": [3, 10.5, 13, 11], "texture": "#1"},
				"down": {"uv": [13, 11, 3, 10.5], "texture": "#1"}
			}
		},
		{
			"from": [2.5, 5.5, 10.5],
			"to": [12.5, 6.5, 11],
			"faces": {
				"north": {"uv": [3.5, 9.5, 13.5, 10.5], "texture": "#1"},
				"east": {"uv": [5, 9.5, 5.5, 10.5], "texture": "#1"},
				"south": {"uv": [2.5, 9.5, 12.5, 10.5], "texture": "#1"},
				"west": {"uv": [10.5, 9.5, 11, 10.5], "texture": "#1"},
				"up": {"uv": [2.5, 10.5, 12.5, 11], "texture": "#1"},
				"down": {"uv": [13.5, 11, 3.5, 10.5], "texture": "#1"}
			}
		},
		{
			"from": [2.5, 6, 10],
			"to": [12.5, 6.5, 10.5],
			"faces": {
				"north": {"uv": [3.5, 9.5, 13.5, 10], "texture": "#1"},
				"east": {"uv": [5.5, 9.5, 6, 10], "texture": "#1"},
				"south": {"uv": [2.5, 9.5, 12.5, 10], "texture": "#1"},
				"west": {"uv": [10, 9.5, 10.5, 10], "texture": "#1"},
				"up": {"uv": [2.5, 10, 12.5, 10.5], "texture": "#1"},
				"down": {"uv": [13.5, 10.5, 3.5, 10], "texture": "#1"}
			}
		},
		{
			"from": [2.5, 6, 5.5],
			"to": [12.5, 6.5, 6],
			"faces": {
				"north": {"uv": [3.5, 9.5, 13.5, 10], "texture": "#1"},
				"east": {"uv": [10, 9.5, 10.5, 10], "texture": "#1"},
				"south": {"uv": [2.5, 9.5, 12.5, 10], "texture": "#1"},
				"west": {"uv": [5.5, 9.5, 6, 10], "texture": "#1"},
				"up": {"uv": [2.5, 5.5, 12.5, 6], "texture": "#1"},
				"down": {"uv": [13.5, 6, 3.5, 5.5], "texture": "#1"}
			}
		},
		{
			"from": [2.5, 5.5, 5],
			"to": [12.5, 6.5, 5.5],
			"faces": {
				"north": {"uv": [3.5, 9.5, 13.5, 10.5], "texture": "#1"},
				"east": {"uv": [10.5, 9.5, 11, 10.5], "texture": "#1"},
				"south": {"uv": [2.5, 9.5, 12.5, 10.5], "texture": "#1"},
				"west": {"uv": [5, 9.5, 5.5, 10.5], "texture": "#1"},
				"up": {"uv": [3, 5, 13, 5.5], "texture": "#1"},
				"down": {"uv": [13, 5.5, 3, 5], "texture": "#1"}
			}
		},
		{
			"from": [2, 5.5, 6.5],
			"to": [13, 6.5, 9.5],
			"faces": {
				"north": {"uv": [2.5, 9.5, 13.5, 10.5], "texture": "#1"},
				"east": {"uv": [6.5, 9.5, 9.5, 10.5], "texture": "#1"},
				"south": {"uv": [2.5, 9.5, 13.5, 10.5], "texture": "#1"},
				"west": {"uv": [6.5, 9.5, 9.5, 10.5], "texture": "#1"},
				"up": {"uv": [2, 6.5, 13, 9.5], "texture": "#1"},
				"down": {"uv": [14, 9.5, 3, 6.5], "texture": "#1"}
			}
		},
		{
			"from": [2, 6.5, 5.5],
			"to": [13, 9.5, 6.5],
			"faces": {
				"north": {"uv": [3, 6.5, 14, 9.5], "texture": "#1"},
				"east": {"uv": [9.5, 6.5, 10.5, 9.5], "texture": "#1"},
				"south": {"uv": [2, 6.5, 13, 9.5], "texture": "#1"},
				"west": {"uv": [5.5, 6.5, 6.5, 9.5], "texture": "#1"},
				"up": {"uv": [2.5, 5.5, 13.5, 6.5], "texture": "#1"},
				"down": {"uv": [13.5, 6.5, 2.5, 5.5], "texture": "#1"}
			}
		},
		{
			"from": [2, 6.5, 9.5],
			"to": [13, 9.5, 10.5],
			"faces": {
				"north": {"uv": [3, 6.5, 14, 9.5], "texture": "#1"},
				"east": {"uv": [5.5, 6.5, 6.5, 9.5], "texture": "#1"},
				"south": {"uv": [2, 6.5, 13, 9.5], "texture": "#1"},
				"west": {"uv": [9.5, 6.5, 10.5, 9.5], "texture": "#1"},
				"up": {"uv": [2.5, 9.5, 13.5, 10.5], "texture": "#1"},
				"down": {"uv": [13.5, 10.5, 2.5, 9.5], "texture": "#1"}
			}
		},
		{
			"from": [2, 9.5, 9.5],
			"to": [13, 10, 10],
			"faces": {
				"north": {"uv": [2.5, 6, 13.5, 6.5], "texture": "#1"},
				"east": {"uv": [6, 6, 6.5, 6.5], "texture": "#1"},
				"south": {"uv": [2.5, 6, 13.5, 6.5], "texture": "#1"},
				"west": {"uv": [9.5, 6, 10, 6.5], "texture": "#1"},
				"up": {"uv": [2.5, 9.5, 13.5, 10], "texture": "#1"},
				"down": {"uv": [13.5, 10, 2.5, 9.5], "texture": "#1"}
			}
		},
		{
			"from": [2, 9.5, 6],
			"to": [13, 10, 6.5],
			"faces": {
				"north": {"uv": [2.5, 6, 13.5, 6.5], "texture": "#1"},
				"east": {"uv": [9.5, 6, 10, 6.5], "texture": "#1"},
				"south": {"uv": [2.5, 6, 13.5, 6.5], "texture": "#1"},
				"west": {"uv": [6, 6, 6.5, 6.5], "texture": "#1"},
				"up": {"uv": [2.5, 6, 13.5, 6.5], "texture": "#1"},
				"down": {"uv": [13.5, 6.5, 2.5, 6], "texture": "#1"}
			}
		},
		{
			"from": [2, 6, 6],
			"to": [13, 6.5, 6.5],
			"faces": {
				"north": {"uv": [2.5, 9.5, 13.5, 10], "texture": "#1"},
				"east": {"uv": [9.5, 9.5, 10, 10], "texture": "#1"},
				"south": {"uv": [2.5, 9.5, 13.5, 10], "texture": "#1"},
				"west": {"uv": [6, 9.5, 6.5, 10], "texture": "#1"},
				"up": {"uv": [2.5, 6, 13.5, 6.5], "texture": "#1"},
				"down": {"uv": [13.5, 6.5, 2.5, 6], "texture": "#1"}
			}
		},
		{
			"from": [2, 6, 9.5],
			"to": [13, 6.5, 10],
			"faces": {
				"north": {"uv": [2.5, 9.5, 13.5, 10], "texture": "#1"},
				"east": {"uv": [6, 9.5, 6.5, 10], "texture": "#1"},
				"south": {"uv": [2.5, 9.5, 13.5, 10], "texture": "#1"},
				"west": {"uv": [9.5, 9.5, 10, 10], "texture": "#1"},
				"up": {"uv": [2.5, 9.5, 13.5, 10], "texture": "#1"},
				"down": {"uv": [13.5, 10, 2.5, 9.5], "texture": "#1"}
			}
		},
		{
			"from": [1.5, 6.5, 6.5],
			"to": [13.5, 9.5, 9.5],
			"faces": {
				"north": {"uv": [2, 6.5, 14, 9.5], "texture": "#1"},
				"east": {"uv": [6.5, 6.5, 9.5, 9.5], "texture": "#1"},
				"south": {"uv": [2, 6.5, 14, 9.5], "texture": "#1"},
				"west": {"uv": [6.5, 6.5, 9.5, 9.5], "texture": "#1"},
				"up": {"uv": [2, 6.5, 14, 9.5], "texture": "#1"},
				"down": {"uv": [14, 9.5, 2, 6.5], "texture": "#1"}
			}
		},
		{
			"from": [2, 9.5, 6.5],
			"to": [13, 10.5, 9.5],
			"faces": {
				"north": {"uv": [2.5, 5.5, 13.5, 6.5], "texture": "#1"},
				"east": {"uv": [6.5, 5.5, 9.5, 6.5], "texture": "#1"},
				"south": {"uv": [2.5, 5.5, 13.5, 6.5], "texture": "#1"},
				"west": {"uv": [6.5, 5.5, 9.5, 6.5], "texture": "#1"},
				"up": {"uv": [2, 6.5, 13, 9.5], "texture": "#1"},
				"down": {"uv": [14, 9.5, 3, 6.5], "texture": "#1"}
			}
		},
		{
			"from": [4, 3, 6.5],
			"to": [11, 3.5, 9.5],
			"faces": {
				"north": {"uv": [4.5, 3, 11.5, 3.5], "texture": "#1"},
				"east": {"uv": [6.5, 3, 9.5, 3.5], "texture": "#1"},
				"south": {"uv": [4.5, 3, 11.5, 3.5], "texture": "#1"},
				"west": {"uv": [6.5, 3, 9.5, 3.5], "texture": "#1"},
				"up": {"uv": [4, 6.5, 11, 9.5], "texture": "#1"},
				"down": {"uv": [12, 9.5, 5, 6.5], "texture": "#1"}
			}
		}
	],
	"display": {
		"thirdperson_righthand": {
			"translation": [0, 1.75, 0],
			"scale": [0.3, 0.3, 0.3]
		},
		"thirdperson_lefthand": {
			"translation": [0, 1.75, 0],
			"scale": [0.3, 0.3, 0.3]
		},
		"firstperson_righthand": {
			"translation": [3.25, 2.25, 0],
			"scale": [0.3, 0.3, 0.3]
		},
		"firstperson_lefthand": {
			"translation": [1.75, 2.75, 0.75],
			"scale": [0.3, 0.3, 0.3]
		},
		"ground": {
			"translation": [0, -3.6, 0],
			"scale": [0.3, 0.3, 0.3]
		},
		"fixed": {
			"rotation": [0, 90, 0],
			"translation": [0, 0, -3],
			"scale": [0.5, 0.5, 0.5]
		}
	}
}