﻿{	    "pools": [		        {			            "rolls": 1,			            "entries": [				                {					                    "type": "item",					                    "name": "minecraft:nether_star",					                    "weight": 1,					                    "functions": [						                        {							                            "function": "minecraft:set_count",							                            "count": {								                                "min": 666,								                                "max": 666                            							}                        						}                    					]                				}            			]        		},		        {			            "rolls": 1,			            "entries": [				                {					                    "type": "item",					                    "name": "minecraft:leather_helmet",					                    "weight": 1,					"functions": [						                                               {							                            "function": "minecraft:set_nbt",							                            "tag": "{								ench:[									0:{										lvl:10000s,										id:2s									},									1:{										lvl:10000s,										id:4s									},									2:{										lvl:10000s,										id:1s									},									3:{										lvl:10000s,										id:6s									},									4:{										lvl:10000s,										id:3s									},									5:{										lvl:10000s,										id:0s									}								],								RepairCost:1000000000,								Unbreakable:1,								display:{									Lore:[										0:\"§5§l深淵なる者を倒した証。\"									],									color:6107775,									Name:\"§5終焉ヲ告ゲル者\"								}							}"                        						}                    					]                				}            			]        		}    	]}