﻿{	    "pools": [		        {			            "rolls": 1,			            "entries": [				                {					                    "type": "item",					                    "name": "minecraft:clock",					                    "weight": 1,					                    "functions": [						                        {							                            "function": "minecraft:set_count",							                            "count": {								                                "min":3,								                                "max":32                            							}                        						},						                        {							                            "function": "minecraft:set_nbt",							                            "tag": "{								ench:[									{										lvl:1s,										id:35s									}								],								HideFlags:1,								display:{									Name:\"§e§m§l= マネー =\"								}							}"                        						}                    					]                				}            			]        		},		        {			            "rolls": 1,			            "entries": [				                {					                    "type": "loot_table",					                    "name": "minecraft:entities/zombie",					                    "weight": 1                				}            			]        		}    	]}