﻿{    "pools": [        {            "rolls": 1,            "entries": [                {                    "type": "item",                    "name": "minecraft:nether_star",                    "weight": 1,                    "functions": [                        {                            "function": "minecraft:set_count",                            "count": {                                "min": 5,                                "max": 7                            }                        }                    ]                }            ]        },        {            "rolls": 1,            "entries": [                {                    "type": "loot_table",                    "name": "minecraft:entities/creeper",                    "weight": 1                }            ]        }    ]}