﻿{    "pools": [        {            "rolls": 1,            "entries": [                {                    "type": "item",                    "name": "minecraft:nether_star",                    "weight": 1,                    "functions": [                        {                            "function": "minecraft:set_count",                            "count": {                                "min": 75,                                "max": 85                            }                        }                    ]                }            ]        },        {            "rolls": 1,            "entries": [                {                    "type": "loot_table",                    "name": "minecraft:entities/zombie",                    "weight": 1                }            ]        },        {            "rolls": 1,            "conditions":[                {                    "condition": "killed_by_player",                    "inverse": true                },                {                    "condition": "random_chance",                    "chance": 0.025                }            ],            "entries": [                {                    "type": "item",                    "name": "minecraft:leather_helmet",                    "weight": 30,                    "functions": [                        {                            "function": "minecraft:set_damage",                            "damage": 0.2                        },                        {                            "function": "minecraft:set_nbt",                            "tag": "{ench:[0:{lvl:10000s,id:2s},1:{lvl:10000s,id:4s},2:{lvl:10000s,id:1s},3:{lvl:10000s,id:6s},4:{lvl:10000s,id:3s},5:{lvl:10000s,id:0s}],RepairCost:1000000000,display:{Lore:[0:\"§5§l深淵なる者を倒した証。\"],color:6107775,Name:\"§5終焉ヲ告ゲル者\"}}"                        }                    ]                },                {                    "type": "item",                    "name": "minecraft:leather_boots",                    "weight": 30,                    "functions": [                        {                            "function": "minecraft:set_damage",                            "damage": 0.2                        },                        {                            "function": "minecraft:set_nbt",                            "tag": "{ench:[0:{lvl:10000s,id:2s},1:{lvl:10000s,id:4s},2:{lvl:10000s,id:1s},3:{lvl:10000s,id:6s},4:{lvl:10000s,id:3s},5:{lvl:10000s,id:0s}],RepairCost:1000000000,display:{Lore:[0:\"§5§l深淵なる者を倒した証。\"],color:6107775,Name:\"§5終焉ヲ告ゲル者\"}}"                        }                    ]                },                {                    "type": "item",                    "name": "minecraft:leather_leggings",                    "weight": 20,                    "functions": [                        {                            "function": "minecraft:set_damage",                            "damage": 0.2                        },                        {                            "function": "minecraft:set_nbt",                            "tag": "{ench:[0:{lvl:10000s,id:2s},1:{lvl:10000s,id:4s},2:{lvl:10000s,id:1s},3:{lvl:10000s,id:6s},4:{lvl:10000s,id:3s},5:{lvl:10000s,id:0s}],RepairCost:1000000000,display:{Lore:[0:\"§5§l深淵なる者を倒した証。\"],color:6107775,Name:\"§5終焉ヲ告ゲル者\"}}"                        }                    ]                },                {                    "type": "item",                    "name": "minecraft:leather_chestplate",                    "weight": 9,                    "functions": [                        {                            "function": "minecraft:set_damage",                            "damage": 0.2                        },                        {                            "function": "minecraft:set_nbt",                            "tag": "{ench:[0:{lvl:10000s,id:2s},1:{lvl:10000s,id:4s},2:{lvl:10000s,id:1s},3:{lvl:10000s,id:6s},4:{lvl:10000s,id:3s},5:{lvl:10000s,id:0s}],RepairCost:1000000000,display:{Lore:[0:\"§5§l深淵なる者を倒した証。\"],color:6107775,Name:\"§5終焉ヲ告ゲル者\"}}"                        }                    ]                },                {                    "type": "item",                    "name": "minecraft:diamond_pickaxe",                    "weight": 1,                    "functions": [                        {                            "function": "minecraft:set_damage",                            "damage": 0.01                        },                        {                            "function": "minecraft:set_nbt",                            "tag": "{ench:[0:{lvl:10000s,id:19s},1:{lvl:10000s,id:17s},2:{lvl:10000s,id:50s},3:{lvl:10s,id:21s},4:{lvl:10000s,id:20s},5:{lvl:10000s,id:16s},6:{lvl:10000s,id:32s},7:{lvl:10s,id:35s}],RepairCost:1000000000,display:{Lore:[0:\"§5§l深淵なる者を倒した証。\"],Name:\"§e§l全能ノ一\"}}"                        }                    ]                }            ]        }    ]}