{
	"credit": "Remake by nemo",
	"textures": {
		"katana1": "item/katana/3-1",
		"katana2": "item/katana/3-2",
		"katana3": "item/katana/3-3",
		"katana4": "item/katana/3-4",
		"katana5": "item/katana/1-5"
	},
	"elements": [
		{
			"name": "katana_tuka",
			"from": [7.05, 24.5, 6.5],
			"to": [10.05, 25, 7],
			"faces": {
				"north": {"uv": [0, 0, 16, 16], "rotation": 270, "texture": "#katana5"},
				"east": {"uv": [0, 0, 16, 16], "rotation": 90, "texture": "#katana5"},
				"south": {"uv": [0, 0, 16, 16], "rotation": 90, "texture": "#katana5"},
				"west": {"uv": [0, 0, 16, 16], "rotation": 90, "texture": "#katana5"},
				"up": {"uv": [0, 0, 16, 16], "rotation": 90, "texture": "#katana5"},
				"down": {"uv": [0, 0, 16, 16], "rotation": 90, "texture": "#katana5"}
			}
		},
		{
			"name": "katana_tuka",
			"from": [6.55, 24.5, 7],
			"to": [7.05, 25, 9],
			"faces": {
				"north": {"uv": [0, 0, 16, 16], "rotation": 270, "texture": "#katana5"},
				"east": {"uv": [0, 0, 16, 16], "rotation": 90, "texture": "#katana5"},
				"south": {"uv": [0, 0, 16, 16], "rotation": 90, "texture": "#katana5"},
				"west": {"uv": [0, 0, 16, 16], "rotation": 90, "texture": "#katana5"},
				"up": {"uv": [0, 0, 16, 16], "rotation": 90, "texture": "#katana5"},
				"down": {"uv": [0, 0, 16, 16], "rotation": 90, "texture": "#katana5"}
			}
		},
		{
			"name": "katana_tuka",
			"from": [7.05, 24.5, 9],
			"to": [10.05, 25, 9.5],
			"faces": {
				"north": {"uv": [0, 0, 16, 16], "rotation": 270, "texture": "#katana5"},
				"east": {"uv": [0, 0, 16, 16], "rotation": 90, "texture": "#katana5"},
				"south": {"uv": [0, 0, 16, 16], "rotation": 90, "texture": "#katana5"},
				"west": {"uv": [0, 0, 16, 16], "rotation": 90, "texture": "#katana5"},
				"up": {"uv": [0, 0, 16, 16], "rotation": 90, "texture": "#katana5"},
				"down": {"uv": [0, 0, 16, 16], "rotation": 90, "texture": "#katana5"}
			}
		},
		{
			"name": "katana_tuka",
			"from": [10.05, 24.5, 7],
			"to": [10.55, 25, 9],
			"faces": {
				"north": {"uv": [0, 0, 16, 16], "rotation": 270, "texture": "#katana5"},
				"east": {"uv": [0, 0, 16, 16], "rotation": 90, "texture": "#katana5"},
				"south": {"uv": [0, 0, 16, 16], "rotation": 90, "texture": "#katana5"},
				"west": {"uv": [0, 0, 16, 16], "rotation": 90, "texture": "#katana5"},
				"up": {"uv": [0, 0, 16, 16], "rotation": 90, "texture": "#katana5"},
				"down": {"uv": [0, 0, 16, 16], "rotation": 90, "texture": "#katana5"}
			}
		},
		{
			"name": "katana_tuka",
			"from": [7.625, 23.5, 7.5625],
			"to": [9.525, 24.5, 8.2625],
			"faces": {
				"north": {"uv": [0, 0, 16, 16], "rotation": 270, "texture": "#katana5"},
				"east": {"uv": [0, 0, 16, 16], "rotation": 90, "texture": "#katana5"},
				"south": {"uv": [0, 0, 16, 16], "rotation": 90, "texture": "#katana5"},
				"west": {"uv": [0, 0, 16, 16], "rotation": 90, "texture": "#katana5"},
				"down": {"uv": [0, 0, 16, 16], "rotation": 90, "texture": "#katana5"}
			}
		},
		{
			"name": "katana_tuka1",
			"from": [7.05, 24.5, 7],
			"to": [10.05, 25, 9],
			"faces": {
				"north": {"uv": [0, 0, 16, 16], "rotation": 270, "texture": "#katana4"},
				"east": {"uv": [0, 0, 16, 16], "rotation": 90, "texture": "#katana4"},
				"south": {"uv": [0, 0, 16, 16], "rotation": 90, "texture": "#katana4"},
				"west": {"uv": [0, 0, 16, 16], "rotation": 90, "texture": "#katana4"},
				"up": {"uv": [0, 0, 16, 16], "rotation": 90, "texture": "#katana4"},
				"down": {"uv": [0, 0, 16, 16], "rotation": 90, "texture": "#katana4"}
			}
		},
		{
			"name": "katana_tuka1",
			"from": [7.4, 25, 7.3125],
			"to": [9.65, 26, 8.5625],
			"faces": {
				"north": {"uv": [0, 0, 16, 16], "rotation": 270, "texture": "#katana4"},
				"east": {"uv": [0, 0, 16, 16], "rotation": 90, "texture": "#katana4"},
				"south": {"uv": [0, 0, 16, 16], "rotation": 90, "texture": "#katana4"},
				"west": {"uv": [0, 0, 16, 16], "rotation": 90, "texture": "#katana4"},
				"up": {"uv": [0, 0, 16, 16], "rotation": 90, "texture": "#katana4"}
			}
		},
		{
			"name": "katana_tuka2",
			"from": [7.5, 27, 7.45],
			"to": [9.5, 28, 8.45],
			"faces": {
				"north": {"uv": [0, 0, 16, 16], "rotation": 270, "texture": "#katana3"},
				"east": {"uv": [0, 0, 16, 16], "rotation": 90, "texture": "#katana2"},
				"south": {"uv": [0, 0, 16, 16], "rotation": 90, "texture": "#katana3"},
				"west": {"uv": [0, 0, 16, 16], "rotation": 90, "texture": "#katana2"},
				"up": {"uv": [0, 0, 16, 16], "rotation": 90, "texture": "#katana2"},
				"down": {"uv": [0, 0, 16, 16], "rotation": 90, "texture": "#katana2"}
			}
		},
		{
			"name": "katana_tuka2",
			"from": [7.55, 26, 7.45],
			"to": [9.55, 27, 8.45],
			"faces": {
				"north": {"uv": [0, 0, 16, 16], "rotation": 270, "texture": "#katana3"},
				"east": {"uv": [0, 0, 16, 16], "rotation": 90, "texture": "#katana2"},
				"south": {"uv": [0, 0, 16, 16], "rotation": 90, "texture": "#katana3"},
				"west": {"uv": [0, 0, 16, 16], "rotation": 90, "texture": "#katana2"},
				"up": {"uv": [0, 0, 16, 16], "rotation": 90, "texture": "#katana2"}
			}
		},
		{
			"name": "katana_tuka2",
			"from": [7.425, 28, 7.45],
			"to": [9.425, 29, 8.45],
			"faces": {
				"north": {"uv": [0, 0, 16, 16], "rotation": 270, "texture": "#katana3"},
				"east": {"uv": [0, 0, 16, 16], "rotation": 90, "texture": "#katana2"},
				"south": {"uv": [0, 0, 16, 16], "rotation": 90, "texture": "#katana3"},
				"west": {"uv": [0, 0, 16, 16], "rotation": 90, "texture": "#katana2"},
				"up": {"uv": [0, 0, 16, 16], "rotation": 90, "texture": "#katana2"},
				"down": {"uv": [0, 0, 16, 16], "rotation": 90, "texture": "#katana2"}
			}
		},
		{
			"name": "katana_tuka2",
			"from": [7.375, 29, 7.45],
			"to": [9.375, 30, 8.45],
			"faces": {
				"north": {"uv": [0, 0, 16, 16], "rotation": 270, "texture": "#katana3"},
				"east": {"uv": [0, 0, 16, 16], "rotation": 90, "texture": "#katana2"},
				"south": {"uv": [0, 0, 16, 16], "rotation": 90, "texture": "#katana3"},
				"west": {"uv": [0, 0, 16, 16], "rotation": 90, "texture": "#katana2"},
				"up": {"uv": [0, 0, 16, 16], "rotation": 90, "texture": "#katana2"},
				"down": {"uv": [0, 0, 16, 16], "rotation": 90, "texture": "#katana2"}
			}
		},
		{
			"name": "katana_tuka2",
			"from": [7.2375, 31, 7.45],
			"to": [9.2375, 32, 8.45],
			"faces": {
				"north": {"uv": [0, 0, 16, 16], "rotation": 270, "texture": "#katana3"},
				"east": {"uv": [0, 0, 16, 16], "rotation": 90, "texture": "#katana2"},
				"south": {"uv": [0, 0, 16, 16], "rotation": 90, "texture": "#katana3"},
				"west": {"uv": [0, 0, 16, 16], "rotation": 90, "texture": "#katana2"},
				"up": {"uv": [0, 0, 16, 16], "rotation": 90, "texture": "#katana2"},
				"down": {"uv": [0, 0, 16, 16], "rotation": 90, "texture": "#katana2"}
			}
		},
		{
			"name": "katana_tuka2",
			"from": [7.3, 30, 7.45],
			"to": [9.3, 31, 8.45],
			"faces": {
				"north": {"uv": [0, 0, 16, 16], "rotation": 270, "texture": "#katana3"},
				"east": {"uv": [0, 0, 16, 16], "rotation": 90, "texture": "#katana2"},
				"south": {"uv": [0, 0, 16, 16], "rotation": 90, "texture": "#katana3"},
				"west": {"uv": [0, 0, 16, 16], "rotation": 90, "texture": "#katana2"},
				"up": {"uv": [0, 0, 16, 16], "rotation": 90, "texture": "#katana2"},
				"down": {"uv": [0, 0, 16, 16], "rotation": 90, "texture": "#katana2"}
			}
		},
		{
			"name": "katana_tuka2",
			"from": [7.175, 31, 7.45],
			"to": [9.175, 32, 8.45],
			"faces": {
				"north": {"uv": [0, 0, 16, 16], "rotation": 270, "texture": "#katana3"},
				"east": {"uv": [0, 0, 16, 16], "rotation": 90, "texture": "#katana2"},
				"south": {"uv": [0, 0, 16, 16], "rotation": 90, "texture": "#katana3"},
				"west": {"uv": [0, 0, 16, 16], "rotation": 90, "texture": "#katana2"},
				"up": {"uv": [0, 0, 16, 16], "rotation": 90, "texture": "#katana2"},
				"down": {"uv": [0, 0, 16, 16], "rotation": 90, "texture": "#katana2"}
			}
		},
		{
			"name": "katana_tuka2",
			"from": [7.05, 31, 7.45],
			"to": [9.05, 32, 8.45],
			"faces": {
				"north": {"uv": [0, 0, 16, 16], "rotation": 270, "texture": "#katana3"},
				"east": {"uv": [0, 0, 16, 16], "rotation": 90, "texture": "#katana2"},
				"south": {"uv": [0, 0, 16, 16], "rotation": 90, "texture": "#katana3"},
				"west": {"uv": [0, 0, 16, 16], "rotation": 90, "texture": "#katana2"},
				"up": {"uv": [0, 0, 16, 16], "rotation": 90, "texture": "#katana2"},
				"down": {"uv": [0, 0, 16, 16], "rotation": 90, "texture": "#katana2"}
			}
		},
		{
			"name": "katana_tuka2",
			"from": [6.925, 31, 7.45],
			"to": [8.925, 32, 8.45],
			"faces": {
				"north": {"uv": [0, 0, 16, 16], "rotation": 270, "texture": "#katana3"},
				"east": {"uv": [0, 0, 16, 16], "rotation": 90, "texture": "#katana2"},
				"south": {"uv": [0, 0, 16, 16], "rotation": 90, "texture": "#katana3"},
				"west": {"uv": [0, 0, 16, 16], "rotation": 90, "texture": "#katana2"},
				"up": {"uv": [0, 0, 16, 16], "rotation": 90, "texture": "#katana2"},
				"down": {"uv": [0, 0, 16, 16], "rotation": 90, "texture": "#katana2"}
			}
		},
		{
			"name": "katana_tuka2",
			"from": [6.8, 31, 7.45],
			"to": [8.8, 32, 8.45],
			"faces": {
				"north": {"uv": [0, 0, 16, 16], "rotation": 270, "texture": "#katana3"},
				"east": {"uv": [0, 0, 16, 16], "rotation": 90, "texture": "#katana2"},
				"south": {"uv": [0, 0, 16, 16], "rotation": 90, "texture": "#katana3"},
				"west": {"uv": [0, 0, 16, 16], "rotation": 90, "texture": "#katana2"},
				"up": {"uv": [0, 0, 16, 16], "rotation": 90, "texture": "#katana2"},
				"down": {"uv": [0, 0, 16, 16], "rotation": 90, "texture": "#katana2"}
			}
		},
		{
			"name": "katana_yaiba",
			"from": [7.95, 16, 7.6875],
			"to": [9.65, 17, 8.1875],
			"faces": {
				"north": {"uv": [0, 0, 16, 16], "rotation": 270, "texture": "#katana1"},
				"east": {"uv": [0, 0, 16, 3], "rotation": 90, "texture": "#katana1"},
				"south": {"uv": [0, 0, 16, 16], "rotation": 90, "texture": "#katana1"},
				"west": {"uv": [0, 13, 16, 16], "rotation": 90, "texture": "#katana1"},
				"up": {"uv": [0, 0, 16, 16], "rotation": 90, "texture": "#katana1"},
				"down": {"uv": [0, 0, 16, 16], "rotation": 90, "texture": "#katana1"}
			}
		},
		{
			"name": "katana_yaiba",
			"from": [7.8875, 18, 7.6875],
			"to": [9.5875, 19, 8.1875],
			"faces": {
				"north": {"uv": [0, 0, 16, 16], "rotation": 270, "texture": "#katana1"},
				"east": {"uv": [0, 0, 16, 3], "rotation": 90, "texture": "#katana1"},
				"south": {"uv": [0, 0, 16, 16], "rotation": 90, "texture": "#katana1"},
				"west": {"uv": [0, 13, 16, 16], "rotation": 90, "texture": "#katana1"},
				"up": {"uv": [0, 0, 16, 16], "rotation": 90, "texture": "#katana1"},
				"down": {"uv": [0, 0, 16, 16], "rotation": 90, "texture": "#katana1"}
			}
		},
		{
			"name": "katana_yaiba",
			"from": [7.7625, 23, 7.6875],
			"to": [9.4625, 24, 8.1875],
			"faces": {
				"north": {"uv": [0, 0, 16, 16], "rotation": 270, "texture": "#katana1"},
				"east": {"uv": [0, 0, 16, 3], "rotation": 90, "texture": "#katana1"},
				"south": {"uv": [0, 0, 16, 16], "rotation": 90, "texture": "#katana1"},
				"west": {"uv": [0, 13, 16, 16], "rotation": 90, "texture": "#katana1"},
				"up": {"uv": [0, 0, 16, 16], "rotation": 90, "texture": "#katana1"},
				"down": {"uv": [0, 0, 16, 16], "rotation": 90, "texture": "#katana1"}
			}
		},
		{
			"name": "katana_yaiba",
			"from": [7.7625, 22, 7.6875],
			"to": [9.4625, 23, 8.1875],
			"faces": {
				"north": {"uv": [0, 0, 16, 16], "rotation": 270, "texture": "#katana1"},
				"east": {"uv": [0, 0, 16, 3], "rotation": 90, "texture": "#katana1"},
				"south": {"uv": [0, 0, 16, 16], "rotation": 90, "texture": "#katana1"},
				"west": {"uv": [0, 13, 16, 16], "rotation": 90, "texture": "#katana1"},
				"up": {"uv": [0, 0, 16, 16], "rotation": 90, "texture": "#katana1"},
				"down": {"uv": [0, 0, 16, 16], "rotation": 90, "texture": "#katana1"}
			}
		},
		{
			"name": "katana_yaiba",
			"from": [7.825, 21, 7.6875],
			"to": [9.525, 22, 8.1875],
			"faces": {
				"north": {"uv": [0, 0, 16, 16], "rotation": 270, "texture": "#katana1"},
				"east": {"uv": [0, 0, 16, 3], "rotation": 90, "texture": "#katana1"},
				"south": {"uv": [0, 0, 16, 16], "rotation": 90, "texture": "#katana1"},
				"west": {"uv": [0, 13, 16, 16], "rotation": 90, "texture": "#katana1"},
				"up": {"uv": [0, 0, 16, 16], "rotation": 90, "texture": "#katana1"},
				"down": {"uv": [0, 0, 16, 16], "rotation": 90, "texture": "#katana1"}
			}
		},
		{
			"name": "katana_yaiba",
			"from": [7.95, 17, 7.6875],
			"to": [9.65, 18, 8.1875],
			"faces": {
				"north": {"uv": [0, 0, 16, 16], "rotation": 270, "texture": "#katana1"},
				"east": {"uv": [0, 0, 16, 3], "rotation": 90, "texture": "#katana1"},
				"south": {"uv": [0, 0, 16, 16], "rotation": 90, "texture": "#katana1"},
				"west": {"uv": [0, 13, 16, 16], "rotation": 90, "texture": "#katana1"},
				"up": {"uv": [0, 0, 16, 16], "rotation": 90, "texture": "#katana1"},
				"down": {"uv": [0, 0, 16, 16], "rotation": 90, "texture": "#katana1"}
			}
		},
		{
			"name": "katana_yaiba",
			"from": [7.6, -2, 7.6875],
			"to": [9.3, -1, 8.1875],
			"faces": {
				"north": {"uv": [0, 0, 16, 16], "rotation": 270, "texture": "#katana1"},
				"east": {"uv": [0, 0, 16, 3], "rotation": 90, "texture": "#katana1"},
				"south": {"uv": [0, 0, 16, 16], "rotation": 90, "texture": "#katana1"},
				"west": {"uv": [0, 13, 16, 16], "rotation": 90, "texture": "#katana1"},
				"up": {"uv": [0, 0, 16, 16], "rotation": 90, "texture": "#katana1"},
				"down": {"uv": [0, 0, 16, 16], "rotation": 90, "texture": "#katana1"}
			}
		},
		{
			"name": "katana_yaiba",
			"from": [7.725, 0, 7.6875],
			"to": [9.425, 1, 8.1875],
			"faces": {
				"north": {"uv": [0, 0, 16, 16], "rotation": 270, "texture": "#katana1"},
				"east": {"uv": [0, 0, 16, 3], "rotation": 90, "texture": "#katana1"},
				"south": {"uv": [0, 0, 16, 16], "rotation": 90, "texture": "#katana1"},
				"west": {"uv": [0, 13, 16, 16], "rotation": 90, "texture": "#katana1"},
				"up": {"uv": [0, 0, 16, 16], "rotation": 90, "texture": "#katana1"},
				"down": {"uv": [0, 0, 16, 16], "rotation": 90, "texture": "#katana1"}
			}
		},
		{
			"name": "katana_yaiba",
			"from": [7.85, 1, 7.6875],
			"to": [9.55, 2, 8.1875],
			"faces": {
				"north": {"uv": [0, 0, 16, 16], "rotation": 270, "texture": "#katana1"},
				"east": {"uv": [0, 0, 16, 3], "rotation": 90, "texture": "#katana1"},
				"south": {"uv": [0, 0, 16, 16], "rotation": 90, "texture": "#katana1"},
				"west": {"uv": [0, 13, 16, 16], "rotation": 90, "texture": "#katana1"},
				"up": {"uv": [0, 0, 16, 16], "rotation": 90, "texture": "#katana1"},
				"down": {"uv": [0, 0, 16, 16], "rotation": 90, "texture": "#katana1"}
			}
		},
		{
			"name": "katana_yaiba",
			"from": [7.85, 2, 7.6875],
			"to": [9.55, 3, 8.1875],
			"faces": {
				"north": {"uv": [0, 0, 16, 16], "rotation": 270, "texture": "#katana1"},
				"east": {"uv": [0, 0, 16, 3], "rotation": 90, "texture": "#katana1"},
				"south": {"uv": [0, 0, 16, 16], "rotation": 90, "texture": "#katana1"},
				"west": {"uv": [0, 13, 16, 16], "rotation": 90, "texture": "#katana1"},
				"up": {"uv": [0, 0, 16, 16], "rotation": 90, "texture": "#katana1"},
				"down": {"uv": [0, 0, 16, 16], "rotation": 90, "texture": "#katana1"}
			}
		},
		{
			"name": "katana_yaiba",
			"from": [7.9, 3, 7.6875],
			"to": [9.6, 4, 8.1875],
			"faces": {
				"north": {"uv": [0, 0, 16, 16], "rotation": 270, "texture": "#katana1"},
				"east": {"uv": [0, 0, 16, 3], "rotation": 90, "texture": "#katana1"},
				"south": {"uv": [0, 0, 16, 16], "rotation": 90, "texture": "#katana1"},
				"west": {"uv": [0, 13, 16, 16], "rotation": 90, "texture": "#katana1"},
				"up": {"uv": [0, 0, 16, 16], "rotation": 90, "texture": "#katana1"},
				"down": {"uv": [0, 0, 16, 16], "rotation": 90, "texture": "#katana1"}
			}
		},
		{
			"name": "katana_yaiba",
			"from": [7.9, 4, 7.6875],
			"to": [9.6, 5, 8.1875],
			"faces": {
				"north": {"uv": [0, 0, 16, 16], "rotation": 270, "texture": "#katana1"},
				"east": {"uv": [0, 0, 16, 3], "rotation": 90, "texture": "#katana1"},
				"south": {"uv": [0, 0, 16, 16], "rotation": 90, "texture": "#katana1"},
				"west": {"uv": [0, 13, 16, 16], "rotation": 90, "texture": "#katana1"},
				"up": {"uv": [0, 0, 16, 16], "rotation": 90, "texture": "#katana1"},
				"down": {"uv": [0, 0, 16, 16], "rotation": 90, "texture": "#katana1"}
			}
		},
		{
			"name": "katana_yaiba",
			"from": [6.95, -7, 7.6875],
			"to": [8.25, -6.5, 8.1875],
			"faces": {
				"north": {"uv": [0, 0, 16, 16], "rotation": 270, "texture": "#katana1"},
				"east": {"uv": [0, 0, 16, 3], "rotation": 90, "texture": "#katana1"},
				"south": {"uv": [0, 0, 16, 16], "rotation": 90, "texture": "#katana1"},
				"west": {"uv": [0, 13, 16, 16], "rotation": 90, "texture": "#katana1"},
				"up": {"uv": [0, 0, 16, 16], "rotation": 90, "texture": "#katana1"},
				"down": {"uv": [0, 0, 16, 16], "rotation": 90, "texture": "#katana1"}
			}
		},
		{
			"name": "katana_yaiba",
			"from": [6.9, -7, 7.6875],
			"to": [8, -6.75, 8.1875],
			"faces": {
				"north": {"uv": [0, 0, 16, 16], "rotation": 270, "texture": "#katana1"},
				"east": {"uv": [0, 0, 16, 3], "rotation": 90, "texture": "#katana1"},
				"south": {"uv": [0, 0, 16, 16], "rotation": 90, "texture": "#katana1"},
				"west": {"uv": [0, 13, 16, 16], "rotation": 90, "texture": "#katana1"},
				"up": {"uv": [0, 0, 16, 16], "rotation": 90, "texture": "#katana1"},
				"down": {"uv": [0, 0, 16, 16], "rotation": 90, "texture": "#katana1"}
			}
		},
		{
			"name": "katana_yaiba",
			"from": [7, -7, 7.6875],
			"to": [8.5, -6.5, 8.1875],
			"faces": {
				"north": {"uv": [0, 0, 16, 16], "rotation": 270, "texture": "#katana1"},
				"east": {"uv": [0, 0, 16, 3], "rotation": 90, "texture": "#katana1"},
				"south": {"uv": [0, 0, 16, 16], "rotation": 90, "texture": "#katana1"},
				"west": {"uv": [0, 13, 16, 16], "rotation": 90, "texture": "#katana1"},
				"up": {"uv": [0, 0, 16, 16], "rotation": 90, "texture": "#katana1"},
				"down": {"uv": [0, 0, 16, 16], "rotation": 90, "texture": "#katana1"}
			}
		},
		{
			"name": "katana_yaiba",
			"from": [7.575, -3, 7.6875],
			"to": [9.275, -2, 8.1875],
			"faces": {
				"north": {"uv": [0, 0, 16, 16], "rotation": 270, "texture": "#katana1"},
				"east": {"uv": [0, 0, 16, 3], "rotation": 90, "texture": "#katana1"},
				"south": {"uv": [0, 0, 16, 16], "rotation": 90, "texture": "#katana1"},
				"west": {"uv": [0, 13, 16, 16], "rotation": 90, "texture": "#katana1"},
				"up": {"uv": [0, 0, 16, 16], "rotation": 90, "texture": "#katana1"},
				"down": {"uv": [0, 0, 16, 16], "rotation": 90, "texture": "#katana1"}
			}
		},
		{
			"name": "katana_yaiba",
			"from": [7.45, -4, 7.6875],
			"to": [9.15, -3, 8.1875],
			"faces": {
				"north": {"uv": [0, 0, 16, 16], "rotation": 270, "texture": "#katana1"},
				"east": {"uv": [0, 0, 16, 3], "rotation": 90, "texture": "#katana1"},
				"south": {"uv": [0, 0, 16, 16], "rotation": 90, "texture": "#katana1"},
				"west": {"uv": [0, 13, 16, 16], "rotation": 90, "texture": "#katana1"},
				"up": {"uv": [0, 0, 16, 16], "rotation": 90, "texture": "#katana1"},
				"down": {"uv": [0, 0, 16, 16], "rotation": 90, "texture": "#katana1"}
			}
		},
		{
			"name": "katana_yaiba",
			"from": [7.725, -1, 7.6875],
			"to": [9.425, 0, 8.1875],
			"faces": {
				"north": {"uv": [0, 0, 16, 16], "rotation": 270, "texture": "#katana1"},
				"east": {"uv": [0, 0, 16, 3], "rotation": 90, "texture": "#katana1"},
				"south": {"uv": [0, 0, 16, 16], "rotation": 90, "texture": "#katana1"},
				"west": {"uv": [0, 13, 16, 16], "rotation": 90, "texture": "#katana1"},
				"up": {"uv": [0, 0, 16, 16], "rotation": 90, "texture": "#katana1"},
				"down": {"uv": [0, 0, 16, 16], "rotation": 90, "texture": "#katana1"}
			}
		},
		{
			"name": "katana_yaiba",
			"from": [7.2, -6, 7.6875],
			"to": [8.9, -5, 8.1875],
			"faces": {
				"north": {"uv": [0, 0, 16, 16], "rotation": 270, "texture": "#katana1"},
				"east": {"uv": [0, 0, 16, 3], "rotation": 90, "texture": "#katana1"},
				"south": {"uv": [0, 0, 16, 16], "rotation": 90, "texture": "#katana1"},
				"west": {"uv": [0, 13, 16, 16], "rotation": 90, "texture": "#katana1"},
				"up": {"uv": [0, 0, 16, 16], "rotation": 90, "texture": "#katana1"},
				"down": {"uv": [0, 0, 16, 16], "rotation": 90, "texture": "#katana1"}
			}
		},
		{
			"name": "katana_yaiba",
			"from": [7.075, -6.5, 7.6875],
			"to": [8.775, -6, 8.1875],
			"faces": {
				"north": {"uv": [0, 0, 16, 16], "rotation": 270, "texture": "#katana1"},
				"east": {"uv": [0, 0, 16, 3], "rotation": 90, "texture": "#katana1"},
				"south": {"uv": [0, 0, 16, 16], "rotation": 90, "texture": "#katana1"},
				"west": {"uv": [0, 13, 16, 16], "rotation": 90, "texture": "#katana1"},
				"up": {"uv": [0, 0, 16, 16], "rotation": 90, "texture": "#katana1"},
				"down": {"uv": [0, 0, 16, 16], "rotation": 90, "texture": "#katana1"}
			}
		},
		{
			"name": "katana_yaiba",
			"from": [7.325, -5, 7.6875],
			"to": [9.025, -4, 8.1875],
			"faces": {
				"north": {"uv": [0, 0, 16, 16], "rotation": 270, "texture": "#katana1"},
				"east": {"uv": [0, 0, 16, 3], "rotation": 90, "texture": "#katana1"},
				"south": {"uv": [0, 0, 16, 16], "rotation": 90, "texture": "#katana1"},
				"west": {"uv": [0, 13, 16, 16], "rotation": 90, "texture": "#katana1"},
				"up": {"uv": [0, 0, 16, 16], "rotation": 90, "texture": "#katana1"},
				"down": {"uv": [0, 0, 16, 16], "rotation": 90, "texture": "#katana1"}
			}
		},
		{
			"name": "katana_yaiba",
			"from": [7.825, 20, 7.6875],
			"to": [9.525, 21, 8.1875],
			"faces": {
				"north": {"uv": [0, 0, 16, 16], "rotation": 270, "texture": "#katana1"},
				"east": {"uv": [0, 0, 16, 3], "rotation": 90, "texture": "#katana1"},
				"south": {"uv": [0, 0, 16, 16], "rotation": 90, "texture": "#katana1"},
				"west": {"uv": [0, 13, 16, 16], "rotation": 90, "texture": "#katana1"},
				"up": {"uv": [0, 0, 16, 16], "rotation": 90, "texture": "#katana1"},
				"down": {"uv": [0, 0, 16, 16], "rotation": 90, "texture": "#katana1"}
			}
		},
		{
			"name": "katana_yaiba",
			"from": [7.8875, 19, 7.6875],
			"to": [9.5875, 20, 8.1875],
			"faces": {
				"north": {"uv": [0, 0, 16, 16], "rotation": 270, "texture": "#katana1"},
				"east": {"uv": [0, 0, 16, 3], "rotation": 90, "texture": "#katana1"},
				"south": {"uv": [0, 0, 16, 16], "rotation": 90, "texture": "#katana1"},
				"west": {"uv": [0, 13, 16, 16], "rotation": 90, "texture": "#katana1"},
				"up": {"uv": [0, 0, 16, 16], "rotation": 90, "texture": "#katana1"},
				"down": {"uv": [0, 0, 16, 16], "rotation": 90, "texture": "#katana1"}
			}
		},
		{
			"name": "katana_yaiba",
			"from": [6.7875, -7, 7.6875],
			"to": [7.6875, -6.75, 8.1875],
			"faces": {
				"north": {"uv": [0, 0, 16, 16], "rotation": 270, "texture": "#katana1"},
				"east": {"uv": [0, 0, 16, 3], "rotation": 90, "texture": "#katana1"},
				"south": {"uv": [0, 0, 16, 16], "rotation": 90, "texture": "#katana1"},
				"west": {"uv": [0, 13, 16, 16], "rotation": 90, "texture": "#katana1"},
				"up": {"uv": [0, 0, 16, 16], "rotation": 90, "texture": "#katana1"},
				"down": {"uv": [0, 0, 16, 16], "rotation": 90, "texture": "#katana1"}
			}
		},
		{
			"name": "katana_yaiba",
			"from": [6.7375, -7, 7.6875],
			"to": [7.4375, -6.75, 8.1875],
			"faces": {
				"north": {"uv": [0, 0, 16, 16], "rotation": 270, "texture": "#katana1"},
				"east": {"uv": [0, 0, 16, 3], "rotation": 90, "texture": "#katana1"},
				"south": {"uv": [0, 0, 16, 16], "rotation": 90, "texture": "#katana1"},
				"west": {"uv": [0, 13, 16, 16], "rotation": 90, "texture": "#katana1"},
				"up": {"uv": [0, 0, 16, 16], "rotation": 90, "texture": "#katana1"},
				"down": {"uv": [0, 0, 16, 16], "rotation": 90, "texture": "#katana1"}
			}
		},
		{
			"name": "katana_yaiba",
			"from": [6.6875, -7, 7.6875],
			"to": [7.1875, -6.75, 8.1875],
			"faces": {
				"north": {"uv": [0, 0, 16, 16], "rotation": 270, "texture": "#katana1"},
				"east": {"uv": [0, 0, 16, 3], "rotation": 90, "texture": "#katana1"},
				"south": {"uv": [0, 0, 16, 16], "rotation": 90, "texture": "#katana1"},
				"west": {"uv": [0, 13, 16, 16], "rotation": 90, "texture": "#katana1"},
				"down": {"uv": [0, 0, 16, 16], "rotation": 90, "texture": "#katana1"}
			}
		},
		{
			"name": "katana_yaiba",
			"from": [7.95, 15, 7.6875],
			"to": [9.65, 16, 8.1875],
			"faces": {
				"north": {"uv": [0, 0, 16, 16], "rotation": 270, "texture": "#katana1"},
				"east": {"uv": [0, 0, 16, 3], "rotation": 90, "texture": "#katana1"},
				"south": {"uv": [0, 0, 16, 16], "rotation": 90, "texture": "#katana1"},
				"west": {"uv": [0, 13, 16, 16], "rotation": 90, "texture": "#katana1"},
				"up": {"uv": [0, 0, 16, 16], "rotation": 90, "texture": "#katana1"},
				"down": {"uv": [0, 0, 16, 16], "rotation": 90, "texture": "#katana1"}
			}
		},
		{
			"name": "katana_yaiba",
			"from": [7.95, 14, 7.6875],
			"to": [9.65, 15, 8.1875],
			"faces": {
				"north": {"uv": [0, 0, 16, 16], "rotation": 270, "texture": "#katana1"},
				"east": {"uv": [0, 0, 16, 3], "rotation": 90, "texture": "#katana1"},
				"south": {"uv": [0, 0, 16, 16], "rotation": 90, "texture": "#katana1"},
				"west": {"uv": [0, 13, 16, 16], "rotation": 90, "texture": "#katana1"},
				"up": {"uv": [0, 0, 16, 16], "rotation": 90, "texture": "#katana1"},
				"down": {"uv": [0, 0, 16, 16], "rotation": 90, "texture": "#katana1"}
			}
		},
		{
			"name": "katana_yaiba",
			"from": [7.95, 12, 7.6875],
			"to": [9.65, 13, 8.1875],
			"faces": {
				"north": {"uv": [0, 0, 16, 16], "rotation": 270, "texture": "#katana1"},
				"east": {"uv": [0, 0, 16, 3], "rotation": 90, "texture": "#katana1"},
				"south": {"uv": [0, 0, 16, 16], "rotation": 90, "texture": "#katana1"},
				"west": {"uv": [0, 13, 16, 16], "rotation": 90, "texture": "#katana1"},
				"up": {"uv": [0, 0, 16, 16], "rotation": 90, "texture": "#katana1"},
				"down": {"uv": [0, 0, 16, 16], "rotation": 90, "texture": "#katana1"}
			}
		},
		{
			"name": "katana_yaiba",
			"from": [7.95, 13, 7.6875],
			"to": [9.65, 14, 8.1875],
			"faces": {
				"north": {"uv": [0, 0, 16, 16], "rotation": 270, "texture": "#katana1"},
				"east": {"uv": [0, 0, 16, 3], "rotation": 90, "texture": "#katana1"},
				"south": {"uv": [0, 0, 16, 16], "rotation": 90, "texture": "#katana1"},
				"west": {"uv": [0, 13, 16, 16], "rotation": 90, "texture": "#katana1"},
				"up": {"uv": [0, 0, 16, 16], "rotation": 90, "texture": "#katana1"},
				"down": {"uv": [0, 0, 16, 16], "rotation": 90, "texture": "#katana1"}
			}
		},
		{
			"name": "katana_yaiba",
			"from": [7.95, 11, 7.6875],
			"to": [9.65, 12, 8.1875],
			"faces": {
				"north": {"uv": [0, 0, 16, 16], "rotation": 270, "texture": "#katana1"},
				"east": {"uv": [0, 0, 16, 3], "rotation": 90, "texture": "#katana1"},
				"south": {"uv": [0, 0, 16, 16], "rotation": 90, "texture": "#katana1"},
				"west": {"uv": [0, 13, 16, 16], "rotation": 90, "texture": "#katana1"},
				"up": {"uv": [0, 0, 16, 16], "rotation": 90, "texture": "#katana1"},
				"down": {"uv": [0, 0, 16, 16], "rotation": 90, "texture": "#katana1"}
			}
		},
		{
			"name": "katana_yaiba",
			"from": [7.95, 9, 7.6875],
			"to": [9.65, 10, 8.1875],
			"faces": {
				"north": {"uv": [0, 0, 16, 16], "rotation": 270, "texture": "#katana1"},
				"east": {"uv": [0, 0, 16, 3], "rotation": 90, "texture": "#katana1"},
				"south": {"uv": [0, 0, 16, 16], "rotation": 90, "texture": "#katana1"},
				"west": {"uv": [0, 13, 16, 16], "rotation": 90, "texture": "#katana1"},
				"up": {"uv": [0, 0, 16, 16], "rotation": 90, "texture": "#katana1"},
				"down": {"uv": [0, 0, 16, 16], "rotation": 90, "texture": "#katana1"}
			}
		},
		{
			"name": "katana_yaiba",
			"from": [7.95, 10, 7.6875],
			"to": [9.65, 11, 8.1875],
			"faces": {
				"north": {"uv": [0, 0, 16, 16], "rotation": 270, "texture": "#katana1"},
				"east": {"uv": [0, 0, 16, 3], "rotation": 90, "texture": "#katana1"},
				"south": {"uv": [0, 0, 16, 16], "rotation": 90, "texture": "#katana1"},
				"west": {"uv": [0, 13, 16, 16], "rotation": 90, "texture": "#katana1"},
				"up": {"uv": [0, 0, 16, 16], "rotation": 90, "texture": "#katana1"},
				"down": {"uv": [0, 0, 16, 16], "rotation": 90, "texture": "#katana1"}
			}
		},
		{
			"name": "katana1_tuka",
			"from": [6.65, 31.125, 7.4375],
			"to": [8.65, 32, 8.4375],
			"faces": {
				"north": {"uv": [0, 0, 16, 16], "rotation": 270, "texture": "#katana3"},
				"east": {"uv": [0, 0, 16, 16], "rotation": 90, "texture": "#katana2"},
				"south": {"uv": [0, 0, 16, 16], "rotation": 90, "texture": "#katana3"},
				"west": {"uv": [0, 0, 16, 16], "rotation": 90, "texture": "#katana2"},
				"up": {"uv": [0, 0, 16, 16], "rotation": 90, "texture": "#katana2"},
				"down": {"uv": [0, 0, 16, 16], "rotation": 90, "texture": "#katana2"}
			}
		},
		{
			"name": "katana1_tuka",
			"from": [6.525, 31.375, 7.4375],
			"to": [8.525, 32, 8.4375],
			"faces": {
				"north": {"uv": [0, 0, 16, 16], "rotation": 270, "texture": "#katana4"},
				"east": {"uv": [0, 0, 16, 16], "rotation": 90, "texture": "#katana4"},
				"south": {"uv": [0, 0, 16, 16], "rotation": 90, "texture": "#katana4"},
				"west": {"uv": [0, 0, 16, 16], "rotation": 90, "texture": "#katana4"},
				"up": {"uv": [0, 0, 16, 16], "rotation": 90, "texture": "#katana4"},
				"down": {"uv": [0, 0, 16, 16], "rotation": 90, "texture": "#katana4"}
			}
		},
		{
			"name": "katana_yaiba*",
			"from": [7.9, 5, 7.6875],
			"to": [9.6, 6, 8.1875],
			"faces": {
				"north": {"uv": [0, 0, 16, 16], "rotation": 270, "texture": "#katana1"},
				"east": {"uv": [0, 0, 16, 3], "rotation": 90, "texture": "#katana1"},
				"south": {"uv": [0, 0, 16, 16], "rotation": 90, "texture": "#katana1"},
				"west": {"uv": [0, 13, 16, 16], "rotation": 90, "texture": "#katana1"},
				"up": {"uv": [0, 0, 16, 16], "rotation": 90, "texture": "#katana1"},
				"down": {"uv": [0, 0, 16, 16], "rotation": 90, "texture": "#katana1"}
			}
		},
		{
			"name": "katana_yaiba*",
			"from": [7.95, 8, 7.6875],
			"to": [9.65, 9, 8.1875],
			"faces": {
				"north": {"uv": [0, 0, 16, 16], "rotation": 270, "texture": "#katana1"},
				"east": {"uv": [0, 0, 16, 3], "rotation": 90, "texture": "#katana1"},
				"south": {"uv": [0, 0, 16, 16], "rotation": 90, "texture": "#katana1"},
				"west": {"uv": [0, 13, 16, 16], "rotation": 90, "texture": "#katana1"},
				"up": {"uv": [0, 0, 16, 16], "rotation": 90, "texture": "#katana1"},
				"down": {"uv": [0, 0, 16, 16], "rotation": 90, "texture": "#katana1"}
			}
		},
		{
			"name": "katana_yaiba*",
			"from": [7.95, 6, 7.6875],
			"to": [9.65, 7, 8.1875],
			"faces": {
				"north": {"uv": [0, 0, 16, 16], "rotation": 270, "texture": "#katana1"},
				"east": {"uv": [0, 0, 16, 3], "rotation": 90, "texture": "#katana1"},
				"south": {"uv": [0, 0, 16, 16], "rotation": 90, "texture": "#katana1"},
				"west": {"uv": [0, 13, 16, 16], "rotation": 90, "texture": "#katana1"},
				"up": {"uv": [0, 0, 16, 16], "rotation": 90, "texture": "#katana1"},
				"down": {"uv": [0, 0, 16, 16], "rotation": 90, "texture": "#katana1"}
			}
		},
		{
			"name": "katana_yaiba*",
			"from": [7.95, 7, 7.6875],
			"to": [9.65, 8, 8.1875],
			"faces": {
				"north": {"uv": [0, 0, 16, 16], "rotation": 270, "texture": "#katana1"},
				"east": {"uv": [0, 0, 16, 3], "rotation": 90, "texture": "#katana1"},
				"south": {"uv": [0, 0, 16, 16], "rotation": 90, "texture": "#katana1"},
				"west": {"uv": [0, 13, 16, 16], "rotation": 90, "texture": "#katana1"},
				"up": {"uv": [0, 0, 16, 16], "rotation": 90, "texture": "#katana1"},
				"down": {"uv": [0, 0, 16, 16], "rotation": 90, "texture": "#katana1"}
			}
		}
	],
	"display": {
		"thirdperson_righthand": {
			"rotation": [0, 90, 0],
			"translation": [0.25, -12.5, 0],
			"scale": [0.8, 0.8, 0.8]
		},
		"thirdperson_lefthand": {
			"rotation": [0, -90, 0],
			"translation": [0, -12.5, 0],
			"scale": [0.8, 0.8, 0.8]
		},
		"firstperson_righthand": {
			"rotation": [-66, 60, 15],
			"translation": [20, -15, -0.5]
		},
		"firstperson_lefthand": {
			"rotation": [-21, -115, 45],
			"translation": [7.75, -6.75, 3],
			"scale": [0.7, 0.7, 0.7]
		},
		"ground": {
			"translation": [0, 4, 0]
		},
		"gui": {
			"rotation": [0, 0, -45],
			"translation": [-1.5, -2, 0],
			"scale": [0.5, 0.5, 0.5]
		},
		"head": {
			"translation": [0, -19, 9]
		},
		"fixed": {
			"rotation": [0, 0, -50],
			"translation": [0, 0, -1],
			"scale": [0.5, 0.5, 0.5]
		}
	},
	"groups": [
		{
			"name": "group",
			"origin": [8, 8, 8],
			"children": [0, 1, 2, 3, 4, 5, 6, 7, 8, 9, 10, 11, 12, 13, 14, 15, 16, 17, 18, 19, 20, 21, 22, 23, 24, 25, 26, 27, 28, 29, 30, 31, 32, 33, 34, 35, 36, 37, 38, 39, 40, 41, 42, 43, 44, 45, 46, 47, 48, 49, 50, 51, 52, 53, 54, 55]
		}
	]
}