﻿{
    "pools": [
        {
            "rolls": {
                "min": 4,
                "max": 8
            },
            "entries": [
                {
                    "type": "loot_table",
                    "name": "usb:chests/wool/itemrank/F",
                    "weight": 1
                },
                {
                    "type": "loot_table",
                    "name": "usb:chests/wool/itemrank/E",
                    "weight": 1
                }
            ]
        }
    ]
}