﻿{
    "pools": [
        {
            "rolls": {
                "min": 4,
                "max": 6
            },
            "entries": [
                {
                    "type": "loot_table",
                    "name": "usb:chests/wool/itemrank/D",
                    "weight": 1
                },
                {
                    "type": "loot_table",
                    "name": "usb:chests/wool/itemrank/C",
                    "weight": 1
                }
            ]
        }
    ]
}