﻿{
    "pools": [
        {
            "rolls": {
                "min": 4,
                "max": 6
            },
            "entries": [
                {
                    "type": "loot_table",
                    "name": "usb:chests/wool/itemrank/B",
                    "weight": 1
                }
            ]
        },
        {
            "rolls": {
                "min": 0,
                "max": 1
            },
            "entries": [
                {
                    "type": "loot_table",
                    "name": "usb:chests/Hatena",
                    "weight": 1
                }
            ]
        }
    ]
}