{    "pools": [        {            "rolls": 1,            "entries": [              {                "type": "item",                "name": "minecraft:written_book",                "weight": 1,                "functions": [                  {                    "function": "set_nbt",                    "tag": "{RepairCost:1000000000,pages:[\"[\\\"\\\",{\\\"text\\\":\\\"\\\\u53d6\\\\u308a\\\\u6271\\\\u3044\\\\u8aac\\\\u660e\\\\u66f8\\\\uff1a\\\\u6cbc\\\",\\\"bold\\\":true,\\\"color\\\":\\\"gold\\\"},{\\\"text\\\":\\\"\\\\n\\\\n\\\\u5f53\\\\u65b9\\\\u306f\\\\u30ac\\\\u30c1\\\\u30e3\\\\u7d50\\\\u679c\\\\u3001\\\\u666f\\\\u54c1\\\\u306b\\\\u3088\\\\u308b\\\\u5982\\\\u4f55\\\\u306a\\\\u308b\\\\u640d\\\\u5bb3\\\\u7b49\\\\u306b\\\\u95a2\\\\u3057\\\\u3001\\\\u4e00\\\\u5207\\\\u306e\\\\u8cac\\\\u4efb\\\\u3092\\\\u8ca0\\\\u3044\\\\u304b\\\\u306d\\\\u307e\\\\u3059\\\\u3002\\\",\\\"color\\\":\\\"reset\\\"}]\",\"[\\\"\\\",{\\\"text\\\":\\\"\\\\u7b2c\\\\u4e00\\\\u9805\\\\uff1a\\\\u6392\\\\u51fa\\\\u78ba\\\\u7387\\\",\\\"bold\\\":true,\\\"color\\\":\\\"blue\\\"},{\\\"text\\\":\\\"\\\\n\\\\n\\\\u798f\\\\u5f15\\\\u5238:100%\\\\n\\\\u30cf\\\\u30b9\\\\u306b\\\\u512a\\\\u3057\\\\u3044\\\\u30c6\\\\u30a3\\\\u30c3\\\\u30b7\\\\u30e5:15%\\\\n\\\\u6e05\\\\u3089\\\\u304b\\\\u306a\\\\u30dd\\\\u30fc\\\\u30b7\\\\u30e7\\\\u30f3:15%\\\\n\\\\u5e97\\\\u4e3b\\\\u306e\\\\u982d\\\\u3092\\\\\\\"\\\\u6a21\\\\u3057\\\\u305f\\\\\\\"\\\\u982d:10%\\\\n\\\\u73fe\\\\u72b6\\\\u306b\\\\u4e0d\\\\u6e80\\\\u306a\\\\u8cb4\\\\u65b9\\\\u306b:10%\\\\n\\\\u304a\\\\u307e\\\\u307e\\\\u3054\\\\u3068\\\\u30bb\\\\u30c3\\\\u30c8:10%\\\\n\\\\u7f8e\\\\u5473\\\\u3057\\\\u3044\\\\u30d1\\\\u30f3:10%\\\\n\\\\u7121\\\\u9650\\\\u306e\\\\u98df\\\\u6599:10%\\\\n\\\\u5973\\\\u795e\\\\u306e\\\\u7aff:7%\\\\n\\\\u8acd\\\\u3044\\\\u306e\\\\u7a2e:5%\\\\n\\\\u3068\\\\u3066\\\\u3082\\\\u7f8e\\\\u3057\\\\u3044\\\\u82b1:8%\\\",\\\"color\\\":\\\"reset\\\"}]\",\"[\\\"\\\",{\\\"text\\\":\\\"\\\\u7b2c\\\\u4e8c\\\\u9805\\\\uff1a\\\\u30ac\\\\u30e9\\\\u30dd\\\\u30f3\\\\u306e\\\\u6392\\\\u51fa\\\\u78ba\\\\u7387\\\",\\\"bold\\\":true,\\\"color\\\":\\\"dark_green\\\"},{\\\"text\\\":\\\"\\\\n\\\\n\\\\u9ed2\\\\u7389:3%\\\\n\\\",\\\"color\\\":\\\"reset\\\"},{\\\"text\\\":\\\"\\\\u7d2b\\\\u7389:7%\\\",\\\"color\\\":\\\"dark_purple\\\"},{\\\"text\\\":\\\"\\\\n\\\",\\\"color\\\":\\\"reset\\\"},{\\\"text\\\":\\\"\\\\u8d64\\\\u7389:10%\\\",\\\"color\\\":\\\"red\\\"},{\\\"text\\\":\\\"\\\\n\\\",\\\"color\\\":\\\"reset\\\"},{\\\"text\\\":\\\"\\\\u9ec4\\\\u7389:15%\\\",\\\"color\\\":\\\"gold\\\"},{\\\"text\\\":\\\"\\\\n\\\",\\\"color\\\":\\\"reset\\\"},{\\\"text\\\":\\\"\\\\u7dd1\\\\u7389:25%\\\",\\\"color\\\":\\\"dark_aqua\\\"},{\\\"text\\\":\\\"\\\\n\\\",\\\"color\\\":\\\"reset\\\"},{\\\"text\\\":\\\"\\\\u767d\\\\u7389:40%\\\",\\\"color\\\":\\\"gray\\\"}]\",\"[\\\"\\\",{\\\"text\\\":\\\"\\\\u7b2c\\\\u4e09\\\\u9805\\\\uff1a\\\\u666f\\\\u54c1\\\\u306e\\\\u53d6\\\\u308a\\\\u6271\\\\u3044\\\\u306b\\\\u3064\\\\u3044\\\\u3066\\\",\\\"bold\\\":true,\\\"color\\\":\\\"dark_red\\\"},{\\\"text\\\":\\\"\\\\n\\\\n1:\\\\u5f37\\\\u3044\\\\u529b\\\\u306b\\\\u306f\\\\u3001\\\\u305d\\\\u308c\\\\u306a\\\\u308a\\\\u306e\\\\u4ee3\\\\u511f\\\\u304c\\\\u4ed8\\\\u304d\\\\u7e8f\\\\u3044\\\\u307e\\\\u3059\\\\u3002\\\\n\\\\n2:\\\\u8aa4\\\\u3063\\\\u305f\\\\u4f7f\\\\u3044\\\\u65b9\\\\u3092\\\\u3059\\\\u308b\\\\u3068\\\\u3001\\\\u547d\\\\u306b\\\\u95a2\\\\u308f\\\\u308b\\\\u5834\\\\u5408\\\\u304c\\\\u3042\\\\u308a\\\\u307e\\\\u3059\\\\u3002\\\\n\\\\n3:\\\\u8aa4\\\\u5b57\\\\u306b\\\\u6c17\\\\u3092\\\\u4ed8\\\\u3051\\\\u3066\\\\uff01\\\",\\\"color\\\":\\\"reset\\\"}]\"],title:\"§2§l§n説明書\",author:AlgaeDare,generation:1,display:{Lore:[\"§7§r内容の薄さに反し、六法全書の如き§2§l厚さ§7§rと\",\"§c§n§l攻撃力§7§rを誇っている。\"]},AttributeModifiers:[{AttributeName:\"generic.maxHealth\",Name:\"generic.maxHealth\",Amount:10,Operation:0,UUIDLeast:528305,UUIDMost:332472,Slot:\"offhand\"},{AttributeName:\"generic.followRange\",Name:\"generic.followRange\",Amount:-2,Operation:0,UUIDLeast:585587,UUIDMost:833114,Slot:\"offhand\"},{AttributeName:\"generic.knockbackResistance\",Name:\"generic.knockbackResistance\",Amount:0.5,Operation:0,UUIDLeast:940476,UUIDMost:241142,Slot:\"offhand\"},{AttributeName:\"generic.movementSpeed\",Name:\"generic.movementSpeed\",Amount:-0.5,Operation:2,UUIDLeast:87926,UUIDMost:126990,Slot:\"offhand\"},{AttributeName:\"generic.attackDamage\",Name:\"generic.attackDamage\",Amount:5,Operation:0,UUIDLeast:604637,UUIDMost:644316,Slot:\"offhand\"},{AttributeName:\"generic.armor\",Name:\"generic.armor\",Amount:8,Operation:0,UUIDLeast:412204,UUIDMost:687464,Slot:\"offhand\"},{AttributeName:\"generic.attackSpeed\",Name:\"generic.attackSpeed\",Amount:-0.3,Operation:2,UUIDLeast:363987,UUIDMost:494253,Slot:\"offhand\"},{AttributeName:\"generic.maxHealth\",Name:\"generic.maxHealth\",Amount:10,Operation:0,UUIDLeast:528305,UUIDMost:332472,Slot:\"mainhand\"},{AttributeName:\"generic.followRange\",Name:\"generic.followRange\",Amount:-0.1,Operation:2,UUIDLeast:585587,UUIDMost:833114,Slot:\"mainhand\"},{AttributeName:\"generic.knockbackResistance\",Name:\"generic.knockbackResistance\",Amount:0.3,Operation:0,UUIDLeast:940476,UUIDMost:241142,Slot:\"mainhand\"},{AttributeName:\"generic.movementSpeed\",Name:\"generic.movementSpeed\",Amount:-0.5,Operation:2,UUIDLeast:87926,UUIDMost:126990,Slot:\"mainhand\"},{AttributeName:\"generic.attackDamage\",Name:\"generic.attackDamage\",Amount:30,Operation:0,UUIDLeast:604637,UUIDMost:644316,Slot:\"mainhand\"},{AttributeName:\"generic.armor\",Name:\"generic.armor\",Amount:8,Operation:0,UUIDLeast:412204,UUIDMost:687464,Slot:\"mainhand\"},{AttributeName:\"generic.attackSpeed\",Name:\"generic.attackSpeed\",Amount:-3,Operation:0,UUIDLeast:363987,UUIDMost:494253,Slot:\"mainhand\"},{AttributeName:\"generic.maxHealth\",Name:\"generic.maxHealth\",Amount:-1,Operation:2,UUIDLeast:757968,UUIDMost:58755,Slot:\"head\"},{AttributeName:\"generic.followRange\",Name:\"generic.followRange\",Amount:-1,Operation:2,UUIDLeast:529433,UUIDMost:839293,Slot:\"head\"},{AttributeName:\"generic.knockbackResistance\",Name:\"generic.knockbackResistance\",Amount:10,Operation:0,UUIDLeast:934963,UUIDMost:774443,Slot:\"head\"},{AttributeName:\"generic.movementSpeed\",Name:\"generic.movementSpeed\",Amount:-1,Operation:2,UUIDLeast:33100,UUIDMost:904189,Slot:\"head\"}]}"                  }                ]              }            ]        }    ]}