{
  "pools": [
    {
      "rolls": 1,
      "entries": [
            {
          "type": "item",
          "name": "minecraft:spawn_egg",
          "weight": 10,
          "functions": [
            {
              "function": "set_count",
              "count": 1
            },
            {
              "function": "minecraft:set_nbt",
              "tag": "{RepairCost:1000000000,ench:[],HideFlags:16,display:{Name:\"§e鶏§7が先か、§f卵§7が先か\",Lore:[]},EntityTag:{DeathLootTable:\"usb:signs/swamp/chicken\",id:\"Chicken\",Glowing:1b,NoAI:1},CanPlaceOn:[\"minecraft:stone\",\"minecraft:grass\",\"minecraft:dirt\",\"minecraft:cobblestone\",\"minecraft:planks\",\"minecraft:sapling\",\"minecraft:bedrock\",\"minecraft:flowing_water\",\"minecraft:water\",\"minecraft:flowing_lava\",\"minecraft:lava\",\"minecraft:sand\",\"minecraft:gravel\",\"minecraft:gold_ore\",\"minecraft:iron_ore\",\"minecraft:coal_ore\",\"minecraft:log\",\"minecraft:leaves\",\"minecraft:sponge\",\"minecraft:glass\",\"minecraft:lapis_ore\",\"minecraft:lapis_block\",\"minecraft:dispenser\",\"minecraft:sandstone\",\"minecraft:noteblock\",\"minecraft:bed\",\"minecraft:golden_rail\",\"minecraft:detector_rail\",\"minecraft:sticky_piston\",\"minecraft:web\",\"minecraft:tallgrass\",\"minecraft:deadbush\",\"minecraft:piston\",\"minecraft:piston_head\",\"minecraft:wool\",\"minecraft:piston_extension\",\"minecraft:yellow_flower\",\"minecraft:red_flower\",\"minecraft:brown_mushroom\",\"minecraft:red_mushroom\",\"minecraft:gold_block\",\"minecraft:iron_block\",\"minecraft:double_stone_slab\",\"minecraft:stone_slab\",\"minecraft:brick_block\",\"minecraft:tnt\",\"minecraft:bookshelf\",\"minecraft:mossy_cobblestone\",\"minecraft:obsidian\",\"minecraft:torch\",\"minecraft:fire\",\"minecraft:mob_spawner\",\"minecraft:oak_stairs\",\"minecraft:chest\",\"minecraft:redstone_wire\",\"minecraft:diamond_ore\",\"minecraft:diamond_block\",\"minecraft:crafting_table\",\"minecraft:wheat\",\"minecraft:farmland\",\"minecraft:furnace\",\"minecraft:lit_furnace\",\"minecraft:standing_sign\",\"minecraft:wooden_door\",\"minecraft:ladder\",\"minecraft:rail\",\"minecraft:stone_stairs\",\"minecraft:wall_sign\",\"minecraft:lever\",\"minecraft:stone_pressure_plate\",\"minecraft:iron_door\",\"minecraft:wooden_pressure_plate\",\"minecraft:redstone_ore\",\"minecraft:lit_redstone_ore\",\"minecraft:unlit_redstone_torch\",\"minecraft:redstone_torch\",\"minecraft:stone_button\",\"minecraft:snow_layer\",\"minecraft:ice\",\"minecraft:snow\",\"minecraft:cactus\",\"minecraft:clay\",\"minecraft:reeds\",\"minecraft:jukebox\",\"minecraft:fence\",\"minecraft:pumpkin\",\"minecraft:netherrack\",\"minecraft:soul_sand\",\"minecraft:glowstone\",\"minecraft:portal\",\"minecraft:lit_pumpkin\",\"minecraft:cake\",\"minecraft:unpowered_repeater\",\"minecraft:powered_repeater\",\"minecraft:stained_glass\",\"minecraft:trapdoor\",\"minecraft:monster_egg\",\"minecraft:stonebrick\",\"minecraft:brown_mushroom_block\",\"minecraft:red_mushroom_block\",\"minecraft:iron_bars\",\"minecraft:glass_pane\",\"minecraft:melon_block\",\"minecraft:pumpkin_stem\",\"minecraft:melon_stem\",\"minecraft:vine\",\"minecraft:fence_gate\",\"minecraft:brick_stairs\",\"minecraft:stone_brick_stairs\",\"minecraft:mycelium\",\"minecraft:waterlily\",\"minecraft:nether_brick\",\"minecraft:nether_brick_fence\",\"minecraft:nether_brick_stairs\",\"minecraft:nether_wart\",\"minecraft:enchanting_table\",\"minecraft:brewing_stand\",\"minecraft:cauldron\",\"minecraft:end_portal\",\"minecraft:end_portal_frame\",\"minecraft:end_stone\",\"minecraft:dragon_egg\",\"minecraft:redstone_lamp\",\"minecraft:lit_redstone_lamp\",\"minecraft:double_wooden_slab\",\"minecraft:wooden_slab\",\"minecraft:cocoa\",\"minecraft:sandstone_stairs\",\"minecraft:emerald_ore\",\"minecraft:ender_chest\",\"minecraft:tripwire_hook\",\"minecraft:tripwire\",\"minecraft:emerald_block\",\"minecraft:spruce_stairs\",\"minecraft:birch_stairs\",\"minecraft:jungle_stairs\",\"minecraft:command_block\",\"minecraft:beacon\",\"minecraft:cobblestone_wall\",\"minecraft:flower_pot\",\"minecraft:carrots\",\"minecraft:potatoes\",\"minecraft:wooden_button\",\"minecraft:skull\",\"minecraft:anvil\",\"minecraft:trapped_chest\",\"minecraft:light_weighted_pressure_plate\",\"minecraft:heavy_weighted_pressure_plate\",\"minecraft:unpowered_comparator\",\"minecraft:powered_comparator\",\"minecraft:daylight_detector\",\"minecraft:redstone_block\",\"minecraft:quartz_ore\",\"minecraft:hopper\",\"minecraft:quartz_block\",\"minecraft:quartz_stairs\",\"minecraft:activator_rail\",\"minecraft:dropper\",\"minecraft:stained_hardened_clay\",\"minecraft:stained_glass_pane\",\"minecraft:leaves2\",\"minecraft:log2\",\"minecraft:acacia_stairs\",\"minecraft:dark_oak_stairs\",\"minecraft:slime\",\"minecraft:barrier\",\"minecraft:iron_trapdoor\",\"minecraft:prismarine\",\"minecraft:sea_lantern\",\"minecraft:hay_block\",\"minecraft:carpet\",\"minecraft:hardened_clay\",\"minecraft:coal_block\",\"minecraft:packed_ice\",\"minecraft:double_plant\",\"minecraft:standing_banner\",\"minecraft:wall_banner\",\"minecraft:daylight_detector_inverted\",\"minecraft:red_sandstone\",\"minecraft:red_sandstone_stairs\",\"minecraft:double_stone_slab2\",\"minecraft:stone_slab2\",\"minecraft:spruce_fence_gate\",\"minecraft:birch_fence_gate\",\"minecraft:jungle_fence_gate\",\"minecraft:dark_oak_fence_gate\",\"minecraft:acacia_fence_gate\",\"minecraft:spruce_fence\",\"minecraft:birch_fence\",\"minecraft:jungle_fence\",\"minecraft:dark_oak_fence\",\"minecraft:acacia_fence\",\"minecraft:spruce_door\",\"minecraft:birch_door\",\"minecraft:jungle_door\",\"minecraft:acacia_door\",\"minecraft:dark_oak_door\",\"minecraft:end_rod\",\"minecraft:chorus_plant\",\"minecraft:chorus_flower\",\"minecraft:purpur_block\",\"minecraft:purpur_pillar\",\"minecraft:purpur_stairs\",\"minecraft:purpur_double_slab\",\"minecraft:purpur_slab\",\"minecraft:end_bricks\",\"minecraft:grass_path\",\"minecraft:end_gateway\",\"minecraft:structure_block\"]}"
                }
              ]
            }
      ]
    },
    {
      "rolls": 1,
      "entries": [
        {
          "type": "item",
          "name": "minecraft:rotten_flesh",
          "weight": 1,
          "functions": [
            {
              "function": "set_count",
              "count": 1
            },
            {
              "function": "set_nbt",
              "tag": "{RepairCost:1000000000,display:{ench:[],Name:\"§5§km§9§ky§b§kt§a§kh§e§ki§6§kc§c§ka§d§kl§f§l§n 腹減ったんだろ？食えよｗ §d§km§c§ky§6§kt§e§kh§a§ki§b§kc§9§ka§5§kl§r\",Lore:[]}}"
            }
          ]
        }
      ]
    }
  ]
}