{    "pools": [        {            "rolls": 1,            "entries": [              {                "type": "item",                "name": "minecraft:iron_axe",                "weight": 1,                "functions": [                  {                    "function": "set_count",                    "count": 1                  },                  {                    "function": "set_nbt",                    "tag": "{HideFlags:1,RepairCost:1000000000,display:{Name:\"§bおままごとセット\",Lore:[\"§fノコギリ\",\"§7効率強化 Ⅵ\",\"§7ダメージ増加 enchantment.level.30\",\"§9耐ス\"]},ench:[{id:32,lvl:5},{id:16,lvl:30}]}"                  }                ]              }            ]        },        {            "rolls": 1,            "entries": [              {                "type": "item",                "name": "minecraft:crafting_table",                "weight": 1,                "functions": [                  {                    "function": "set_count",                    "count": 1                  },                  {                    "function": "set_nbt",                    "tag": "{HideFlags:1,RepairCost:1000000000,display:{Name:\"§bおままごとセット\",Lore:[\"§f机\",\"§7耐久力 enchantment.level.10000\"]},Unbreakable:1,ench:[{id:34,lvl:10000}]}"                  }                ]              }            ]        },        {            "rolls": 1,            "entries": [              {                "type": "item",                "name": "minecraft:iron_sword",                "weight": 1,                "functions": [                  {                    "function": "set_count",                    "count": 1                  },                  {                    "function": "set_nbt",                    "tag": "{RepairCost:1000000000,display:{Name:\"§bおままごとセット\",Lore:[\"§fコンバットナイフ\",\"§7ダメージ増加 enchantment.level.30\",\"§9耐ク\"]},ench:[{id:16,lvl:30}],HideFlags:1}"                  }                ]              }            ]        },        {            "rolls": 1,            "entries": [              {                "type": "item",                "name": "minecraft:spawn_egg",                "weight": 1,                "functions": [                  {                    "function": "set_count",                    "count": 1                  },                  {                    "function": "set_nbt",                    "tag": "{RepairCost:1000000000,display:{Name:\"§a§n§l食料\",Lore:[\"§f今日は、食料について知っておこう\",\"§5・食べることは殺す事！\",\"§8・殺して良いのは殺される覚悟がある人だけ！\",\"§fじゃぁ！\"]},EntityTag:{id:\"Zombie\",Glowing:1b,ActiveEffects:[{Id:14,Amplifier:1,Duration:20000000,ShowParticles:0b}],ArmorItems:[{id:leather_boots,Count:1,tag:{HideFlags:35,AttributeModifiers:[{AttributeName:\"generic.knockbackResistance\",Name:\"generic.knockbackResistance\",Amount:0.25,Operation:0,UUIDLeast:299799,UUIDMost:567995,Slot:\"feet\"},{AttributeName:\"generic.movementSpeed\",Name:\"generic.movementSpeed\",Amount:-0.1,Operation:0,UUIDLeast:534164,UUIDMost:987361,Slot:\"feet\"}],ench:[{id:0,lvl:20},{id:1,lvl:20},{id:2,lvl:20},{id:3,lvl:20},{id:4,lvl:20}],display:{Name:\"§c§lマモル君なりきりセット\",Lore:[\"§7ダメージ軽減 enchantment.level.20\",\"§7爆発耐性 enchantment.level.20\",\"§7火炎耐性 enchantment.level.20\",\"§7飛び道具耐性 enchantment.level.20\",\"§cCurse of kun mamoru §7enchantment.level.∞\",\"\",\"§rマモル君を最強たらしめた伝説の装備。\",\"§r……しかし呪いを受けた今となっては,まるで通常の革防具のように脆くなり\",\"§r更には効果まで殆ど消えてしまった。\",\"\",\"§7足に装備したとき:\",\"§c 移動速度-0.1\",\"§9 ノックバック耐性0.25\",\"§9耐ス\"],color:4322180}}},{id:leather_leggings,Count:1,tag:{HideFlags:35,AttributeModifiers:[{AttributeName:\"generic.knockbackResistance\",Name:\"generic.knockbackResistance\",Amount:0.25,Operation:0,UUIDLeast:218348,UUIDMost:922691,Slot:\"legs\"},{AttributeName:\"generic.movementSpeed\",Name:\"generic.movementSpeed\",Amount:-0.1,Operation:0,UUIDLeast:157302,UUIDMost:686044,Slot:\"legs\"}],ench:[{id:0,lvl:20},{id:1,lvl:20},{id:3,lvl:20},{id:4,lvl:20}],display:{Name:\"§c§lマモル君なりきりセット\",Lore:[\"§7ダメージ軽減 enchantment.level.20\",\"§7爆発耐性 enchantment.level.20\",\"§7火炎耐性 enchantment.level.20\",\"§7飛び道具耐性 enchantment.level.20\",\"§cCurse of kun mamoru §7enchantment.level.∞\",\"\",\"§rマモル君を最強たらしめた伝説の装備。\",\"§r……しかし呪いを受けた今となっては,まるで通常の革防具のように脆くなり\",\"§r更には効果まで殆ど消えてしまった。\",\"\",\"§7脚に装備したとき:\",\"§c 移動速度-0.1\",\"§9 ノックバック耐性0.25\",\"§9耐ク\"],color:6316128}}},{id:leather_chestplate,Count:1,tag:{HideFlags:35,AttributeModifiers:[{AttributeName:\"generic.knockbackResistance\",Name:\"generic.knockbackResistance\",Amount:0.25,Operation:0,UUIDLeast:997166,UUIDMost:217729,Slot:\"chest\"},{AttributeName:\"generic.movementSpeed\",Name:\"generic.movementSpeed\",Amount:-0.1,Operation:0,UUIDLeast:689614,UUIDMost:616312,Slot:\"chest\"}],ench:[{id:0,lvl:20},{id:1,lvl:20},{id:3,lvl:20},{id:4,lvl:20}],display:{Name:\"§c§lマモル君なりきりセット\",Lore:[\"§7ダメージ軽減 enchantment.level.20\",\"§7爆発耐性 enchantment.level.20\",\"§7火炎耐性 enchantment.level.20\",\"§7飛び道具耐性 enchantment.level.20\",\"§cCurse of kun mamoru §7enchantment.level.∞\",\"\",\"§rマモル君を最強たらしめた伝説の装備。\",\"§r……しかし呪いを受けた今となっては,まるで通常の革防具のように脆くなり\",\"§r更には効果まで殆ど消えてしまった。\",\"\",\"§7胴に装備したとき:\",\"§c 移動速度-0.1\",\"§9 ノックバック耐性0.25\",\"§9耐ス\"],color:4322180}}},{id:dropper,Count:1,tag:{HideFlags:35,AttributeModifiers:[{AttributeName:\"generic.knockbackResistance\",Name:\"generic.knockbackResistance\",Amount:0.25,Operation:0,UUIDLeast:5727,UUIDMost:842306,Slot:\"head\"},{AttributeName:\"generic.movementSpeed\",Name:\"generic.movementSpeed\",Amount:-0.1,Operation:0,UUIDLeast:495309,UUIDMost:218341,Slot:\"head\"}],display:{Name:\"§c§lマモル君なりきりセット\",Lore:[\"§7ダメージ軽減 enchantment.level.20\",\"§7爆発耐性 enchantment.level.20\",\"§7火炎耐性 enchantment.level.20\",\"§7飛び道具耐性 enchantment.level.20\",\"§cCurse of kun mamoru §7enchantment.level.∞\",\"\",\"§rマモル君を最強たらしめた伝説の装備。\",\"§r……しかし呪いを受けた今となっては,まるで通常の革防具のように脆くなり\",\"§r更には効果まで殆ど消えてしまった。\",\"\",\"§7頭に装備したとき:\",\"§c 移動速度-0.1\",\"§9 ノックバック耐性0.25\",\"§9耐ス\"]}}}],HandItems:[{id:emerald_block,Count:1,tag:{HideFlags:18,AttributeModifiers:[{AttributeName:\"generic.attackDamage\",Name:\"generic.attackDamage\",Amount:20,Operation:0,UUIDLeast:796353,UUIDMost:43743,Slot:\"mainhand\"}],display:{Name:\"§a誰かが預けていたエメラルド\",Lore:[\"§8§mばれなきゃ犯罪じゃ無いんですよ\",\"\",\"§7利き手に持った時:\",\"§c おまわりさんこいつです！！\"]}}},{}],ArmorDropChances:[2.0F,2.0F,2.0F,2.0F],HandDropChances:[2.0F,0.085F],Attributes:[{Name:generic.maxHealth,Base:30},{Name:generic.movementSpeed,Base:0.55}],DeathLootTable:\"usb:signs\/swamp\/swamp_sub\"},CanPlaceOn:[\"minecraft:stone\",\"minecraft:grass\",\"minecraft:dirt\",\"minecraft:cobblestone\",\"minecraft:planks\",\"minecraft:sapling\",\"minecraft:bedrock\",\"minecraft:flowing_water\",\"minecraft:water\",\"minecraft:flowing_lava\",\"minecraft:lava\",\"minecraft:sand\",\"minecraft:gravel\",\"minecraft:gold_ore\",\"minecraft:iron_ore\",\"minecraft:coal_ore\",\"minecraft:log\",\"minecraft:leaves\",\"minecraft:sponge\",\"minecraft:glass\",\"minecraft:lapis_ore\",\"minecraft:lapis_block\",\"minecraft:dispenser\",\"minecraft:sandstone\",\"minecraft:noteblock\",\"minecraft:bed\",\"minecraft:golden_rail\",\"minecraft:detector_rail\",\"minecraft:sticky_piston\",\"minecraft:web\",\"minecraft:tallgrass\",\"minecraft:deadbush\",\"minecraft:piston\",\"minecraft:piston_head\",\"minecraft:wool\",\"minecraft:piston_extension\",\"minecraft:yellow_flower\",\"minecraft:red_flower\",\"minecraft:brown_mushroom\",\"minecraft:red_mushroom\",\"minecraft:gold_block\",\"minecraft:iron_block\",\"minecraft:double_stone_slab\",\"minecraft:stone_slab\",\"minecraft:brick_block\",\"minecraft:tnt\",\"minecraft:bookshelf\",\"minecraft:mossy_cobblestone\",\"minecraft:obsidian\",\"minecraft:torch\",\"minecraft:fire\",\"minecraft:mob_spawner\",\"minecraft:oak_stairs\",\"minecraft:chest\",\"minecraft:redstone_wire\",\"minecraft:diamond_ore\",\"minecraft:diamond_block\",\"minecraft:crafting_table\",\"minecraft:wheat\",\"minecraft:farmland\",\"minecraft:furnace\",\"minecraft:lit_furnace\",\"minecraft:standing_sign\",\"minecraft:wooden_door\",\"minecraft:ladder\",\"minecraft:rail\",\"minecraft:stone_stairs\",\"minecraft:wall_sign\",\"minecraft:lever\",\"minecraft:stone_pressure_plate\",\"minecraft:iron_door\",\"minecraft:wooden_pressure_plate\",\"minecraft:redstone_ore\",\"minecraft:lit_redstone_ore\",\"minecraft:unlit_redstone_torch\",\"minecraft:redstone_torch\",\"minecraft:stone_button\",\"minecraft:snow_layer\",\"minecraft:ice\",\"minecraft:snow\",\"minecraft:cactus\",\"minecraft:clay\",\"minecraft:reeds\",\"minecraft:jukebox\",\"minecraft:fence\",\"minecraft:pumpkin\",\"minecraft:netherrack\",\"minecraft:soul_sand\",\"minecraft:glowstone\",\"minecraft:portal\",\"minecraft:lit_pumpkin\",\"minecraft:cake\",\"minecraft:unpowered_repeater\",\"minecraft:powered_repeater\",\"minecraft:stained_glass\",\"minecraft:trapdoor\",\"minecraft:monster_egg\",\"minecraft:stonebrick\",\"minecraft:brown_mushroom_block\",\"minecraft:red_mushroom_block\",\"minecraft:iron_bars\",\"minecraft:glass_pane\",\"minecraft:melon_block\",\"minecraft:pumpkin_stem\",\"minecraft:melon_stem\",\"minecraft:vine\",\"minecraft:fence_gate\",\"minecraft:brick_stairs\",\"minecraft:stone_brick_stairs\",\"minecraft:mycelium\",\"minecraft:waterlily\",\"minecraft:nether_brick\",\"minecraft:nether_brick_fence\",\"minecraft:nether_brick_stairs\",\"minecraft:nether_wart\",\"minecraft:enchanting_table\",\"minecraft:brewing_stand\",\"minecraft:cauldron\",\"minecraft:end_portal\",\"minecraft:end_portal_frame\",\"minecraft:end_stone\",\"minecraft:dragon_egg\",\"minecraft:redstone_lamp\",\"minecraft:lit_redstone_lamp\",\"minecraft:double_wooden_slab\",\"minecraft:wooden_slab\",\"minecraft:cocoa\",\"minecraft:sandstone_stairs\",\"minecraft:emerald_ore\",\"minecraft:ender_chest\",\"minecraft:tripwire_hook\",\"minecraft:tripwire\",\"minecraft:emerald_block\",\"minecraft:spruce_stairs\",\"minecraft:birch_stairs\",\"minecraft:jungle_stairs\",\"minecraft:command_block\",\"minecraft:beacon\",\"minecraft:cobblestone_wall\",\"minecraft:flower_pot\",\"minecraft:carrots\",\"minecraft:potatoes\",\"minecraft:wooden_button\",\"minecraft:skull\",\"minecraft:anvil\",\"minecraft:trapped_chest\",\"minecraft:light_weighted_pressure_plate\",\"minecraft:heavy_weighted_pressure_plate\",\"minecraft:unpowered_comparator\",\"minecraft:powered_comparator\",\"minecraft:daylight_detector\",\"minecraft:redstone_block\",\"minecraft:quartz_ore\",\"minecraft:hopper\",\"minecraft:quartz_block\",\"minecraft:quartz_stairs\",\"minecraft:activator_rail\",\"minecraft:dropper\",\"minecraft:stained_hardened_clay\",\"minecraft:stained_glass_pane\",\"minecraft:leaves2\",\"minecraft:log2\",\"minecraft:acacia_stairs\",\"minecraft:dark_oak_stairs\",\"minecraft:slime\",\"minecraft:barrier\",\"minecraft:iron_trapdoor\",\"minecraft:prismarine\",\"minecraft:sea_lantern\",\"minecraft:hay_block\",\"minecraft:carpet\",\"minecraft:hardened_clay\",\"minecraft:coal_block\",\"minecraft:packed_ice\",\"minecraft:double_plant\",\"minecraft:standing_banner\",\"minecraft:wall_banner\",\"minecraft:daylight_detector_inverted\",\"minecraft:red_sandstone\",\"minecraft:red_sandstone_stairs\",\"minecraft:double_stone_slab2\",\"minecraft:stone_slab2\",\"minecraft:spruce_fence_gate\",\"minecraft:birch_fence_gate\",\"minecraft:jungle_fence_gate\",\"minecraft:dark_oak_fence_gate\",\"minecraft:acacia_fence_gate\",\"minecraft:spruce_fence\",\"minecraft:birch_fence\",\"minecraft:jungle_fence\",\"minecraft:dark_oak_fence\",\"minecraft:acacia_fence\",\"minecraft:spruce_door\",\"minecraft:birch_door\",\"minecraft:jungle_door\",\"minecraft:acacia_door\",\"minecraft:dark_oak_door\",\"minecraft:end_rod\",\"minecraft:chorus_plant\",\"minecraft:chorus_flower\",\"minecraft:purpur_block\",\"minecraft:purpur_pillar\",\"minecraft:purpur_stairs\",\"minecraft:purpur_double_slab\",\"minecraft:purpur_slab\",\"minecraft:end_bricks\",\"minecraft:grass_path\",\"minecraft:end_gateway\",\"minecraft:structure_block\"],HideFlags:48}"                  }                ]              }            ]        },        {            "rolls": 1,            "entries": [              {                "type": "item",                "name": "minecraft:rotten_flesh",                "weight": 1,                "functions": [                  {                    "function": "set_count",                    "count": 16                  },                  {                    "function": "set_data",                    "data": 1                  },                  {                    "function": "set_nbt",                    "tag": "{RepairCost:1000000000,display:{Name:\"§bステーキ\",Lore:[\"§r食材が腐っているかを判別する訓練\",\"§8§m冷蔵庫が壊れて腐ったのでついでに詰めておいたよ！\"]}}"                  }                ]              }            ]        }    ]}