﻿{    "pools": [        {            "rolls": 1,            "entries": [                {                    "type": "item",                    "name": "minecraft:nether_star",                    "weight": 1,                    "functions": [                        {                            "function": "minecraft:set_count",                            "count": {                                "min": 4,                                "max": 32                            }                        }                    ]                }            ]        },        {            "rolls": 1,            "entries": [                {                    "type": "item",                    "name": "minecraft:torch",                    "weight": 1,                    "functions": [                        {                            "function": "minecraft:set_count",                            "count": {                                "min": 16,                                "max": 64                            }                        }                    ]                },                {                    "type": "item",                    "name": "minecraft:chest",                    "weight": 1,                    "functions": [                        {                            "function": "minecraft:set_count",                            "count": {                                "min": 1,                                "max": 3                            }                        }                    ]                },                {                    "type": "item",                    "name": "minecraft:diamond_ore",                    "weight": 1,                    "functions": [                        {                            "function": "minecraft:set_count",                            "count": {                                "min": 3,                                "max": 6                            }                        }                    ]                },                {                    "type": "item",                    "name": "minecraft:diamond",                    "weight": 1,                    "functions": [                        {                            "function": "minecraft:set_count",                            "count": {                                "min": 3,                                "max": 6                            }                        }                    ]                },                {                    "type": "item",                    "name": "minecraft:log",                    "weight": 1,                    "functions": [                        {                            "function": "minecraft:set_count",                            "count": {                                "min": 2,                                "max": 8                            }                        }                    ]                },                {                    "type": "item",                    "name": "minecraft:emerald",                    "weight": 1,                    "functions": [                        {                            "function": "minecraft:set_count",                            "count": {                                "min": 20,                                "max": 60                            }                        }                    ]                },                {                    "type": "item",                    "name": "minecraft:iron_pickaxe",                    "weight": 1,                    "functions": [                        {                            "function": "minecraft:set_count",                            "count": {                                "min": 1,                                "max": 2                            }                        },                        {                            "function": "enchant_with_levels",                            "treasure": false,                            "levels": {                                "min": 0,                                "max": 15                            }                        }                    ]                },                {                    "type": "item",                    "name": "minecraft:iron_sword",                    "weight": 1,                    "functions": [                        {                            "function": "minecraft:set_count",                            "count": {                                "min": 1,                                "max": 2                            }                        },                        {                            "function": "enchant_with_levels",                            "treasure": false,                            "levels": {                                "min": 0,                                "max": 15                            }                        }                    ]                },                {                    "type": "item",                    "name": "minecraft:bread",                    "weight": 1,                    "functions": [                        {                            "function": "minecraft:set_count",                            "count": {                                "min": 5,                                "max": 15                            }                        }                    ]                },                {                    "type": "item",                    "name": "minecraft:rotten_flesh",                    "weight": 1,                    "functions": [                        {                            "function": "minecraft:set_count",                            "count": {                                "min": 5,                                "max": 15                            }                        }                    ]                },                {                    "type": "item",                    "name": "minecraft:web",                    "weight": 1,                    "functions": [                        {                            "function": "minecraft:set_count",                            "count": {                                "min": 4,                                "max": 12                            }                        }                    ]                },                {                    "type": "item",                    "name": "minecraft:dye",                    "weight": 1,                    "functions": [                        {                            "function": "minecraft:set_count",                            "count": {                                "min": 5,                                "max": 20                            }                        },                        {                            "function": "set_data",                            "data": 15                        }                    ]                },                {                    "type": "item",                    "name": "minecraft:gold_ingot",                    "weight": 1,                    "functions": [                        {                            "function": "minecraft:set_count",                            "count": {                                "min": 2,                                "max": 5                            }                        }                    ]                },                {                    "type": "item",                    "name": "minecraft:iron_ingot",                    "weight": 1,                    "functions": [                        {                            "function": "minecraft:set_count",                            "count": {                                "min": 2,                                "max": 5                            }                        }                    ]                },                {                    "type": "item",                    "name": "minecraft:tallgrass",                    "weight": 1,                    "functions": [                        {                            "function": "minecraft:set_count",                            "count": {                                "min": 10,                                "max": 40                            }                        }                    ]                },                {                    "type": "item",                    "name": "minecraft:brown_mushroom",                    "weight": 1,                    "functions": [                        {                            "function": "minecraft:set_count",                            "count": {                                "min": 10,                                "max": 40                            }                        }                    ]                },                {                    "type": "item",                    "name": "minecraft:red_mushroom",                    "weight": 1,                    "functions": [                        {                            "function": "minecraft:set_count",                            "count": {                                "min": 10,                                "max": 40                            }                        }                    ]                },                {                    "type": "item",                    "name": "minecraft:wooden_pickaxe",                    "weight": 1,                    "functions": [                        {                            "function": "minecraft:set_count",                            "count": {                                "min": 1,                                "max": 3                            }                        }                    ]                },                {                    "type": "item",                    "name": "minecraft:deadbush",                    "weight": 1,                    "functions": [                        {                            "function": "minecraft:set_count",                            "count": {                                "min": 4,                                "max": 20                            }                        }                    ]                },                {                    "type": "item",                    "name": "minecraft:mycelium",                    "weight": 1,                    "functions": [                        {                            "function": "minecraft:set_count",                            "count": {                                "min": 4,                                "max": 20                            }                        }                    ]                },                {                    "type": "item",                    "name": "minecraft:vine",                    "weight": 1,                    "functions": [                        {                            "function": "minecraft:set_count",                            "count": {                                "min": 4,                                "max": 20                            }                        }                    ]                },                {                    "type": "item",                    "name": "minecraft:waterlily",                    "weight": 1,                    "functions": [                        {                            "function": "minecraft:set_count",                            "count": {                                "min": 4,                                "max": 20                            }                        }                    ]                },                {                    "type": "item",                    "name": "minecraft:waterlily",                    "weight": 1,                    "functions": [                        {                            "function": "minecraft:set_count",                            "count": {                                "min": 4,                                "max": 20                            }                        }                    ]                },                {                    "type": "item",                    "name": "minecraft:egg",                    "weight": 1,                    "functions": [                        {                            "function": "minecraft:set_count",                            "count": {                                "min": 4,                                "max": 20                            }                        }                    ]                },                {                    "type": "item",                    "name": "minecraft:ender_pearl",                    "weight": 1,                    "functions": [                        {                            "function": "minecraft:set_count",                            "count": {                                "min": 1,                                "max": 2                            }                        }                    ]                },                {                    "type": "item",                    "name": "minecraft:coal",                    "weight": 1,                    "functions": [                        {                            "function": "minecraft:set_count",                            "count": {                                "min": 2,                                "max": 8                            }                        }                    ]                },                {                    "type": "item",                    "name": "minecraft:wheat",                    "weight": 1,                    "functions": [                        {                            "function": "minecraft:set_count",                            "count": {                                "min": 4,                                "max": 20                            }                        }                    ]                },                {                    "type": "item",                    "name": "minecraft:flint",                    "weight": 1,                    "functions": [                        {                            "function": "minecraft:set_count",                            "count": {                                "min": 4,                                "max": 20                            }                        }                    ]                },                {                    "type": "item",                    "name": "minecraft:clay_ball",                    "weight": 1,                    "functions": [                        {                            "function": "minecraft:set_count",                            "count": {                                "min": 4,                                "max": 20                            }                        }                    ]                },                {                    "type": "item",                    "name": "minecraft:shield",                    "weight": 1                },                {                    "type": "item",                    "name": "minecraft:beetroot",                    "weight": 1,                    "functions": [                        {                            "function": "minecraft:set_count",                            "count": {                                "min": 4,                                "max": 10                            }                        }                    ]                },                {                    "type": "item",                    "name": "minecraft:beetroot_seeds",                    "weight": 1,                    "functions": [                        {                            "function": "minecraft:set_count",                            "count": {                                "min": 4,                                "max": 10                            }                        }                    ]                },                {                    "type": "item",                    "name": "minecraft:quartz_ore",                    "weight": 1,                    "functions": [                        {                            "function": "minecraft:set_count",                            "count": {                                "min": 4,                                "max": 20                            }                        }                    ]                },                {                    "type": "item",                    "name": "minecraft:beef",                    "weight": 1,                    "functions": [                        {                            "function": "minecraft:set_count",                            "count": {                                "min": 4,                                "max": 10                            }                        }                    ]                },                {                    "type": "item",                    "name": "minecraft:redstone_block",                    "weight": 1,                    "functions": [                        {                            "function": "minecraft:set_count",                            "count": {                                "min": 1,                                "max": 4                            }                        }                    ]                },                {                    "type": "item",                    "name": "minecraft:nether_wart",                    "weight": 1,                    "functions": [                        {                            "function": "minecraft:set_count",                            "count": {                                "min": 2,                                "max": 10                            }                        }                    ]                },                {                    "type": "item",                    "name": "minecraft:apple",                    "weight": 1,                    "functions": [                        {                            "function": "minecraft:set_count",                            "count": {                                "min": 4,                                "max": 10                            }                        }                    ]                },                {                    "type": "item",                    "name": "minecraft:coal",                    "weight": 1,                    "functions": [                        {                            "function": "minecraft:set_count",                            "count": {                                "min": 4,                                "max": 10                            }                        }                    ]                },                {                    "type": "item",                    "name": "minecraft:bed",                    "weight": 1,                    "functions": [                        {                            "function": "minecraft:set_count",                            "count": {                                "min": 2,                                "max": 4                            }                        }                    ]                },                {                    "type": "item",                    "name": "minecraft:bone",                    "weight": 1,                    "functions": [                        {                            "function": "minecraft:set_count",                            "count": {                                "min": 4,                                "max": 10                            }                        }                    ]                },                {                    "type": "item",                    "name": "minecraft:stone_pickaxe",                    "weight": 1,                    "functions": [                        {                            "function": "minecraft:set_count",                            "count": {                                "min": 1,                                "max": 2                            }                        },                        {                            "function": "enchant_with_levels",                            "treasure": false,                            "levels": {                                "min": 0,                                "max": 15                            }                        }                    ]                },                {                    "type": "item",                    "name": "minecraft:golden_pickaxe",                    "weight": 1,                    "functions": [                        {                            "function": "minecraft:set_count",                            "count": {                                "min": 1,                                "max": 2                            }                        },                        {                            "function": "enchant_with_levels",                            "treasure": false,                            "levels": {                                "min": 0,                                "max": 15                            }                        }                    ]                },                {                    "type": "item",                    "name": "minecraft:diamond_hoe",                    "weight": 1,                    "functions": [                        {                            "function": "minecraft:set_count",                            "count": {                                "min": 1,                                "max": 2                            }                        },                        {                            "function": "enchant_with_levels",                            "treasure": false,                            "levels": {                                "min": 0,                                "max": 15                            }                        }                    ]                },                {                    "type": "item",                    "name": "minecraft:spawn_egg",                    "weight": 1,                    "functions": [                        {                            "function": "set_nbt",                            "tag": "{ench:[],RepairCost:1000000000,HideFlags:16,display:{Lore:[\"§r仄かに光る不思議なキノコ。\",\"§r10分ほどで枯れてしまう。\",\"§r食用には適さない。\"],Name:\"§eヒカリタケ\"},EntityTag:{Lifetime:-8400,Attributes:[{Base:0.1d,Name:\"generic.maxHealth\"}],Silent:1b,Team:\"Yellow\",id:\"Endermite\",NoAI:1b,Glowing:1b,Tags:[\"TypeChecked\"],CustomNameVisible:1b},CanPlaceOn:[\"minecraft:stone\",\"minecraft:grass\",\"minecraft:dirt\",\"minecraft:cobblestone\",\"minecraft:planks\",\"minecraft:sapling\",\"minecraft:bedrock\",\"minecraft:flowing_water\",\"minecraft:water\",\"minecraft:flowing_lava\",\"minecraft:lava\",\"minecraft:sand\",\"minecraft:gravel\",\"minecraft:gold_ore\",\"minecraft:iron_ore\",\"minecraft:coal_ore\",\"minecraft:log\",\"minecraft:leaves\",\"minecraft:sponge\",\"minecraft:glass\",\"minecraft:lapis_ore\",\"minecraft:lapis_block\",\"minecraft:dispenser\",\"minecraft:sandstone\",\"minecraft:noteblock\",\"minecraft:bed\",\"minecraft:golden_rail\",\"minecraft:detector_rail\",\"minecraft:sticky_piston\",\"minecraft:web\",\"minecraft:tallgrass\",\"minecraft:deadbush\",\"minecraft:piston\",\"minecraft:piston_head\",\"minecraft:wool\",\"minecraft:piston_extension\",\"minecraft:yellow_flower\",\"minecraft:red_flower\",\"minecraft:brown_mushroom\",\"minecraft:red_mushroom\",\"minecraft:gold_block\",\"minecraft:iron_block\",\"minecraft:double_stone_slab\",\"minecraft:stone_slab\",\"minecraft:brick_block\",\"minecraft:tnt\",\"minecraft:bookshelf\",\"minecraft:mossy_cobblestone\",\"minecraft:obsidian\",\"minecraft:torch\",\"minecraft:fire\",\"minecraft:mob_spawner\",\"minecraft:oak_stairs\",\"minecraft:chest\",\"minecraft:redstone_wire\",\"minecraft:diamond_ore\",\"minecraft:diamond_block\",\"minecraft:crafting_table\",\"minecraft:wheat\",\"minecraft:farmland\",\"minecraft:furnace\",\"minecraft:lit_furnace\",\"minecraft:standing_sign\",\"minecraft:wooden_door\",\"minecraft:ladder\",\"minecraft:rail\",\"minecraft:stone_stairs\",\"minecraft:wall_sign\",\"minecraft:lever\",\"minecraft:stone_pressure_plate\",\"minecraft:iron_door\",\"minecraft:wooden_pressure_plate\",\"minecraft:redstone_ore\",\"minecraft:lit_redstone_ore\",\"minecraft:unlit_redstone_torch\",\"minecraft:redstone_torch\",\"minecraft:stone_button\",\"minecraft:snow_layer\",\"minecraft:ice\",\"minecraft:snow\",\"minecraft:cactus\",\"minecraft:clay\",\"minecraft:reeds\",\"minecraft:jukebox\",\"minecraft:fence\",\"minecraft:pumpkin\",\"minecraft:netherrack\",\"minecraft:soul_sand\",\"minecraft:glowstone\",\"minecraft:portal\",\"minecraft:lit_pumpkin\",\"minecraft:cake\",\"minecraft:unpowered_repeater\",\"minecraft:powered_repeater\",\"minecraft:stained_glass\",\"minecraft:trapdoor\",\"minecraft:monster_egg\",\"minecraft:stonebrick\",\"minecraft:brown_mushroom_block\",\"minecraft:red_mushroom_block\",\"minecraft:iron_bars\",\"minecraft:glass_pane\",\"minecraft:melon_block\",\"minecraft:pumpkin_stem\",\"minecraft:melon_stem\",\"minecraft:vine\",\"minecraft:fence_gate\",\"minecraft:brick_stairs\",\"minecraft:stone_brick_stairs\",\"minecraft:mycelium\",\"minecraft:waterlily\",\"minecraft:nether_brick\",\"minecraft:nether_brick_fence\",\"minecraft:nether_brick_stairs\",\"minecraft:nether_wart\",\"minecraft:enchanting_table\",\"minecraft:brewing_stand\",\"minecraft:cauldron\",\"minecraft:end_portal\",\"minecraft:end_portal_frame\",\"minecraft:end_stone\",\"minecraft:dragon_egg\",\"minecraft:redstone_lamp\",\"minecraft:lit_redstone_lamp\",\"minecraft:double_wooden_slab\",\"minecraft:wooden_slab\",\"minecraft:cocoa\",\"minecraft:sandstone_stairs\",\"minecraft:emerald_ore\",\"minecraft:ender_chest\",\"minecraft:tripwire_hook\",\"minecraft:tripwire\",\"minecraft:emerald_block\",\"minecraft:spruce_stairs\",\"minecraft:birch_stairs\",\"minecraft:jungle_stairs\",\"minecraft:command_block\",\"minecraft:beacon\",\"minecraft:cobblestone_wall\",\"minecraft:flower_pot\",\"minecraft:carrots\",\"minecraft:potatoes\",\"minecraft:wooden_button\",\"minecraft:skull\",\"minecraft:anvil\",\"minecraft:trapped_chest\",\"minecraft:light_weighted_pressure_plate\",\"minecraft:heavy_weighted_pressure_plate\",\"minecraft:unpowered_comparator\",\"minecraft:powered_comparator\",\"minecraft:daylight_detector\",\"minecraft:redstone_block\",\"minecraft:quartz_ore\",\"minecraft:hopper\",\"minecraft:quartz_block\",\"minecraft:quartz_stairs\",\"minecraft:activator_rail\",\"minecraft:dropper\",\"minecraft:stained_hardened_clay\",\"minecraft:stained_glass_pane\",\"minecraft:leaves2\",\"minecraft:log2\",\"minecraft:acacia_stairs\",\"minecraft:dark_oak_stairs\",\"minecraft:slime\",\"minecraft:barrier\",\"minecraft:iron_trapdoor\",\"minecraft:prismarine\",\"minecraft:sea_lantern\",\"minecraft:hay_block\",\"minecraft:carpet\",\"minecraft:hardened_clay\",\"minecraft:coal_block\",\"minecraft:packed_ice\",\"minecraft:double_plant\",\"minecraft:standing_banner\",\"minecraft:wall_banner\",\"minecraft:daylight_detector_inverted\",\"minecraft:red_sandstone\",\"minecraft:red_sandstone_stairs\",\"minecraft:double_stone_slab2\",\"minecraft:stone_slab2\",\"minecraft:spruce_fence_gate\",\"minecraft:birch_fence_gate\",\"minecraft:jungle_fence_gate\",\"minecraft:dark_oak_fence_gate\",\"minecraft:acacia_fence_gate\",\"minecraft:spruce_fence\",\"minecraft:birch_fence\",\"minecraft:jungle_fence\",\"minecraft:dark_oak_fence\",\"minecraft:acacia_fence\",\"minecraft:spruce_door\",\"minecraft:birch_door\",\"minecraft:jungle_door\",\"minecraft:acacia_door\",\"minecraft:dark_oak_door\",\"minecraft:end_rod\",\"minecraft:chorus_plant\",\"minecraft:chorus_flower\",\"minecraft:purpur_block\",\"minecraft:purpur_pillar\",\"minecraft:purpur_stairs\",\"minecraft:purpur_double_slab\",\"minecraft:purpur_slab\",\"minecraft:end_bricks\",\"minecraft:grass_path\",\"minecraft:end_gateway\",\"minecraft:structure_block\"]}"                        }                    ]                },                {                    "type": "item",                    "name": "minecraft:potion",                    "weight": 1,                    "functions": [                        {                            "function": "set_nbt",                            "tag": "{CustomPotionEffects:[{ShowParticles:1b,Duration:0,Id:26b,Amplifier:0b},{ShowParticles:0b,Duration:3,Id:14b,Amplifier:1b}],HideFlags:32,display:{Lore:[\"§aマナがちょぴっと詰まった飲み物。\",\"§a飲むとMPが回復する。\",\"\",\"§7スプラッシュ化不可\"],Name:\"§2§lエーテル\"}}"                        }                    ]                },                {                    "type": "item",                    "name": "minecraft:potion",                    "weight": 1,                    "functions": [                        {                            "function": "set_nbt",                            "tag": "{CustomPotionEffects:[{ShowParticles:1b,Duration:1200,Id:1b,Amplifier:2b},{ShowParticles:1b,Duration:1200,Id:16b,Amplifier:2b},{ShowParticles:1b,Duration:100,Id:9b,Amplifier:0b}],HideFlags:32,display:{Lore:[\"§3§oコレを飲んだものは目がさえ\",\"§3§o何となく足が早くなる感覚に陥る。\"],Name:\"§b深夜のテンション\"}}"                        }                    ]                },                {                    "type": "item",                    "name": "minecraft:potion",                    "weight": 1,                    "functions": [                        {                            "function": "set_nbt",                            "tag": "{CustomPotionEffects:[{ShowParticles:0b,Duration:1,Id:6b,Amplifier:0b},{ShowParticles:1b,Duration:0,Id:12b,Amplifier:0b}],HideFlags:32,display:{Lore:[\"§6心が温まるスープ。\",\"§6飲むとHPが回復する。\"],Name:\"§e§lコーンスープ\"}}"                        }                    ]                }            ]        }    ]}