{
    "pools": [
        {
            "rolls": 1,
            "entries": [
                {
                    "type": "item",
                    "name": "minecraft:splash_potion",
                    "weight": 1,
                    "functions": [
                        {
                            "function": "set_nbt",
                            "tag": "{CustomPotionEffects:[0:{Duration:200,Id:4b,Amplifier:4b},1:{Duration:21,Id:14b,Amplifier:-1b},2:{Duration:100,Id:15b,Amplifier:0b},3:{Duration:100,Id:17b,Amplifier:3b},4:{Duration:200,Id:18b,Amplifier:10b}],RepairCost:1000000000,display:{Name:\"chara\"}}"
                        }
                    ]
                }
            ]
        },
        {
            "rolls": 1,
            "entries": [
                {
                    "type": "item",
                    "name": "minecraft:splash_potion",
                    "weight": 1,
                    "functions": [
                        {
                            "function": "set_nbt",
                            "tag": "{CustomPotionEffects:[0:{Duration:20,Id:7,Amplifier:3},1:{Duration:100,Id:15,Amplifier:0},2:{Duration:100,Id:16,Amplifier:0}],RepairCost:1000000000,display:{Name:\"エンダーマン＝センゾ\"}}"
                        }
                    ]
                }
            ]
        },
        {
            "rolls": 1,
            "entries": [
                {
                    "type": "item",
                    "name": "minecraft:splash_potion",
                    "weight": 1,
                    "functions": [
                        {
                            "function": "set_nbt",
                            "tag": "{CustomPotionEffects:[0:{Duration:40,Id:7,Amplifier:2},1:{Duration:200,Id:17,Amplifier:0}],RepairCost:1000000000,display:{Name:\"マクラエル・ドリーマー\"}}"
                        }
                    ]
                }
            ]
        },
        {
            "rolls": 1,
            "entries": [
                {
                    "type": "item",
                    "name": "minecraft:splash_potion",
                    "weight": 1,
                    "functions": [
                        {
                            "function": "set_nbt",
                            "tag": "{CustomPotionEffects:[0:{Duration:40,Id:7,Amplifier:3},1:{Duration:200,Id:17,Amplifier:0},2:{Duration:21,Id:24,Amplifier:0}],RepairCost:1000000000,display:{Name:\"パティシエレジェンド\"}}"
                        }
                    ]
                }
            ]
        },
        {
            "rolls": 1,
            "entries": [
                {
                    "type": "item",
                    "name": "minecraft:splash_potion",
                    "weight": 1,
                    "functions": [
                        {
                            "function": "set_nbt",
                            "tag": "{CustomPotionEffects:[0:{Duration:20,Id:7b,Amplifier:4b},1:{Duration:21,Id:17b,Amplifier:10b},2:{Duration:200,Id:18b,Amplifier:10b}],RepairCost:1000000000,display:{Name:\"ライトニングボルト\"}}"
                        }
                    ]
                }
            ]
        },
        {
            "rolls": 1,
            "entries": [
                {
                    "type": "item",
                    "name": "minecraft:splash_potion",
                    "weight": 1,
                    "functions": [
                        {
                            "function": "set_nbt",
                            "tag": "{CustomPotionEffects:[0:{Duration:10,Id:25b,Amplifier:70b}],RepairCost:1000000000,display:{Name:\"シャイニング\"}}"
                        }
                    ]
                }
            ]
        },
        {
            "rolls": 1,
            "entries": [
                {
                    "type": "item",
                    "name": "minecraft:splash_potion",
                    "weight": 1,
                    "functions": [
                        {
                            "function": "set_nbt",
                            "tag": "{CustomPotionEffects:[0:{Duration:80,Id:25b,Amplifier:-20b},1:{Duration:80,Id:4b,Amplifier:5b},2:{Duration:21,Id:15b,Amplifier:0b},3:{Duration:80,Id:2b,Amplifier:5b}],RepairCost:1000000000,display:{Name:\"アビス\"}}"
                        }
                    ]
                }
            ]
        },
        {
            "rolls": 1,
            "entries": [
                {
                    "type": "item",
                    "name": "minecraft:splash_potion",
                    "weight": 1,
                    "functions": [
                        {
                            "function": "set_nbt",
                            "tag": "{CustomPotionEffects:[0:{Duration:20,Id:7,Amplifier:5},1:{Duration:100,Id:15,Amplifier:0},2:{Duration:100,Id:16,Amplifier:0}],RepairCost:1000000000,display:{Name:\"さいごのエンダーマン\"}}"
                        }
                    ]
                }
            ]
        }
    ]
}