{
    "pools": [
        {
            "rolls": 1,
            "entries": [
                {
                    "type": "item",
                    "name": "minecraft:splash_potion",
                    "weight": 1,
                    "functions": [
                        {
                            "function": "set_nbt",
                            "tag": "{CustomPotionEffects:[0:{Duration:140,Id:17b,Amplifier:3b},1:{Duration:21,Id:12b,Amplifier:127b},2:{Duration:140,Id:4b,Amplifier:5b},3:{Duration:200,Id:7b,Amplifier:1b}],RepairCost:1000000000,display:{Name:\"クリムゾンアイ\"}}"
                        }
                    ]
                }
            ]
        },
        {
            "rolls": 1,
            "entries": [
                {
                    "type": "item",
                    "name": "minecraft:splash_potion",
                    "weight": 1,
                    "functions": [
                        {
                            "function": "set_nbt",
                            "tag": "{CustomPotionEffects:[0:{Duration:100,Id:17b,Amplifier:20b},1:{Duration:260,Id:4b,Amplifier:2b},2:{Duration:180,Id:2b,Amplifier:5b},3:{Duration:180,Id:8b,Amplifier:-10b},4:{Duration:260,Id:18b,Amplifier:5b},5:{Duration:100,Id:19b,Amplifier:2b},6:{Duration:200,Id:7b,Amplifier:2b}],RepairCost:1000000000,display:{Name:\"シャーベットアイ\"}}"
                        }
                    ]
                }
            ]
        },
        {
            "rolls": 1,
            "entries": [
                {
                    "type": "item",
                    "name": "minecraft:splash_potion",
                    "weight": 1,
                    "functions": [
                        {
                            "function": "set_nbt",
                            "tag": "{CustomPotionEffects:[0:{Duration:140,Id:19b,Amplifier:4b},1:{Duration:140,Id:17b,Amplifier:4b},2:{Duration:140,Id:15b,Amplifier:4b},3:{Duration:140,Id:4b,Amplifier:4b}],RepairCost:1000000000,display:{Name:\"ブーリ\"}}"
                        }
                    ]
                }
            ]
        },
        {
            "rolls": 1,
            "entries": [
                {
                    "type": "item",
                    "name": "minecraft:splash_potion",
                    "weight": 1,
                    "functions": [
                        {
                            "function": "set_nbt",
                            "tag": "{CustomPotionEffects:[0:{Duration:25,Id:19b,Amplifier:4b}],RepairCost:1000000000,display:{Name:\"Invidia\"}}"
                        }
                    ]
                }
            ]
        },
        {
            "rolls": 1,
            "entries": [
                {
                    "type": "item",
                    "name": "minecraft:splash_potion",
                    "weight": 1,
                    "functions": [
                        {
                            "function": "set_nbt",
                            "tag": "{CustomPotionEffects:[0:{Duration:25,Id:7b,Amplifier:4b},1:{Duration:25,Id:9b,Amplifier:0b},2:{Duration:25,Id:15b,Amplifier:0b},3:{Duration:25,Id:17b,Amplifier:9b}],RepairCost:1000000000,display:{Name:\"Luxuria\"}}"
                        }
                    ]
                }
            ]
        },
        {
            "rolls": 1,
            "entries": [
                {
                    "type": "item",
                    "name": "minecraft:splash_potion",
                    "weight": 1,
                    "functions": [
                        {
                            "function": "set_nbt",
                            "tag": "{CustomPotionEffects:[0:{Duration:120,Id:2b,Amplifier:5b},1:{Duration:220,Id:18b,Amplifier:2b},2:{Duration:180,Id:17b,Amplifier:1b},3:{Duration:120,Id:19b,Amplifier:2b}],RepairCost:1000000000,display:{Name:\"ダイソウゲン\"}}"
                        }
                    ]
                }
            ]
        },
        {
            "rolls": 1,
            "entries": [
                {
                    "type": "item",
                    "name": "minecraft:splash_potion",
                    "weight": 1,
                    "functions": [
                        {
                            "function": "set_nbt",
                            "tag": "{CustomPotionEffects:[0:{Duration:100,Id:7b,Amplifier:3b},1:{Duration:40,Id:16b,Amplifier:127b},2:{Duration:21,Id:17b,Amplifier:10b},3:{Duration:200,Id:18b,Amplifier:10b}],RepairCost:1000000000,HideFlags:32,display:{Lore:[0:\"§c即時ダメージ potion.potency.20 (0:05)§r\",1:\"§9暗視 potion.potency.127 (0:02)§r\",2:\"§c空腹 potion.potency.10 (0:01)§r\",3:\"§c弱体化 potion.potency.10 (0:10)§r\",4:\"\",5:\"§5効果:§r\",6:\"§c攻撃力 -44§r\"],Name:\"オーロラメーカー（見本）\"}}"
                        }
                    ]
                }
            ]
        },
        {
            "rolls": 1,
            "entries": [
                {
                    "type": "item",
                    "name": "minecraft:splash_potion",
                    "weight": 1,
                    "functions": [
                        {
                            "function": "set_nbt",
                            "tag": "{CustomPotionEffects:[0:{ShowParticles:1b,Duration:80,Id:15b,Amplifier:0b},1:{Ambient:0b,ShowParticles:0b,Duration:60,Id:14b,Amplifier:127b},2:{Ambient:0b,ShowParticles:0b,Duration:60,Id:11b,Amplifier:3b},3:{Ambient:0b,ShowParticles:0b,Duration:60,Id:8b,Amplifier:4b}],RepairCost:1000000000,display:{Name:\"深淵の王\"}}"
                        }
                    ]
                }
            ]
    },
    {
        "rolls": 1,
        "entries": [
            {
                "type": "item",
                "name": "minecraft:chest",
                "weight": 1,
                "functions": [
                    {
                        "function": "set_nbt",
                        "tag": "{RepairCost:0,BlockEntityTag:{Items:[0:{Slot:0b,id:\"minecraft:splash_potion\",Count:1b,tag:{CustomPotionEffects:[0:{Duration:150,Id:19b,Amplifier:4b}],RepairCost:1000000000,display:{Name:\"ポイゾンオーラ\"}},Damage:0s},1:{Slot:1b,id:\"minecraft:splash_potion\",Count:1b,tag:{CustomPotionEffects:[0:{Duration:100,Id:11b,Amplifier:-3b}],RepairCost:1000000000,display:{Name:\"ルカナンオーラ\"}},Damage:0s},2:{Slot:2b,id:\"minecraft:splash_potion\",Count:1b,tag:{CustomPotionEffects:[0:{Duration:21,Id:25b,Amplifier:8b}],RepairCost:1000000000,display:{Name:\"吹っ飛ばしオーラ\"}},Damage:0s},3:{Slot:3b,id:\"minecraft:splash_potion\",Count:1b,tag:{CustomPotionEffects:[0:{Duration:200,Id:2b,Amplifier:3b}],RepairCost:1000000000,display:{Name:\"ボミオスオーラ\"}},Damage:0s}],id:\"Chest\",Lock:\"\"},display:{Lore:[0:\"(+NBT)\"],Name:\"ハンター\"}}"
                    }
                    ]
                }
            ]
        },
        {
            "rolls": 1,
            "entries": [
                {
                    "type": "item",
                    "name": "minecraft:chest",
                    "weight": 1,
                    "functions": [
                        {
                            "function": "set_nbt",
                            "tag": "{RepairCost:0,BlockEntityTag:{Items:[0:{Slot:0b,id:\"minecraft:splash_potion\",Count:1b,tag:{CustomPotionEffects:[0:{Duration:20,Id:7b,Amplifier:2b},1:{Duration:21,Id:17b,Amplifier:10b},2:{Duration:200,Id:18b,Amplifier:10b}],RepairCost:1000000000,display:{Name:\"ウォーターボルト\"}},Damage:0s},1:{Slot:1b,id:\"minecraft:splash_potion\",Count:1b,tag:{CustomPotionEffects:[0:{Duration:4,Id:25b,Amplifier:70b}],RepairCost:1000000000,display:{Name:\"ストーム\"}},Damage:0s},2:{Slot:2b,id:\"minecraft:splash_potion\",Count:1b,tag:{CustomPotionEffects:[0:{Duration:80,Id:25b,Amplifier:-20b},1:{Duration:80,Id:4b,Amplifier:5b},2:{Duration:10,Id:15b,Amplifier:0b},3:{Duration:80,Id:2b,Amplifier:5b}],RepairCost:1000000000,display:{Name:\"フラッシュバインド\"}},Damage:0s}],id:\"Chest\",Lock:\"\"},display:{Lore:[0:\"(+NBT)\"],Name:\"魔術師\"}}"
                        }
                    ]
                }
            ]
        },
        {
            "rolls": 1,
            "entries": [
                {
                    "type": "item",
                    "name": "minecraft:chest",
                    "weight": 1,
                    "functions": [
                        {
                            "function": "set_nbt",
                            "tag": "{RepairCost:0,BlockEntityTag:{Items:[0:{Slot:0b,id:\"minecraft:splash_potion\",Count:1b,tag:{CustomPotionEffects:[0:{Duration:160,Id:15b,Amplifier:0b},1:{Duration:160,Id:19b,Amplifier:2b},2:{Duration:300,Id:17b,Amplifier:0b},3:{Duration:100,Id:21b,Amplifier:0b}],RepairCost:1000000000,display:{Name:\"ススダマ\"}},Damage:0s},1:{Slot:1b,id:\"minecraft:splash_potion\",Count:1b,tag:{CustomPotionEffects:[0:{Duration:60,Id:7b,Amplifier:3b},1:{Duration:21,Id:16b,Amplifier:127b},2:{Duration:21,Id:24b,Amplifier:0b}],RepairCost:1000000000,display:{Name:\"メギド\"}},Damage:0s}],id:\"Chest\",Lock:\"\"},display:{Lore:[0:\"(+NBT)\"],Name:\"ススガミ\"}}"
                        }
                    ]
                }
            ]
        },
        {
            "rolls": 1,
            "entries": [
                {
                    "type": "item",
                    "name": "minecraft:chest",
                    "weight": 1,
                    "functions": [
                        {
                            "function": "set_nbt",
                            "tag": "{RepairCost:0,BlockEntityTag:{Items:[0:{Slot:0b,id:\"minecraft:splash_potion\",Count:1b,tag:{CustomPotionEffects:[0:{Duration:20,Id:7b,Amplifier:3b},1:{Duration:21,Id:17b,Amplifier:10b},2:{Duration:200,Id:18b,Amplifier:10b}],RepairCost:1000000000,display:{Name:\"コスミックマター\"}},Damage:0s},1:{Slot:1b,id:\"minecraft:splash_potion\",Count:1b,tag:{CustomPotionEffects:[0:{Duration:4,Id:25b,Amplifier:70b},1:{Duration:120,Id:8b,Amplifier:-5b}],RepairCost:1000000000,display:{Name:\"スターストーム\"}},Damage:0s},2:{Slot:2b,id:\"minecraft:splash_potion\",Count:1b,tag:{CustomPotionEffects:[0:{Duration:21,Id:14b,Amplifier:-1b},1:{Duration:100,Id:4b,Amplifier:0b},2:{Duration:100,Id:15b,Amplifier:0b},3:{ShowParticles:0b,Duration:21,Id:14b,Amplifier:-1b}],RepairCost:1000000000,display:{Name:\"デッドライン\"}},Damage:0s},3:{Slot:3b,id:\"minecraft:splash_potion\",Count:1b,tag:{CustomPotionEffects:[0:{Duration:80,Id:25b,Amplifier:-20b},1:{Duration:80,Id:4b,Amplifier:5b},2:{Duration:40,Id:17b,Amplifier:3b},3:{Duration:40,Id:15b,Amplifier:0b},4:{Duration:80,Id:2b,Amplifier:5b}],RepairCost:1000000000,display:{Name:\"カオスフレア\"}},Damage:0s}],id:\"Chest\",Lock:\"\"},display:{Lore:[0:\"(+NBT)\"],Name:\"虚空の魔術師\"}}"
                        }
                    ]
                }
            ]
        }
    ]
}