{
    "pools": [
        {
            "rolls": 1,
            "entries": [
                {
                    "type": "item",
                    "name": "minecraft:splash_potion",
                    "weight": 1,
                    "functions": [
                        {
                            "function": "set_nbt",
                            "tag": "{CustomPotionEffects:[0:{Duration:3600,Id:17b,Amplifier:3b}],RepairCost:1000000000,display:{Name:\"がろー\"}}"
                        }
                    ]
                }
            ]
        },
        {
            "rolls": 1,
            "entries": [
                {
                    "type": "item",
                    "name": "minecraft:splash_potion",
                    "weight": 1,
                    "functions": [
                        {
                            "function": "set_nbt",
                            "tag": "{CustomPotionEffects:[0:{Duration:300,Id:17b,Amplifier:20b},1:{Duration:400,Id:4b,Amplifier:3b},2:{Duration:0,Id:22b,Amplifier:127b},3:{Duration:200,Id:7b,Amplifier:2b},4:{Duration:0,Id:11b,Amplifier:127b},5:{Duration:100,Id:19b,Amplifier:2b},6:{Duration:21,Id:14b,Amplifier:-1b}],RepairCost:1000000000,display:{Name:\"ねおちー\"}}"
                        }
                    ]
                }
            ]
        },
        {
            "rolls": 1,
            "entries": [
                {
                    "type": "item",
                    "name": "minecraft:splash_potion",
                    "weight": 1,
                    "functions": [
                        {
                            "function": "set_nbt",
                            "tag": "{CustomPotionEffects:[0:{Duration:72000,Id:11,Amplifier:-20b}],RepairCost:1000000000,display:{Name:\"§4理不尽ﾉ使者§r\"}}"
                        }
                    ]
                }
            ]
        },
        {
            "rolls": 1,
            "entries": [
                {
                    "type": "item",
                    "name": "minecraft:splash_potion",
                    "weight": 1,
                    "functions": [
                        {
                            "function": "set_nbt",
                            "tag": "{CustomPotionEffects:[0:{Duration:72000,Id:11,Amplifier:-20b},1:{Duration:1,Id:7,Amplifier:6b}],RepairCost:1000000000,display:{Name:\"§5§l⇞⇞ 理不尽ﾉ使者 UPGRADED ⇞⇞§r\"}}"
                        }
                    ]
                }
            ]
        },
        {
            "rolls": 1,
            "entries": [
                {
                    "type": "item",
                    "name": "minecraft:splash_potion",
                    "weight": 1,
                    "functions": [
                        {
                            "function": "set_nbt",
                            "tag": "{CustomPotionEffects:[0:{Duration:1200,Id:17b,Amplifier:5b},1:{Duration:1200,Id:2b,Amplifier:2b},2:{Duration:1200,Id:4b,Amplifier:2b},3:{Duration:1200,Id:18b,Amplifier:2b},4:{Duration:1200,Id:19b,Amplifier:2b},5:{Duration:1200,Id:9b,Amplifier:0b},6:{Duration:1200,Id:15b,Amplifier:0b},7:{Duration:5,Id:12b,Amplifier:127b},8:{Duration:5,Id:16b,Amplifier:127b},9:{Duration:5,Id:10b,Amplifier:2b},10:{Duration:1200,Id:20b,Amplifier:10b},11:{Duration:1200,Id:15b,Amplifier:0b},12:{Duration:120,Id:7b,Amplifier:3b}],RepairCost:1000000000,display:{Name:\"§4§lねいちー§r\"}}"
                        }
                    ]
                }
            ]
        },
        {
            "rolls": 1,
            "entries": [
                {
                    "type": "item",
                    "name": "minecraft:splash_potion",
                    "weight": 1,
                    "functions": [
                        {
                            "function": "set_nbt",
                            "tag": "{CustomPotionEffects:[0:{ShowParticles:0b,Duration:200,Id:2b,Amplifier:5b},1:{ShowParticles:0b,Duration:200,Id:15b,Amplifier:100b}],RepairCost:1000000000,display:{Name:\"§dB§0U§dG§0-§dZ§r\"}}"
                        }
                    ]
                }
            ]
        },
        {
            "rolls": 1,
            "entries": [
                {
                    "type": "item",
                    "name": "minecraft:chest",
                    "weight": 1,
                    "functions": [
                        {
                            "function": "set_nbt",
                            "tag": "{RepairCost:0,BlockEntityTag:{Items:[0:{Slot:0b,id:\"minecraft:splash_potion\",Count:1b,tag:{CustomPotionEffects:[0:{ShowParticles:0b,Duration:30,Id:2,Amplifier:20},1:{ShowParticles:0b,Duration:21,Id:7,Amplifier:2},2:{ShowParticles:0b,Duration:12,Id:8,Amplifier:-9},3:{ShowParticles:0b,Duration:100,Id:9,Amplifier:1},4:{ShowParticles:0b,Duration:1,Id:12,Amplifier:201},5:{ShowParticles:0b,Duration:40,Id:17,Amplifier:11},6:{ShowParticles:0b,Duration:80,Id:20,Amplifier:1},7:{ShowParticles:0b,Duration:21,Id:25,Amplifier:-20},8:{ShowParticles:0b,Duration:40,Id:4,Amplifier:3},9:{ShowParticles:0b,Duration:60,Id:5,Amplifier:11},10:{ShowParticles:0b,Duration:21,Id:7,Amplifier:2},11:{ShowParticles:0b,Duration:1,Id:10,Amplifier:200},12:{ShowParticles:0b,Duration:21,Id:15,Amplifier:1},13:{ShowParticles:0b,Duration:4,Id:25,Amplifier:13},14:{ShowParticles:0b,Duration:60,Id:2,Amplifier:4},15:{ShowParticles:0b,Duration:21,Id:7,Amplifier:2},16:{ShowParticles:0b,Duration:80,Id:17,Amplifier:1},17:{ShowParticles:0b,Duration:21,Id:25,Amplifier:13}],RepairCost:1000000000,display:{Name:\"§3寒色均衛§r\"}},Damage:0s},1:{Slot:1b,id:\"minecraft:splash_potion\",Count:1b,tag:{CustomPotionEffects:[0:{ShowParticles:0b,Duration:60,Id:2,Amplifier:20},1:{ShowParticles:0b,Duration:1,Id:3,Amplifier:200},2:{ShowParticles:0b,Duration:1,Id:7,Amplifier:3},3:{ShowParticles:0b,Duration:140,Id:12,Amplifier:200},4:{ShowParticles:0b,Duration:80,Id:17,Amplifier:11},5:{ShowParticles:0b,Duration:140,Id:24,Amplifier:200},6:{ShowParticles:0b,Duration:80,Id:25,Amplifier:-10}],RepairCost:1000000000,display:{Name:\"§f未曽有の寒さ§r\"}},Damage:0s},2:{Slot:2b,id:\"minecraft:splash_potion\",Count:1b,tag:{CustomPotionEffects:[0:{ShowParticles:0b,Duration:30,Id:1,Amplifier:50},1:{ShowParticles:0b,Duration:25,Id:2,Amplifier:20},2:{ShowParticles:0b,Duration:20,Id:5,Amplifier:3},3:{ShowParticles:0b,Duration:1,Id:7,Amplifier:1},4:{ShowParticles:0b,Duration:20,Id:8,Amplifier:10}],RepairCost:1000000000,display:{Name:\"§7銀の夜を嗅ぐ§r\"}},Damage:0s},3:{Slot:3b,id:\"minecraft:splash_potion\",Count:1b,tag:{CustomPotionEffects:[0:{ShowParticles:0b,Duration:31,Id:1,Amplifier:25},1:{ShowParticles:0b,Duration:21,Id:2,Amplifier:7},2:{ShowParticles:0b,Duration:21,Id:5,Amplifier:5},3:{ShowParticles:0b,Duration:21,Id:7,Amplifier:2},4:{ShowParticles:0b,Duration:5,Id:8,Amplifier:15}],RepairCost:1000000000,display:{Name:\"§1§l凍てば。§r\"}},Damage:0s},4:{Slot:4b,id:\"minecraft:splash_potion\",Count:1b,tag:{CustomPotionEffects:[0:{ShowParticles:0b,Duration:1,Id:7,Amplifier:4},1:{ShowParticles:0b,Duration:1,Id:11,Amplifier:200}],RepairCost:1000000000,display:{Name:\"§0殆ど黒に近い藍§r\"}},Damage:0s}],id:\"Chest\",Lock:\"\"},display:{Name:\"§1§l凍てば。§r\"}}"
                        }
                    ]
                }
            ]
        },
        {
            "rolls": 1,
            "entries": [
                {
                    "type": "item",
                    "name": "minecraft:chest",
                    "weight": 1,
                    "functions": [
                        {
                            "function": "set_nbt",
                            "tag": "{RepairCost:0,BlockEntityTag:{Items:[0:{Slot:0b,id:\"minecraft:splash_potion\",Count:1b,tag:{CustomPotionEffects:[0:{Duration:160,Id:4b,Amplifier:10b},1:{Duration:160,Id:18b,Amplifier:10b}],RepairCost:1000000000,display:{Name:\"ギンオーラ\"}},Damage:0s},1:{Slot:1b,id:\"minecraft:splash_potion\",Count:1b,tag:{CustomPotionEffects:[0:{Duration:60,Id:7b,Amplifier:3b}],RepairCost:1000000000,display:{Name:\"スイギン\"}},Damage:0s},2:{Slot:2b,id:\"minecraft:splash_potion\",Count:1b,tag:{CustomPotionEffects:[0:{Duration:21,Id:11b,Amplifier:-16b}],RepairCost:1000000000,display:{Name:\"⇩⇩⇩DEF⇩⇩⇩\"}},Damage:0s},3:{Slot:3b,id:\"minecraft:splash_potion\",Count:1b,tag:{CustomPotionEffects:[0:{Duration:300,Id:17b,Amplifier:5b},1:{Duration:500,Id:2b,Amplifier:2b},2:{Duration:500,Id:4b,Amplifier:2b},3:{Duration:500,Id:18b,Amplifier:2b},4:{Duration:500,Id:19b,Amplifier:2b},5:{Duration:180,Id:9b,Amplifier:0b},6:{Duration:120,Id:15b,Amplifier:0b},7:{Duration:6,Id:12b,Amplifier:127b},8:{Duration:6,Id:16b,Amplifier:127b},9:{Duration:6,Id:10b,Amplifier:2b},10:{Duration:120,Id:8b,Amplifier:-20b},11:{Duration:100,Id:21b,Amplifier:0b},12:{Duration:100,Id:7b,Amplifier:3b}],RepairCost:1000000000,display:{Name:\"金粉\"}},Damage:0s},4:{Slot:4b,id:\"minecraft:splash_potion\",Count:1b,tag:{CustomPotionEffects:[0:{Duration:200,Id:25b,Amplifier:10b},1:{Duration:200,Id:2b,Amplifier:10b}],RepairCost:1000000000,display:{Name:\"テッカイ\"}},Damage:0s}],id:\"Chest\",Lock:\"\"},display:{Name:\"§7§lギンガミ§r\"}}"
                        }
                    ]
                }
            ]
        },
        {
            "rolls": 1,
            "entries": [
                {
                    "type": "item",
                    "name": "minecraft:chest",
                    "weight": 1,
                    "functions": [
                        {
                            "function": "set_nbt",
                            "tag": "{RepairCost:0,BlockEntityTag:{Items:[0:{Slot:0b,id:\"minecraft:splash_potion\",Count:1b,tag:{CustomPotionEffects:[0:{ShowParticles:0b,Duration:1,Id:3,Amplifier:200},1:{ShowParticles:0b,Duration:60,Id:4,Amplifier:4},2:{ShowParticles:0b,Duration:1,Id:7,Amplifier:3},3:{ShowParticles:0b,Duration:80,Id:8,Amplifier:254},4:{ShowParticles:0b,Duration:1,Id:10,Amplifier:200},5:{ShowParticles:0b,Duration:1,Id:11,Amplifier:200},6:{ShowParticles:0b,Duration:80,Id:17,Amplifier:11}],RepairCost:1000000000,display:{Name:\"polished\"}},Damage:0s},1:{Slot:1b,id:\"minecraft:splash_potion\",Count:1b,tag:{CustomPotionEffects:[0:{ShowParticles:0b,Duration:40,Id:1,Amplifier:20},1:{Duion:30,ShowParticles:0b,Id:2,Amplifier:10},2:{ShowParticles:0b,Duration:1,Id:6,Amplifier:1},3:{ratId:25,ShowParticles:0b,Duration:1600,Amplifier:-2}],RepairCost:1000000000,display:{Name:\"大団円\"}},Damage:0s},2:{Slot:2b,id:\"minecraft:splash_potion\",Count:1b,tag:{CustomPotionEffects:[0:{Duration:1,Id:3,Amplifier:200},1:{ShowParticles:0b,Duration:1,Id:7,Amplifier:3},2:{ShowParticles:0b,Duration:100,Id:9,Amplifier:1},3:{ShowParticles:0b,Duration:1,Id:12,Amplifier:200},4:{ShowParticles:0b,Duration:20,Id:26,Amplifier:5}],RepairCost:1000000000,display:{Name:\"禁衣\"}},Damage:0s}],id:\"Chest\",Lock:\"\"},display:{Name:\"§7§n事の木§r\"}}"
                        }
                    ]
                }
            ]
        },
        {
            "rolls": 1,
            "entries": [
                {
                    "type": "item",
                    "name": "minecraft:chest",
                    "weight": 1,
                    "functions": [
                        {
                            "function": "set_nbt",
                            "tag": "{RepairCost:0,BlockEntityTag:{Items:[0:{Slot:0b,id:\"minecraft:splash_potion\",Count:1b,tag:{CustomPotionEffects:[0:{ShowParticles:0b,Duration:0,Id:11,Amplifier:127b},1:{ShowParticles:0b,Duration:0,Id:3,Amplifier:127b},2:{ShowParticles:0b,Duration:21,Id:22,Amplifier:127b},3:{ShowParticles:0b,Duration:0,Id:7,Amplifier:0b},4:{ShowParticles:0b,Duration:1000,Id:24,Amplifier:99b}],RepairCost:1000000000,display:{Name:\"§4§l道で倒れ込んでいる兵§r\"}},Damage:0s},1:{Slot:1b,id:\"minecraft:splash_potion\",Count:1b,tag:{CustomPotionEffects:[0:{ShowParticles:0b,Duration:100,Id:9,Amplifier:100b},1:{ShowParticles:0b,Duration:30,Id:15,Amplifier:1b},2:{ShowParticles:0b,Duration:60,Id:17,Amplifier:100b},3:{ShowParticles:0b,Duration:180,Id:18,Amplifier:1b},4:{ShowParticles:0b,Duration:1,Id:7,Amplifier:0b},5:{ShowParticles:0b,Duration:1000,Id:24,Amplifier:99b}],RepairCost:1000000000,display:{Name:\"§7§lそれでも生の眼を明けている。§r\"}},Damage:0s},2:{Slot:2b,id:\"minecraft:splash_potion\",Count:1b,tag:{CustomPotionEffects:[0:{ShowParticles:0b,Duration:80,Id:20,Amplifier:3b},1:{ShowParticles:0b,Duration:1,Id:7,Amplifier:2b},2:{ShowParticles:0b,Duration:1000,Id:24,Amplifier:99b}],RepairCost:1000000000,display:{Name:\"§4§l此の今、せめての義旗血汐に浸し。§r\"}},Damage:0s},3:{Slot:3b,id:\"minecraft:splash_potion\",Count:1b,tag:{CustomPotionEffects:[0:{ShowParticles:0b,Duration:160,Id:19,Amplifier:3b},1:{ShowParticles:0b,Duration:140,Id:4,Amplifier:10b},2:{ShowParticles:0b,Duration:1,Id:7,Amplifier:1b},3:{ShowParticles:0b,Duration:1000,Id:24,Amplifier:99b}],RepairCost:1000000000,display:{Name:\"§5§l『連れて行ってくれ』§r\"}},Damage:0s},4:{Slot:4b,id:\"minecraft:splash_potion\",Count:1b,tag:{CustomPotionEffects:[0:{ShowParticles:0b,Duration:140,Id:1,Amplifier:50b},1:{ShowParticles:0b,Duration:80,Id:2,Amplifier:15b},2:{ShowParticles:0b,Duration:140,Id:8,Amplifier:-9b},3:{ShowParticles:0b,Duration:1,Id:7,Amplifier:0b},4:{ShowParticles:0b,Duration:1000,Id:24,Amplifier:99b}],RepairCost:1000000000,display:{Name:\"§0§l自らが半死半生で足を運んでいるのだ。§r\"}},Damage:0s},5:{Slot:5b,id:\"minecraft:splash_potion\",Count:1b,tag:{CustomPotionEffects:[0:{Duration:0,Id:12,Amplifier:127b},1:{Duration:0,Id:16,Amplifier:127b},2:{ShowParticles:0b,Duration:1,Id:7,Amplifier:1b},3:{ShowParticles:0b,Duration:1000,Id:24,Amplifier:99b}],RepairCost:1000000000,display:{Name:\"§f§l関係なき意識の下に生き、そして死んでいった。§r\"}},Damage:0s}],id:\"Chest\",Lock:\"\"},display:{Name:\"§a§lロト§r\"}}"
                        }
                    ]
                }
            ]
        },
        {
            "rolls": 1,
            "entries": [
                {
                    "type": "item",
                    "name": "minecraft:chest",
                    "weight": 1,
                    "functions": [
                        {
                            "function": "set_nbt",
                            "tag": "{RepairCost:0,BlockEntityTag:{Items:[0:{Slot:0b,id:\"minecraft:splash_potion\",Count:1b,tag:{CustomPotionEffects:[0:{ShowParticles:0b,Duration:0,Id:11,Amplifier:127},1:{ShowParticles:0b,Duration:0,Id:3,Amplifier:127},2:{ShowParticles:0b,Duration:0,Id:22,Amplifier:127},3:{ShowParticles:0b,Duration:1,Id:7,Amplifier:2},4:{ShowParticles:0b,Duration:1000,Id:24,Amplifier:99}],RepairCost:1000000000,display:{Name:\"§4§l道で倒れ込んでいる兵§r\"}},Damage:0s},1:{Slot:1b,id:\"minecraft:splash_potion\",Count:1b,tag:{CustomPotionEffects:[0:{ShowParticles:0b,Duration:100,Id:9,Amplifier:100},1:{ShowParticles:0b,Duration:30,Id:15,Amplifier:1},2:{ShowParticles:0b,Duration:60,Id:17,Amplifier:100},3:{ShowParticles:0b,Duration:180,Id:18,Amplifier:1},4:{ShowParticles:0b,Duration:1,Id:7,Amplifier:2},5:{ShowParticles:0b,Duration:1000,Id:24,Amplifier:99}],RepairCost:1000000000,display:{Name:\"§7§lそれでも生の眼を明けている。§r\"}},Damage:0s},2:{Slot:2b,id:\"minecraft:splash_potion\",Count:1b,tag:{CustomPotionEffects:[0:{ShowParticles:0b,Duration:80,Id:20,Amplifier:3},1:{ShowParticles:0b,Duration:1,Id:7,Amplifier:3},2:{ShowParticles:0b,Duration:1000,Id:24,Amplifier:99}],RepairCost:1000000000,display:{Name:\"§4§l此の今、せめての義旗血汐に浸し。§r\"}},Damage:0s},3:{Slot:3b,id:\"minecraft:splash_potion\",Count:1b,tag:{CustomPotionEffects:[0:{ShowParticles:0b,Duration:160,Id:19,Amplifier:3},1:{ShowParticles:0b,Duration:140,Id:4,Amplifier:10},2:{ShowParticles:0b,Duration:1,Id:7,Amplifier:1},3:{ShowParticles:0b,Duration:1000,Id:24,Amplifier:99}],RepairCost:1000000000,display:{Name:\"§5§l『連れて行ってくれ』§r\"}},Damage:0s},4:{Slot:4b,id:\"minecraft:splash_potion\",Count:1b,tag:{CustomPotionEffects:[0:{ShowParticles:0b,Duration:140,Id:1,Amplifier:50},1:{ShowParticles:0b,Duration:80,Id:2,Amplifier:15},2:{ShowParticles:0b,Duration:140,Id:8,Amplifier:-9},3:{ShowParticles:0b,Duration:1,Id:7,Amplifier:2},4:{ShowParticles:0b,Duration:1000,Id:24,Amplifier:99}],RepairCost:1000000000,display:{Name:\"§0§l自らが半死半生で足を運んでいるのだ。§r\"}},Damage:0s},5:{Slot:5b,id:\"minecraft:splash_potion\",Count:1b,tag:{CustomPotionEffects:[0:{Duration:0,Id:12,Amplifier:127},1:{Duration:0,Id:16,Amplifier:127},2:{ShowParticles:0b,Duration:1,Id:7,Amplifier:1},3:{ShowParticles:0b,Duration:1000,Id:24,Amplifier:99}],RepairCost:1000000000,display:{Name:\"§f§l関係なき意識の下に生き、そして死んでいった。§r\"}},Damage:0s}],id:\"Chest\",Lock:\"\"},display:{Name:\"§a§lLOTO§a§l⇞⇞UPGRADED⇞⇞§r\"}}"
                        }
                    ]
                }
            ]
        },
        {
            "rolls": 1,
            "entries": [
                {
                    "type": "item",
                    "name": "minecraft:chest",
                    "weight": 1,
                    "functions": [
                        {
                            "function": "set_nbt",
                            "tag": "{RepairCost:0,BlockEntityTag:{Items:[0:{Slot:0b,id:\"minecraft:splash_potion\",Count:1b,tag:{CustomPotionEffects:[0:{ShowParticles:0b,Duration:1,Id:7,Amplifier:4},1:{ShowParticles:0b,Duration:200,Id:4,Amplifier:4}],RepairCost:1000000000,display:{Name:\"§4§l道で倒れ込んでいる兵§r\"}},Damage:0s},1:{Slot:1b,id:\"minecraft:splash_potion\",Count:1b,tag:{CustomPotionEffects:[0:{ShowParticles:0b,Duration:1,Id:7,Amplifier:4},1:{ShowParticles:0b,Duration:200,Id:15,Amplifier:10}],RepairCost:1000000000,display:{Name:\"§7§lそれでも生の眼を明けている。§r\"}},Damage:0s},2:{Slot:2b,id:\"minecraft:splash_potion\",Count:1b,tag:{CustomPotionEffects:[0:{ShowParticles:0b,Duration:1,Id:7,Amplifier:4},1:{ShowParticles:0b,Duration:200,Id:19,Amplifier:9},2:{ShowParticles:0b,Duration:200,Id:20,Amplifier:9}],RepairCost:1000000000,display:{Name:\"§4§l此の今、せめての義旗血汐に浸し。§r\"}},Damage:0s},3:{Slot:3b,id:\"minecraft:splash_potion\",Count:1b,tag:{CustomPotionEffects:[0:{ShowParticles:0b,Duration:1,Id:7,Amplifier:4},1:{ShowParticles:0b,Duration:200,Id:8,Amplifier:-9}],RepairCost:1000000000,display:{Name:\"§5§l『連れて行ってくれ』§r\"}},Damage:0s},4:{Slot:4b,id:\"minecraft:splash_potion\",Count:1b,tag:{CustomPotionEffects:[0:{ShowParticles:0b,Duration:1,Id:7,Amplifier:4},1:{ShowParticles:0b,Duration:200,Id:2,Amplifier:50},2:{ShowParticles:0b,Duration:200,Id:8,Amplifier:-9}],RepairCost:1000000000,display:{Name:\"§0§l自らが半死半生で足を運んでいるのだ。§r\"}},Damage:0s},5:{Slot:5b,id:\"minecraft:splash_potion\",Count:1b,tag:{CustomPotionEffects:[0:{ShowParticles:0b,Duration:1,Id:7,Amplifier:2},1:{ShowParticles:0b,Duration:20,Id:21,Amplifier:4}],RepairCost:1000000000,display:{Name:\"§f§l関係なき意識の下に生き、そして死んでいった。§r\"}},Damage:0s}],id:\"Chest\",Lock:\"\"},display:{Name:\"§a§lLOTO§a§lNouveau§r\"}}"
                        }
                    ]
                }
            ]
        }
    ]
}