{
	"credit": "Made with nemo",
	"textures": {
		"1": "items/moon_blade"
	},
	"elements": [
		{
			"name": "hexadecagon",
			"from": [7.80109, 1, 7],
			"to": [8.19891, 7, 9],
			"rotation": {"angle": -45, "axis": "y", "origin": [8, 1.5, 8]},
			"faces": {
				"north": {"uv": [11.5, 0, 13, 2.5], "rotation": 90, "texture": "#1"},
				"east": {"uv": [11.5, 0, 13, 2.5], "rotation": 90, "texture": "#1"},
				"south": {"uv": [11.5, 0, 13, 2.5], "rotation": 90, "texture": "#1"},
				"west": {"uv": [11.5, 0, 13, 2.5], "rotation": 90, "texture": "#1"},
				"up": {"uv": [11.5, 0, 13, 2.5], "rotation": 90, "texture": "#1"},
				"down": {"uv": [11.5, 0, 13, 2.5], "rotation": 90, "texture": "#1"}
			}
		},
		{
			"name": "hexadecagon",
			"from": [7.80109, 1, 7],
			"to": [8.19891, 7, 9],
			"rotation": {"angle": -22.5, "axis": "y", "origin": [8, 1.5, 8]},
			"faces": {
				"north": {"uv": [11.5, 0, 13, 2.5], "rotation": 90, "texture": "#1"},
				"east": {"uv": [11.5, 0, 13, 2.5], "rotation": 90, "texture": "#1"},
				"south": {"uv": [11.5, 0, 13, 2.5], "rotation": 90, "texture": "#1"},
				"west": {"uv": [11.5, 0, 13, 2.5], "rotation": 90, "texture": "#1"},
				"up": {"uv": [11.5, 0, 13, 2.5], "rotation": 90, "texture": "#1"},
				"down": {"uv": [11.5, 0, 13, 2.5], "rotation": 90, "texture": "#1"}
			}
		},
		{
			"name": "hexadecagon",
			"from": [7.80109, 1, 7],
			"to": [8.19891, 7, 9],
			"rotation": {"angle": 0, "axis": "y", "origin": [8, 1.5, 8]},
			"faces": {
				"north": {"uv": [11.5, 0, 13, 2.5], "rotation": 90, "texture": "#1"},
				"east": {"uv": [11.5, 0, 13, 2.5], "rotation": 90, "texture": "#1"},
				"south": {"uv": [11.5, 0, 13, 2.5], "rotation": 90, "texture": "#1"},
				"west": {"uv": [11.5, 0, 13, 2.5], "rotation": 90, "texture": "#1"},
				"up": {"uv": [11.5, 0, 13, 2.5], "rotation": 90, "texture": "#1"},
				"down": {"uv": [11.5, 0, 13, 2.5], "rotation": 90, "texture": "#1"}
			}
		},
		{
			"name": "hexadecagon",
			"from": [7.80109, 1, 7],
			"to": [8.19891, 7, 9],
			"rotation": {"angle": 22.5, "axis": "y", "origin": [8, 1.5, 8]},
			"faces": {
				"north": {"uv": [11.5, 0, 13, 2.5], "rotation": 90, "texture": "#1"},
				"east": {"uv": [11.5, 0, 13, 2.5], "rotation": 90, "texture": "#1"},
				"south": {"uv": [11.5, 0, 13, 2.5], "rotation": 90, "texture": "#1"},
				"west": {"uv": [11.5, 0, 13, 2.5], "rotation": 90, "texture": "#1"},
				"up": {"uv": [11.5, 0, 13, 2.5], "rotation": 90, "texture": "#1"},
				"down": {"uv": [11.5, 0, 13, 2.5], "rotation": 90, "texture": "#1"}
			}
		},
		{
			"name": "hexadecagon",
			"from": [7.80109, 1, 7],
			"to": [8.19891, 7, 9],
			"rotation": {"angle": 45, "axis": "y", "origin": [8, 1.5, 8]},
			"faces": {
				"north": {"uv": [11.5, 0, 13, 2.5], "rotation": 90, "texture": "#1"},
				"east": {"uv": [11.5, 0, 13, 2.5], "rotation": 90, "texture": "#1"},
				"south": {"uv": [11.5, 0, 13, 2.5], "rotation": 90, "texture": "#1"},
				"west": {"uv": [11.5, 0, 13, 2.5], "rotation": 90, "texture": "#1"},
				"up": {"uv": [11.5, 0, 13, 2.5], "rotation": 90, "texture": "#1"},
				"down": {"uv": [11.5, 0, 13, 2.5], "rotation": 90, "texture": "#1"}
			}
		},
		{
			"name": "hexadecagon",
			"from": [7, 1, 7.80109],
			"to": [9, 7, 8.19891],
			"rotation": {"angle": -22.5, "axis": "y", "origin": [8, 1.5, 8]},
			"faces": {
				"north": {"uv": [11.5, 0, 13, 2.5], "rotation": 90, "texture": "#1"},
				"east": {"uv": [11.5, 0, 13, 2.5], "rotation": 90, "texture": "#1"},
				"south": {"uv": [11.5, 0, 13, 2.5], "rotation": 90, "texture": "#1"},
				"west": {"uv": [11.5, 0, 13, 2.5], "rotation": 90, "texture": "#1"},
				"up": {"uv": [11.5, 0, 13, 2.5], "rotation": 90, "texture": "#1"},
				"down": {"uv": [11.5, 0, 13, 2.5], "rotation": 90, "texture": "#1"}
			}
		},
		{
			"name": "hexadecagon",
			"from": [7, 1, 7.80109],
			"to": [9, 7, 8.19891],
			"rotation": {"angle": 0, "axis": "y", "origin": [8, 1.5, 8]},
			"faces": {
				"north": {"uv": [11.5, 0, 13, 2.5], "rotation": 90, "texture": "#1"},
				"east": {"uv": [11.5, 0, 13, 2.5], "rotation": 90, "texture": "#1"},
				"south": {"uv": [11.5, 0, 13, 2.5], "rotation": 90, "texture": "#1"},
				"west": {"uv": [11.5, 0, 13, 2.5], "rotation": 90, "texture": "#1"},
				"up": {"uv": [11.5, 0, 13, 2.5], "rotation": 90, "texture": "#1"},
				"down": {"uv": [11.5, 0, 13, 2.5], "rotation": 90, "texture": "#1"}
			}
		},
		{
			"name": "hexadecagon",
			"from": [7, 1, 7.80109],
			"to": [9, 7, 8.19891],
			"rotation": {"angle": 22.5, "axis": "y", "origin": [8, 1.5, 8]},
			"faces": {
				"north": {"uv": [11.5, 0, 13, 2.5], "rotation": 90, "texture": "#1"},
				"east": {"uv": [11.5, 0, 13, 2.5], "rotation": 90, "texture": "#1"},
				"south": {"uv": [11.5, 0, 13, 2.5], "rotation": 90, "texture": "#1"},
				"west": {"uv": [11.5, 0, 13, 2.5], "rotation": 90, "texture": "#1"},
				"up": {"uv": [11.5, 0, 13, 2.5], "rotation": 90, "texture": "#1"},
				"down": {"uv": [11.5, 0, 13, 2.5], "rotation": 90, "texture": "#1"}
			}
		},
		{
			"from": [12.39911, 8.6856, 7],
			"to": [13.39911, 11.6856, 9],
			"rotation": {"angle": -22.5, "axis": "z", "origin": [12.89911, 10.01327, 8]},
			"faces": {
				"north": {"uv": [0, 5, 4, 10.5], "texture": "#1"},
				"east": {"uv": [0, 5, 4, 10.5], "texture": "#1"},
				"south": {"uv": [0, 5, 4, 10.5], "texture": "#1"},
				"west": {"uv": [0, 5, 4, 10.5], "texture": "#1"},
				"up": {"uv": [0, 5, 4, 6], "texture": "#1"},
				"down": {"uv": [0, 0, 9.5, 1], "rotation": 270, "texture": "#1"}
			}
		},
		{
			"from": [6.75, 8, 7.75],
			"to": [9.25, 28.75, 8.25],
			"rotation": {"angle": 0, "axis": "z", "origin": [8, 14.5, 8]},
			"faces": {
				"north": {"uv": [12, 0.5, 15.5, 4], "texture": "#1"},
				"east": {"uv": [12, 0.5, 15.5, 4], "texture": "#1"},
				"south": {"uv": [12, 0.5, 15.5, 4], "texture": "#1"},
				"west": {"uv": [12, 0.5, 15.5, 4], "texture": "#1"},
				"up": {"uv": [12, 0.5, 15.5, 4], "texture": "#1"},
				"down": {"uv": [12, 0.5, 15.5, 4], "texture": "#1"}
			}
		},
		{
			"from": [9.25, 8, 7.75],
			"to": [9.5, 29, 8.25],
			"rotation": {"angle": 0, "axis": "z", "origin": [8, 14.5, 8]},
			"faces": {
				"north": {"uv": [8.5, 0, 11, 4], "texture": "#1"},
				"east": {"uv": [8.5, 0, 11, 4], "texture": "#1"},
				"south": {"uv": [8.5, 0, 11, 4], "texture": "#1"},
				"west": {"uv": [8.5, 0, 11, 4], "texture": "#1"},
				"up": {"uv": [8.5, 0, 11, 4], "texture": "#1"},
				"down": {"uv": [8.5, 0, 11, 4], "texture": "#1"}
			}
		},
		{
			"from": [6.5, 8, 7.75],
			"to": [6.75, 29, 8.25],
			"rotation": {"angle": 0, "axis": "z", "origin": [8, 14.5, 8]},
			"faces": {
				"north": {"uv": [8.5, 0, 11, 4], "texture": "#1"},
				"east": {"uv": [8.5, 0, 11, 4], "texture": "#1"},
				"south": {"uv": [8.5, 0, 11, 4], "texture": "#1"},
				"west": {"uv": [8.5, 0, 11, 4], "texture": "#1"},
				"up": {"uv": [8.5, 0, 11, 4], "texture": "#1"},
				"down": {"uv": [8.5, 0, 11, 4], "texture": "#1"}
			}
		},
		{
			"from": [6.02595, 7.5, 7.7],
			"to": [7.60095, 12, 8.275],
			"rotation": {"angle": -45, "axis": "z", "origin": [6.85095, 9.76517, 8]},
			"faces": {
				"north": {"uv": [12, 0.5, 15.5, 4], "texture": "#1"},
				"east": {"uv": [12, 0.5, 15.5, 4], "texture": "#1"},
				"south": {"uv": [12, 0.5, 15.5, 4], "texture": "#1"},
				"west": {"uv": [12, 0.5, 15.5, 4], "texture": "#1"},
				"up": {"uv": [12, 0.5, 15.5, 4], "texture": "#1"},
				"down": {"uv": [12, 0.5, 15.5, 4], "texture": "#1"}
			}
		},
		{
			"from": [5.50216, 8.36935, 7.75],
			"to": [5.75216, 11.36935, 8.25],
			"rotation": {"angle": -45, "axis": "z", "origin": [5.66466, 9.86935, 8]},
			"faces": {
				"north": {"uv": [8.5, 0, 11, 4], "texture": "#1"},
				"east": {"uv": [8.5, 0, 11, 4], "texture": "#1"},
				"south": {"uv": [8.5, 0, 11, 4], "texture": "#1"},
				"west": {"uv": [8.5, 0, 11, 4], "texture": "#1"},
				"up": {"uv": [8.5, 0, 11, 4], "texture": "#1"},
				"down": {"uv": [8.5, 0, 11, 4], "texture": "#1"}
			}
		},
		{
			"from": [8.13388, 7.5, 7.7],
			"to": [9.73388, 12, 8.275],
			"rotation": {"angle": 45, "axis": "z", "origin": [8.88388, 9.67678, 8]},
			"faces": {
				"north": {"uv": [12, 0.5, 15.5, 4], "texture": "#1"},
				"east": {"uv": [12, 0.5, 15.5, 4], "texture": "#1"},
				"south": {"uv": [12, 0.5, 15.5, 4], "texture": "#1"},
				"west": {"uv": [12, 0.5, 15.5, 4], "texture": "#1"},
				"up": {"uv": [12, 0.5, 15.5, 4], "texture": "#1"},
				"down": {"uv": [12, 0.5, 15.5, 4], "texture": "#1"}
			}
		},
		{
			"from": [9.73388, 7.1193, 7.75],
			"to": [9.98388, 10.1193, 8.25],
			"rotation": {"angle": 45, "axis": "z", "origin": [8.88388, 9.67678, 8]},
			"faces": {
				"north": {"uv": [8.5, 0, 11, 4], "texture": "#1"},
				"east": {"uv": [8.5, 0, 11, 4], "texture": "#1"},
				"south": {"uv": [8.5, 0, 11, 4], "texture": "#1"},
				"west": {"uv": [8.5, 0, 11, 4], "texture": "#1"},
				"up": {"uv": [8.5, 0, 11, 4], "texture": "#1"},
				"down": {"uv": [8.5, 0, 11, 4], "texture": "#1"}
			}
		},
		{
			"from": [7.10485, 28.33525, 7.75],
			"to": [8.35485, 30.46025, 8.25],
			"rotation": {"angle": -45, "axis": "z", "origin": [7.60485, 29.39775, 8]},
			"faces": {
				"north": {"uv": [14, 0, 16, 3], "texture": "#1"},
				"east": {"uv": [0, 0, 1, 16], "texture": "#1"},
				"south": {"uv": [13, 0, 16, 2], "rotation": 270, "texture": "#1"},
				"west": {"uv": [8.5, 0, 11, 4], "texture": "#1"},
				"up": {"uv": [8.5, 0, 11, 4], "texture": "#1"},
				"down": {"uv": [0, 0, 3, 1], "texture": "#1"}
			}
		},
		{
			"from": [7.6906, 28.25052, 7.75],
			"to": [8.9406, 29.37552, 8.25],
			"rotation": {"angle": 45, "axis": "z", "origin": [8.3156, 29.30052, 8]},
			"faces": {
				"north": {"uv": [11.5, 0.5, 13.25, 3], "texture": "#1"},
				"east": {"uv": [8.5, 0, 11, 4], "texture": "#1"},
				"south": {"uv": [11.5, 0.5, 13.25, 3], "rotation": 180, "texture": "#1"},
				"west": {"uv": [0, 0, 1, 16], "texture": "#1"},
				"up": {"uv": [0, 0, 3, 1], "texture": "#1"},
				"down": {"uv": [0, 0, 3, 1], "texture": "#1"}
			}
		},
		{
			"from": [6.75, 0.75, 6.75],
			"to": [9.25, 1, 9.25],
			"rotation": {"angle": 45, "axis": "y", "origin": [8, 0.875, 8]},
			"faces": {
				"north": {"uv": [4, 0, 8, 4], "rotation": 90, "texture": "#1"},
				"east": {"uv": [4, 0, 8, 4], "rotation": 90, "texture": "#1"},
				"south": {"uv": [4, 0, 8, 4], "rotation": 90, "texture": "#1"},
				"west": {"uv": [4, 0, 8, 4], "rotation": 90, "texture": "#1"},
				"up": {"uv": [4, 0, 8, 4], "rotation": 90, "texture": "#1"},
				"down": {"uv": [4, 0, 8, 4], "rotation": 90, "texture": "#1"}
			}
		},
		{
			"from": [6.75, 0.75, 6.75],
			"to": [9.25, 1, 9.25],
			"rotation": {"angle": 0, "axis": "y", "origin": [8, 0.875, 8]},
			"faces": {
				"north": {"uv": [4, 0, 8, 4], "rotation": 90, "texture": "#1"},
				"east": {"uv": [4, 0, 8, 4], "rotation": 90, "texture": "#1"},
				"south": {"uv": [4, 0, 8, 4], "rotation": 90, "texture": "#1"},
				"west": {"uv": [4, 0, 8, 4], "rotation": 90, "texture": "#1"},
				"up": {"uv": [4, 0, 8, 4], "rotation": 90, "texture": "#1"},
				"down": {"uv": [4, 0, 8, 4], "rotation": 90, "texture": "#1"}
			}
		},
		{
			"from": [5.5, 7, 5.5],
			"to": [10.5, 8, 10.5],
			"rotation": {"angle": -45, "axis": "y", "origin": [8, 7.5, 8]},
			"faces": {
				"north": {"uv": [4, 0, 8, 6.5], "texture": "#1"},
				"east": {"uv": [4, 0, 8, 6.5], "texture": "#1"},
				"south": {"uv": [4, 0, 8, 6.5], "texture": "#1"},
				"west": {"uv": [4, 0, 8, 6.5], "texture": "#1"},
				"up": {"uv": [4, 0, 8, 6.5], "texture": "#1"},
				"down": {"uv": [4, 0, 8, 6.5], "texture": "#1"}
			}
		},
		{
			"from": [5.5, 7.5, 6.5],
			"to": [10.5, 8.5, 9.5],
			"rotation": {"angle": 0, "axis": "y", "origin": [8, 7.5, 8]},
			"faces": {
				"north": {"uv": [0, 15, 4, 16], "texture": "#1"},
				"east": {"uv": [0, 15, 4, 16], "texture": "#1"},
				"south": {"uv": [0, 15, 4, 16], "texture": "#1"},
				"west": {"uv": [0, 15, 4, 16], "texture": "#1"},
				"up": {"uv": [0, 15, 4, 16], "texture": "#1"},
				"down": {"uv": [0, 15, 4, 16], "texture": "#1"}
			}
		},
		{
			"from": [6.5, 9.5, 6.5],
			"to": [9.5, 12.5, 6.5],
			"rotation": {"angle": 0, "axis": "y", "origin": [8, 11, 6.5]},
			"faces": {
				"north": {"uv": [8, 4, 12, 8], "texture": "#1"},
				"east": {"uv": [8, 4, 12, 8], "texture": "#1"},
				"south": {"uv": [10, 9, 14, 12.5], "texture": "#1"},
				"west": {"uv": [8, 4, 12, 8], "texture": "#1"},
				"up": {"uv": [8, 4, 12, 8], "texture": "#1"},
				"down": {"uv": [8, 4, 12, 8], "texture": "#1"}
			}
		},
		{
			"from": [3.96508, 8.18925, 6.25],
			"to": [5.96508, 10.18925, 6.25],
			"rotation": {"angle": 22.5, "axis": "z", "origin": [4.96508, 9.18925, 6.25]},
			"faces": {
				"north": {"uv": [4, 8, 8, 12], "texture": "#1"},
				"east": {"uv": [8, 4, 12, 8], "texture": "#1"},
				"south": {"uv": [10, 9, 14, 12.5], "texture": "#1"},
				"west": {"uv": [8, 4, 12, 8], "texture": "#1"},
				"up": {"uv": [8, 4, 12, 8], "texture": "#1"},
				"down": {"uv": [8, 4, 12, 8], "texture": "#1"}
			}
		},
		{
			"from": [3.96508, 8.18925, 9.75],
			"to": [5.96508, 10.18925, 9.75],
			"rotation": {"angle": 22.5, "axis": "z", "origin": [4.96508, 9.18925, 9.75]},
			"faces": {
				"north": {"uv": [10, 9, 14, 12.5], "texture": "#1"},
				"east": {"uv": [8, 4, 12, 8], "texture": "#1"},
				"south": {"uv": [4, 8, 8, 12], "texture": "#1"},
				"west": {"uv": [4, 8, 8, 12], "texture": "#1"},
				"up": {"uv": [8, 4, 12, 8], "texture": "#1"},
				"down": {"uv": [8, 4, 12, 8], "texture": "#1"}
			}
		},
		{
			"from": [9.96508, 8.18925, 6.25],
			"to": [11.96508, 10.18925, 6.25],
			"rotation": {"angle": -22.5, "axis": "z", "origin": [10.96508, 9.18925, 6.25]},
			"faces": {
				"north": {"uv": [4, 12, 8, 16], "texture": "#1"},
				"east": {"uv": [8, 4, 12, 8], "texture": "#1"},
				"south": {"uv": [10, 9, 14, 12.5], "texture": "#1"},
				"west": {"uv": [8, 4, 12, 8], "texture": "#1"},
				"up": {"uv": [8, 4, 12, 8], "texture": "#1"},
				"down": {"uv": [8, 4, 12, 8], "texture": "#1"}
			}
		},
		{
			"from": [9.96508, 8.18925, 9.75],
			"to": [11.96508, 10.18925, 9.75],
			"rotation": {"angle": -22.5, "axis": "z", "origin": [10.96508, 9.18925, 9.75]},
			"faces": {
				"north": {"uv": [10, 9, 14, 12.5], "texture": "#1"},
				"east": {"uv": [8, 4, 12, 8], "texture": "#1"},
				"south": {"uv": [4, 12, 8, 16], "texture": "#1"},
				"west": {"uv": [4, 8, 8, 12], "texture": "#1"},
				"up": {"uv": [8, 4, 12, 8], "texture": "#1"},
				"down": {"uv": [8, 4, 12, 8], "texture": "#1"}
			}
		},
		{
			"from": [6.5, 9.5, 9.5],
			"to": [9.5, 12.5, 9.5],
			"rotation": {"angle": 0, "axis": "y", "origin": [8, 11, 9.5]},
			"faces": {
				"north": {"uv": [10, 9, 14, 12.5], "texture": "#1"},
				"east": {"uv": [12, 4, 16, 8], "texture": "#1"},
				"south": {"uv": [12, 4, 16, 8], "texture": "#1"},
				"west": {"uv": [12, 4, 16, 8], "texture": "#1"},
				"up": {"uv": [12, 4, 16, 8], "texture": "#1"},
				"down": {"uv": [12, 4, 16, 8], "texture": "#1"}
			}
		},
		{
			"from": [7, 7.5, 7.25],
			"to": [9, 9.5, 8.75],
			"rotation": {"angle": 45, "axis": "z", "origin": [8, 8.5, 8]},
			"faces": {
				"north": {"uv": [4, 0, 8, 6.5], "texture": "#1"},
				"east": {"uv": [4, 0, 8, 6.5], "texture": "#1"},
				"south": {"uv": [4, 0, 8, 6.5], "texture": "#1"},
				"west": {"uv": [4, 0, 8, 6.5], "texture": "#1"},
				"up": {"uv": [4, 0, 8, 6.5], "texture": "#1"},
				"down": {"uv": [4, 0, 8, 6.5], "texture": "#1"}
			}
		},
		{
			"from": [4, 0.75, 8],
			"to": [12, 8.75, 8],
			"rotation": {"angle": 0, "axis": "z", "origin": [8, 8.5, 8]},
			"faces": {
				"north": {"uv": [8, 8.5, 16, 16], "rotation": 180, "texture": "#1"},
				"east": {"uv": [4, 0, 8, 6.5], "texture": "#1"},
				"south": {"uv": [8, 8.5, 16, 16], "rotation": 180, "texture": "#1"},
				"west": {"uv": [4, 0, 8, 6.5], "texture": "#1"},
				"up": {"uv": [4, 0, 8, 6.5], "texture": "#1"},
				"down": {"uv": [4, 0, 8, 6.5], "texture": "#1"}
			}
		},
		{
			"from": [10.19448, 8.03596, 6.5],
			"to": [13.19448, 9.03596, 9.5],
			"rotation": {"angle": 22.5, "axis": "z", "origin": [11.69448, 8.53596, 8]},
			"faces": {
				"north": {"uv": [0, 10.5, 2, 16], "rotation": 270, "texture": "#1"},
				"east": {"uv": [0, 10.5, 4, 12], "texture": "#1"},
				"south": {"uv": [0, 10.5, 4, 16], "rotation": 90, "texture": "#1"},
				"west": {"uv": [0, 10.5, 4, 16], "rotation": 90, "texture": "#1"},
				"up": {"uv": [0, 10.5, 4, 16], "rotation": 90, "texture": "#1"},
				"down": {"uv": [0, 10.5, 4, 16], "rotation": 90, "texture": "#1"}
			}
		},
		{
			"from": [2.80552, 8.03596, 6.5],
			"to": [5.80552, 9.03596, 9.5],
			"rotation": {"angle": -22.5, "axis": "z", "origin": [4.30552, 8.53596, 8]},
			"faces": {
				"north": {"uv": [0, 10.5, 4, 16], "rotation": 90, "texture": "#1"},
				"east": {"uv": [0, 0, 9.5, 1], "rotation": 180, "texture": "#1"},
				"south": {"uv": [0, 10.5, 4, 16], "rotation": 270, "texture": "#1"},
				"west": {"uv": [0, 10.5, 4, 12], "rotation": 180, "texture": "#1"},
				"up": {"uv": [0, 10.5, 4, 16], "rotation": 270, "texture": "#1"},
				"down": {"uv": [0, 10.5, 4, 16], "rotation": 270, "texture": "#1"}
			}
		},
		{
			"from": [2.51537, 8.68558, 7],
			"to": [3.51537, 11.68558, 9],
			"rotation": {"angle": 22.5, "axis": "z", "origin": [3.01537, 10.18558, 8]},
			"faces": {
				"north": {"uv": [0, 5, 4, 10.5], "texture": "#1"},
				"east": {"uv": [0, 5, 4, 10.5], "texture": "#1"},
				"south": {"uv": [0, 5, 4, 10.5], "texture": "#1"},
				"west": {"uv": [0, 5, 4, 10.5], "texture": "#1"},
				"up": {"uv": [0, 5, 4, 6], "texture": "#1"},
				"down": {"uv": [0, 0, 9.5, 1], "rotation": 270, "texture": "#1"}
			}
		},
		{
			"from": [2.555, 11.01693, 7.25],
			"to": [3.555, 13.01693, 8.75],
			"rotation": {"angle": -22.5, "axis": "z", "origin": [3.055, 12.01693, 8]},
			"faces": {
				"north": {"uv": [0, 0, 4, 5], "texture": "#1"},
				"east": {"uv": [0, 0, 4, 5], "texture": "#1"},
				"south": {"uv": [0, 0, 4, 5], "texture": "#1"},
				"west": {"uv": [0, 0, 4, 5], "texture": "#1"},
				"up": {"uv": [0, 0, 4, 1.5], "rotation": 90, "texture": "#1"},
				"down": {"uv": [0, 0, 9.5, 1], "rotation": 270, "texture": "#1"}
			}
		},
		{
			"from": [12.305, 11.01693, 7.25],
			"to": [13.305, 13.01693, 8.75],
			"rotation": {"angle": 22.5, "axis": "z", "origin": [12.805, 12.01693, 8]},
			"faces": {
				"north": {"uv": [0, 0, 4, 5], "texture": "#1"},
				"east": {"uv": [0, 0, 4, 5], "texture": "#1"},
				"south": {"uv": [0, 0, 4, 5], "texture": "#1"},
				"west": {"uv": [0, 0, 4, 5], "texture": "#1"},
				"up": {"uv": [0, 0, 4, 1.5], "rotation": 90, "texture": "#1"},
				"down": {"uv": [0, 0, 9.5, 1], "rotation": 270, "texture": "#1"}
			}
		}
	],
	"display": {
		"thirdperson_righthand": {
			"rotation": [-51.25, 90, 55],
			"translation": [0, 1.25, 2.5],
			"scale": [0.85, 0.85, 0.85]
		},
		"thirdperson_lefthand": {
			"rotation": [-51.25, 90, 55],
			"translation": [0, 1.25, 2.5],
			"scale": [0.85, 0.85, 0.85]
		},
		"firstperson_righthand": {
			"rotation": [-17, 90, 25],
			"translation": [0, 1.6, 0.8],
			"scale": [0.6, 0.6, 0.6]
		},
		"firstperson_lefthand": {
			"rotation": [-17, 90, 25],
			"translation": [0, 1.6, 0.8],
			"scale": [0.6, 0.6, 0.6]
		},
		"ground": {
			"rotation": [-90, 0, 0],
			"translation": [0, -1.75, 3.75],
			"scale": [0.75, 0.75, 0.75]
		},
		"gui": {
			"rotation": [0, 0, -45],
			"translation": [-3.75, -3.5, 0],
			"scale": [0.85, 0.85, 0.85]
		},
		"head": {
			"rotation": [90, 0, -180],
			"translation": [0, -12.5, 0],
			"scale": [1.5, 1.5, 1.5]
		},
		"fixed": {
			"rotation": [0, 180, -45],
			"translation": [3, -3, 0],
			"scale": [0.7, 0.7, 0.7]
		}
	},
	"groups": [
		{
			"name": "hexadecagon",
			"origin": [8, 8, 8],
			"children": [0, 1, 2, 3, 4, 5, 6, 7]
		},
		{
			"name": "moon",
			"origin": [12.805, 12.01693, 8],
			"children": [8, 9, 10, 11, 12, 13, 14, 15, 16, 17, 18, 19, 20, 21, 22, 23, 24, 25, 26, 27, 28, 29, 30, 31, 32, 33, 34]
		}
	]
}