{
	"credit": "Made with Blockbench",
	"textures": {
		"0": "items/white_katana",
		"particle": "items/white_katana"
	},
	"elements": [
		{
			"from": [7.5, 7, 7.75],
			"to": [8.75, 27, 8.25],
			"rotation": {"angle": 0, "axis": "z", "origin": [8, 16.875, 8]},
			"faces": {
				"north": {"uv": [14.5, 0, 15.5, 0.5], "texture": "#0"},
				"east": {"uv": [14.5, 0, 15.5, 0.5], "texture": "#0"},
				"south": {"uv": [14.5, 0, 15.5, 0.5], "texture": "#0"},
				"west": {"uv": [14.5, 0, 15.5, 0.5], "texture": "#0"},
				"up": {"uv": [14.5, 0, 15.5, 0.5], "texture": "#0"},
				"down": {"uv": [14.5, 0, 15.5, 0.5], "texture": "#0"}
			}
		},
		{
			"from": [7, 26.25, 7.75],
			"to": [8, 28, 8.25],
			"rotation": {"angle": 0, "axis": "z", "origin": [7.5, 27.125, 8]},
			"faces": {
				"north": {"uv": [14.5, 0, 15.5, 0.5], "texture": "#0"},
				"east": {"uv": [14.5, 0, 15.5, 0.5], "texture": "#0"},
				"south": {"uv": [14.5, 0, 15.5, 0.5], "texture": "#0"},
				"west": {"uv": [14.5, 0, 15.5, 0.5], "texture": "#0"},
				"up": {"uv": [14.5, 0, 15.5, 0.5], "texture": "#0"},
				"down": {"uv": [14.5, 0, 15.5, 0.5], "texture": "#0"}
			}
		},
		{
			"from": [7.39691, 26.53194, 7.75],
			"to": [8.14691, 30.03194, 8.25],
			"rotation": {"angle": 22.5, "axis": "z", "origin": [7.77191, 28.28194, 8]},
			"faces": {
				"north": {"uv": [14.5, 0, 15.5, 0.5], "texture": "#0"},
				"east": {"uv": [0, 0, 1, 16], "texture": "#missing"},
				"south": {"uv": [14.5, 0, 15.5, 0.5], "texture": "#0"},
				"west": {"uv": [0, 0, 1, 16], "texture": "#missing"},
				"up": {"uv": [0, 0, 3, 1], "texture": "#missing"},
				"down": {"uv": [0, 0, 3, 1], "texture": "#missing"}
			}
		},
		{
			"from": [8.09933, 26.77112, 7.75],
			"to": [8.59933, 30.27112, 8.25],
			"rotation": {"angle": 22.5, "axis": "z", "origin": [8.34933, 28.52112, 8]},
			"faces": {
				"north": {"uv": [12, 0, 13, 4.5], "rotation": 180, "texture": "#0"},
				"east": {"uv": [12, 0, 13, 4.5], "rotation": 180, "texture": "#0"},
				"south": {"uv": [12, 0, 13, 4.5], "texture": "#0"},
				"west": {"uv": [12, 0, 13, 4.5], "texture": "#0"},
				"up": {"uv": [0, 0, 3, 1], "texture": "#missing"},
				"down": {"uv": [0, 0, 3, 1], "texture": "#missing"}
			}
		},
		{
			"from": [6.98126, 30.04872, 7.75],
			"to": [7.73126, 31.13521, 8.25],
			"rotation": {"angle": 22.5, "axis": "z", "origin": [7.35626, 30.59197, 8]},
			"faces": {
				"north": {"uv": [12, 0, 12.5, 1], "rotation": 180, "texture": "#0"},
				"east": {"uv": [12, 0, 12.5, 1], "rotation": 180, "texture": "#0"},
				"south": {"uv": [12, 0, 12.5, 1], "rotation": 180, "texture": "#0"},
				"west": {"uv": [12, 0, 12.5, 1], "rotation": 180, "texture": "#0"},
				"up": {"uv": [12, 0, 12.5, 1], "rotation": 180, "texture": "#0"},
				"down": {"uv": [12, 0, 12.5, 1], "rotation": 180, "texture": "#0"}
			}
		},
		{
			"from": [8.75, 7, 7.75],
			"to": [9.25, 27, 8.25],
			"rotation": {"angle": 0, "axis": "z", "origin": [9, 25.75, 8]},
			"faces": {
				"north": {"uv": [12, 0, 13, 10], "texture": "#0"},
				"east": {"uv": [12, 0, 13, 10], "rotation": 180, "texture": "#0"},
				"south": {"uv": [12, 0, 13, 10], "texture": "#0"},
				"west": {"uv": [0, 0, 1, 16], "texture": "#missing"},
				"up": {"uv": [0, 0, 3, 1], "texture": "#missing"},
				"down": {"uv": [0, 0, 3, 1], "texture": "#missing"}
			}
		},
		{
			"from": [6.75, 14.5, 7.75],
			"to": [7.5, 21, 8.25],
			"rotation": {"angle": 0, "axis": "z", "origin": [7.125, 17.75, 8]},
			"faces": {
				"north": {"uv": [14.5, 0, 15.5, 0.5], "texture": "#0"},
				"east": {"uv": [0, 0, 1, 16], "texture": "#missing"},
				"south": {"uv": [14.5, 0, 15.5, 0.5], "texture": "#0"},
				"west": {"uv": [14.5, 0, 15.5, 0.5], "texture": "#0"},
				"up": {"uv": [0, 0, 3, 1], "texture": "#missing"},
				"down": {"uv": [0, 0, 3, 1], "texture": "#missing"}
			}
		},
		{
			"from": [6.75, 7, 7.75],
			"to": [7.5, 13.75, 8.25],
			"rotation": {"angle": 0, "axis": "z", "origin": [7.125, 18, 8]},
			"faces": {
				"north": {"uv": [14.5, 0, 15.5, 0.5], "texture": "#0"},
				"east": {"uv": [0, 0, 1, 16], "texture": "#missing"},
				"south": {"uv": [14.5, 0, 15.5, 0.5], "texture": "#0"},
				"west": {"uv": [14.5, 0, 15.5, 0.5], "texture": "#0"},
				"up": {"uv": [0, 0, 3, 1], "texture": "#missing"},
				"down": {"uv": [0, 0, 3, 1], "texture": "#missing"}
			}
		},
		{
			"from": [6.99372, 21.16161, 7.75],
			"to": [7.74372, 22.16161, 8.25],
			"rotation": {"angle": 45, "axis": "z", "origin": [7.36872, 21.66161, 8]},
			"faces": {
				"north": {"uv": [14.5, 0, 15.5, 0.5], "texture": "#0"},
				"east": {"uv": [14.5, 0, 15.5, 0.5], "texture": "#0"},
				"south": {"uv": [14.5, 0, 15.5, 0.5], "texture": "#0"},
				"west": {"uv": [14.5, 0, 15.5, 0.5], "texture": "#0"},
				"up": {"uv": [14.5, 0, 15.5, 0.5], "texture": "#0"},
				"down": {"uv": [14.5, 0, 15.5, 0.5], "texture": "#0"}
			}
		},
		{
			"from": [6.99372, 13.91161, 7.75],
			"to": [7.74372, 14.91161, 8.25],
			"rotation": {"angle": 45, "axis": "z", "origin": [7.36872, 14.41161, 8]},
			"faces": {
				"north": {"uv": [14.5, 0, 15.5, 0.5], "texture": "#0"},
				"east": {"uv": [14.5, 0, 15.5, 0.5], "texture": "#0"},
				"south": {"uv": [14.5, 0, 15.5, 0.5], "texture": "#0"},
				"west": {"uv": [14.5, 0, 15.5, 0.5], "texture": "#0"},
				"up": {"uv": [14.5, 0, 15.5, 0.5], "texture": "#0"},
				"down": {"uv": [14.5, 0, 15.5, 0.5], "texture": "#0"}
			}
		},
		{
			"from": [6.90533, 20.625, 7.75],
			"to": [7.65533, 21.375, 8.25],
			"rotation": {"angle": 45, "axis": "z", "origin": [7.28033, 21, 8]},
			"faces": {
				"north": {"uv": [14.5, 0, 15.5, 0.5], "texture": "#0"},
				"east": {"uv": [14.5, 0, 15.5, 0.5], "texture": "#0"},
				"south": {"uv": [14.5, 0, 15.5, 0.5], "texture": "#0"},
				"west": {"uv": [14.5, 0, 15.5, 0.5], "texture": "#0"},
				"up": {"uv": [14.5, 0, 15.5, 0.5], "texture": "#0"},
				"down": {"uv": [14.5, 0, 15.5, 0.5], "texture": "#0"}
			}
		},
		{
			"from": [6.90533, 13.375, 7.75],
			"to": [7.65533, 14.125, 8.25],
			"rotation": {"angle": 45, "axis": "z", "origin": [7.28033, 13.75, 8]},
			"faces": {
				"north": {"uv": [14.5, 0, 15.5, 0.5], "texture": "#0"},
				"east": {"uv": [14.5, 0, 15.5, 0.5], "texture": "#0"},
				"south": {"uv": [14.5, 0, 15.5, 0.5], "texture": "#0"},
				"west": {"uv": [14.5, 0, 15.5, 0.5], "texture": "#0"},
				"up": {"uv": [14.5, 0, 15.5, 0.5], "texture": "#0"},
				"down": {"uv": [14.5, 0, 15.5, 0.5], "texture": "#0"}
			}
		},
		{
			"from": [6.75, 21.75, 7.75],
			"to": [7.5, 30, 8.25],
			"rotation": {"angle": 0, "axis": "z", "origin": [7.125, 25.875, 8]},
			"faces": {
				"north": {"uv": [14.5, 0, 15.5, 0.5], "texture": "#0"},
				"east": {"uv": [0, 0, 1, 16], "texture": "#missing"},
				"south": {"uv": [14.5, 0, 15.5, 0.5], "texture": "#0"},
				"west": {"uv": [14.5, 0, 15.5, 0.5], "texture": "#0"},
				"up": {"uv": [0, 0, 3, 1], "texture": "#missing"},
				"down": {"uv": [0, 0, 3, 1], "texture": "#missing"}
			}
		},
		{
			"from": [6.75, 30, 7.75],
			"to": [7.5, 31.25, 8.25],
			"rotation": {"angle": 0, "axis": "z", "origin": [7.125, 30.625, 8]},
			"faces": {
				"north": {"uv": [12, 0, 12.5, 1], "rotation": 180, "texture": "#0"},
				"east": {"uv": [12, 0, 12.5, 1], "rotation": 180, "texture": "#0"},
				"south": {"uv": [12, 0, 12.5, 1], "rotation": 180, "texture": "#0"},
				"west": {"uv": [12, 0, 12.5, 1], "rotation": 180, "texture": "#0"},
				"up": {"uv": [12, 0, 12.5, 1], "rotation": 180, "texture": "#0"},
				"down": {"uv": [12, 0, 12.5, 1], "rotation": 180, "texture": "#0"}
			}
		},
		{
			"from": [7.25, -1, 7.25],
			"to": [8.75, 6, 8.75],
			"rotation": {"angle": 45, "axis": "y", "origin": [8, 2.5, 8]},
			"faces": {
				"north": {"uv": [0, 5.5, 1, 10], "rotation": 180, "texture": "#0"},
				"east": {"uv": [0, 5.5, 1, 10], "texture": "#0"},
				"south": {"uv": [0, 5.5, 1, 10], "rotation": 180, "texture": "#0"},
				"west": {"uv": [0, 5.5, 1, 10], "texture": "#0"},
				"up": {"uv": [0, 0, 1.5, 1.5], "texture": "#missing"},
				"down": {"uv": [0, 0, 1.5, 1.5], "texture": "#missing"}
			}
		},
		{
			"from": [12.25, 0, 5],
			"to": [12.25, 6, 11],
			"rotation": {"angle": 0, "axis": "y", "origin": [8, 2.5, 8]},
			"faces": {
				"north": {"uv": [1, 5.5, 4, 8.5], "texture": "#0"},
				"east": {"uv": [4.5, 8, 12, 16], "texture": "#0"},
				"south": {"uv": [1, 5.5, 4, 8.5], "texture": "#0"},
				"west": {"uv": [1, 5.5, 4, 8.5], "texture": "#0"},
				"up": {"uv": [1, 5.5, 4, 8.5], "texture": "#0"},
				"down": {"uv": [1, 5.5, 4, 8.5], "texture": "#0"}
			}
		},
		{
			"from": [7, -2, 7],
			"to": [9, -1, 9],
			"rotation": {"angle": 45, "axis": "y", "origin": [8, 2.5, 8]},
			"faces": {
				"north": {"uv": [0, 10, 1.5, 11.5], "texture": "#0"},
				"east": {"uv": [0, 10, 1.5, 11.5], "texture": "#0"},
				"south": {"uv": [0, 10, 1.5, 11.5], "texture": "#0"},
				"west": {"uv": [0, 10, 1.5, 11.5], "texture": "#0"},
				"up": {"uv": [0, 10, 1.5, 11.5], "texture": "#0"},
				"down": {"uv": [0, 10, 1.5, 11.5], "texture": "#0"}
			}
		},
		{
			"from": [8.25, -4.75, 7.25],
			"to": [9.75, -3.25, 8.75],
			"rotation": {"angle": 0, "axis": "y", "origin": [9, -4, 8]},
			"faces": {
				"north": {"uv": [4.5, 0.5, 7.5, 3.5], "texture": "#0"},
				"east": {"uv": [4.5, 0.5, 7.5, 3.5], "texture": "#0"},
				"south": {"uv": [4.5, 0.5, 7.5, 3.5], "texture": "#0"},
				"west": {"uv": [4.5, 0.5, 7.5, 3.5], "texture": "#0"},
				"up": {"uv": [4.5, 0.5, 7.5, 3.5], "texture": "#0"},
				"down": {"uv": [4.5, 0.5, 7.5, 3.5], "texture": "#0"}
			}
		},
		{
			"from": [7.75, -5.25, 7.25],
			"to": [10.25, -2.75, 7.25],
			"rotation": {"angle": 0, "axis": "y", "origin": [9, -4, 7.25]},
			"faces": {
				"north": {"uv": [4, 0, 8, 4], "texture": "#0"},
				"east": {"uv": [4.5, 0.5, 7.5, 3.5], "texture": "#0"},
				"south": {"uv": [1, 5.5, 4, 8.5], "texture": "#0"},
				"west": {"uv": [4.5, 0.5, 7.5, 3.5], "texture": "#0"},
				"up": {"uv": [4.5, 0.5, 7.5, 3.5], "texture": "#0"},
				"down": {"uv": [4.5, 0.5, 7.5, 3.5], "texture": "#0"}
			}
		},
		{
			"from": [7.75, -5.25, 8.75],
			"to": [10.25, -2.75, 8.75],
			"rotation": {"angle": 0, "axis": "y", "origin": [9, -4, 7.25]},
			"faces": {
				"north": {"uv": [1, 5.5, 4, 8.5], "texture": "#0"},
				"east": {"uv": [4.5, 0.5, 7.5, 3.5], "texture": "#0"},
				"south": {"uv": [4, 0, 8, 4], "texture": "#0"},
				"west": {"uv": [4.5, 0.5, 7.5, 3.5], "texture": "#0"},
				"up": {"uv": [4.5, 0.5, 7.5, 3.5], "texture": "#0"},
				"down": {"uv": [4.5, 0.5, 7.5, 3.5], "texture": "#0"}
			}
		},
		{
			"from": [9.75, -5.25, 6.751],
			"to": [9.75, -2.75, 9.251],
			"rotation": {"angle": 0, "axis": "y", "origin": [9.75, -4, 8.001]},
			"faces": {
				"north": {"uv": [4.5, 0.5, 7.5, 3.5], "texture": "#0"},
				"east": {"uv": [4, 0, 8, 4], "texture": "#0"},
				"south": {"uv": [4.5, 0.5, 7.5, 3.5], "texture": "#0"},
				"west": {"uv": [1, 5.5, 4, 8.5], "texture": "#0"},
				"up": {"uv": [4.5, 0.5, 7.5, 3.5], "rotation": 90, "texture": "#0"},
				"down": {"uv": [4.5, 0.5, 7.5, 3.5], "rotation": 270, "texture": "#0"}
			}
		},
		{
			"from": [7.94218, -3.55933, 8.251],
			"to": [9.44218, -1.55933, 8.251],
			"rotation": {"angle": 22.5, "axis": "z", "origin": [8.69218, -2.55933, 8.251]},
			"faces": {
				"north": {"uv": [4.5, 4, 7.5, 6], "rotation": 90, "texture": "#0"},
				"east": {"uv": [4.5, 0.5, 7.5, 3.5], "rotation": 270, "texture": "#0"},
				"south": {"uv": [4.5, 6, 7.5, 8], "rotation": 90, "texture": "#0"},
				"west": {"uv": [4.5, 0.5, 7.5, 3.5], "rotation": 270, "texture": "#0"},
				"up": {"uv": [4.5, 0.5, 7.5, 3.5], "rotation": 270, "texture": "#0"},
				"down": {"uv": [4.5, 0.5, 7.5, 3.5], "rotation": 270, "texture": "#0"}
			}
		},
		{
			"from": [8.25, -5.25, 6.751],
			"to": [8.25, -2.75, 9.251],
			"rotation": {"angle": 0, "axis": "y", "origin": [9.75, -4, 8.001]},
			"faces": {
				"north": {"uv": [4.5, 0.5, 7.5, 3.5], "texture": "#0"},
				"east": {"uv": [1, 5.5, 4, 8.5], "texture": "#0"},
				"south": {"uv": [4.5, 0.5, 7.5, 3.5], "texture": "#0"},
				"west": {"uv": [4, 0, 8, 4], "texture": "#0"},
				"up": {"uv": [4.5, 0.5, 7.5, 3.5], "rotation": 90, "texture": "#0"},
				"down": {"uv": [4.5, 0.5, 7.5, 3.5], "rotation": 270, "texture": "#0"}
			}
		},
		{
			"from": [7.75, -3.25, 6.751],
			"to": [10.25, -3.25, 9.251],
			"rotation": {"angle": 0, "axis": "x", "origin": [9, -3.25, 8.001]},
			"faces": {
				"north": {"uv": [4.5, 0.5, 7.5, 3.5], "rotation": 180, "texture": "#0"},
				"east": {"uv": [4.5, 0.5, 7.5, 3.5], "rotation": 270, "texture": "#0"},
				"south": {"uv": [4.5, 0.5, 7.5, 3.5], "texture": "#0"},
				"west": {"uv": [4.5, 0.5, 7.5, 3.5], "rotation": 90, "texture": "#0"},
				"up": {"uv": [4, 0, 8, 4], "rotation": 180, "texture": "#0"},
				"down": {"uv": [1, 5.5, 4, 8.5], "texture": "#0"}
			}
		},
		{
			"from": [7.75, -4.75, 6.751],
			"to": [10.25, -4.75, 9.251],
			"rotation": {"angle": 0, "axis": "x", "origin": [9, -3.25, 8.001]},
			"faces": {
				"north": {"uv": [4.5, 0.5, 7.5, 3.5], "rotation": 180, "texture": "#0"},
				"east": {"uv": [4.5, 0.5, 7.5, 3.5], "rotation": 270, "texture": "#0"},
				"south": {"uv": [4.5, 0.5, 7.5, 3.5], "texture": "#0"},
				"west": {"uv": [4.5, 0.5, 7.5, 3.5], "rotation": 90, "texture": "#0"},
				"up": {"uv": [1, 5.5, 4, 8.5], "texture": "#0"},
				"down": {"uv": [4, 0, 8, 4], "texture": "#0"}
			}
		},
		{
			"from": [6, 6, 6],
			"to": [10, 7, 10],
			"rotation": {"angle": 45, "axis": "y", "origin": [8, 6.5, 8]},
			"faces": {
				"north": {"uv": [0, 4, 4, 5.5], "texture": "#0"},
				"east": {"uv": [0, 4, 4, 5.5], "texture": "#0"},
				"south": {"uv": [0, 4, 4, 5.5], "texture": "#0"},
				"west": {"uv": [0, 4, 4, 5.5], "texture": "#0"},
				"up": {"uv": [0, 0, 4, 4], "texture": "#0"},
				"down": {"uv": [0, 0, 4, 4], "texture": "#0"}
			}
		}
	],
	"display": {
		"thirdperson_righthand": {
			"rotation": [-51.25, 90, 55],
			"translation": [0, 3, 2.5]
		},
		"thirdperson_lefthand": {
			"rotation": [0, -90, 0],
			"translation": [0, 3, 2.5]
		},
		"firstperson_righthand": {
			"rotation": [-17, 90, 25],
			"translation": [0, 1.6, 0.8],
			"scale": [0.6, 0.6, 0.6]
		},
		"firstperson_lefthand": {
			"rotation": [17, -90, 3],
			"translation": [0, 1.6, 0.8],
			"scale": [0.6, 0.6, 0.6]
		},
		"ground": {
			"rotation": [-90, 90, 0],
			"translation": [0, -1, 3.75]
		},
		"gui": {
			"rotation": [0, 0, -45],
			"translation": [-3.75, -3.5, 0],
			"scale": [0.85, 0.85, 0.85]
		},
		"head": {
			"rotation": [85, 31, -180],
			"translation": [0, -12.5, 5.25],
			"scale": [1.5, 1.5, 1.5]
		},
		"fixed": {
			"rotation": [0, 180, -45],
			"translation": [3, -3, 0],
			"scale": [0.7, 0.7, 0.7]
		}
	}
}