﻿{    "pools": [        {            "rolls": 1,            "entries": [                {                    "type": "item",                    "name": "minecraft:wool",                    "weight": 1,                    "functions": [                        {                            "function": "minecraft:set_count",                            "count": 5                        },                        {                            "function": "minecraft:set_data",                            "data": 15                        }                    ]                }            ]        },        {            "rolls": 1,            "conditions" : [                {                    "condition": "random_chance_with_looting",                    "chance": 0.08,                    "looting_multiplier": 0.01                }            ],            "entries": [                {                    "type": "item",                    "name": "minecraft:wool",                    "weight": 1,                    "functions": [                        {                            "function": "minecraft:set_count",                            "count": {                                "min": 0,                                "max": 70                            }                        },                        {                            "conditions": [                                {                                    "condition": "killed_by_player"                                }                            ],                            "function": "minecraft:set_count",                            "count": {                                "min": 60,                                "max": 70                            }                        },                        {                            "function": "minecraft:set_data",                            "data": 15                        }                    ]                }            ]        },        {            "rolls": 1,            "entries": [                {                    "type": "loot_table",                    "name": "minecraft:entities/sheep",                    "weight": 1                }            ]        }    ]}