﻿{    "pools": [        {            "rolls": 1,            "entries": [                {                    "type": "item",                    "name": "minecraft:chainmail_helmet",                    "weight": 1,                    "functions": [                        {                            "function": "set_nbt",                            "tag": "{ench:[],RepairCost:1000000000,display:{Name:\"§b解凍帽子\"}}"                        }                    ]                }            ]        },        {            "rolls": 1,            "entries": [                {                    "type": "item",                    "name": "minecraft:chainmail_chestplate",                    "weight": 1,                    "functions": [                        {                            "function": "set_nbt",                            "tag": "{ench:[],RepairCost:1000000000,display:{Name:\"§b解凍上着\"}}"                        }                    ]                }            ]        },        {            "rolls": 1,            "entries": [                {                    "type": "item",                    "name": "minecraft:chainmail_leggings",                    "weight": 1,                    "functions": [                        {                            "function": "set_nbt",                            "tag": "{ench:[],RepairCost:1000000000,display:{Name:\"§b解凍ズボン\"}}"                        }                    ]                }            ]        },        {            "rolls": 1,            "entries": [                {                    "type": "item",                    "name": "minecraft:chainmail_boots",                    "weight": 1,                    "functions": [                        {                            "function": "set_nbt",                            "tag": "{ench:[],RepairCost:1000000000,display:{Name:\"§b解凍ブーツ\"}}"                        }                    ]                }            ]        }    ]}