﻿{    "pools": [        {            "rolls": 1,            "entries": [                {                    "type": "item",                    "name": "minecraft:iron_shovel",                    "weight": 15,                    "functions": [                        {                            "conditions": [                                {                                    "condition": "random_chance",                                    "chance": 0.5                                }                            ],                            "function": "enchant_with_levels",                            "treasure": false,                            "levels": {                                "min": 0,                                "max": 40                            }                        }                    ]                },                {                    "type": "item",                    "name": "minecraft:iron_sword",                    "weight": 15,                    "functions": [                        {                            "conditions": [                                {                                    "condition": "random_chance",                                    "chance": 0.5                                }                            ],                            "function": "enchant_with_levels",                            "treasure": false,                            "levels": {                                "min": 0,                                "max": 40                            }                        }                    ]                },                {                    "type": "item",                    "name": "minecraft:iron_axe",                    "weight": 15,                    "functions": [                        {                            "conditions": [                                {                                    "condition": "random_chance",                                    "chance": 0.5                                }                            ],                            "function": "enchant_with_levels",                            "treasure": false,                            "levels": {                                "min": 0,                                "max": 40                            }                        }                    ]                },                {                    "type": "item",                    "name": "minecraft:iron_pickaxe",                    "weight": 15,                    "functions": [                        {                            "conditions": [                                {                                    "condition": "random_chance",                                    "chance": 0.5                                }                            ],                            "function": "enchant_with_levels",                            "treasure": false,                            "levels": {                                "min": 0,                                "max": 40                            }                        }                    ]                },                {                    "type": "item",                    "name": "minecraft:iron_hoe",                    "weight": 10                },                {                    "type": "item",                    "name": "minecraft:iron_boots",                    "weight": 10,                    "functions": [                        {                            "conditions": [                                {                                    "condition": "random_chance",                                    "chance": 0.5                                }                            ],                            "function": "enchant_with_levels",                            "treasure": false,                            "levels": {                                "min": 0,                                "max": 40                            }                        }                    ]                },                {                    "type": "item",                    "name": "minecraft:iron_helmet",                    "weight": 10,                    "functions": [                        {                            "conditions": [                                {                                    "condition": "random_chance",                                    "chance": 0.5                                }                            ],                            "function": "enchant_with_levels",                            "treasure": false,                            "levels": {                                "min": 0,                                "max": 40                            }                        }                    ]                },                {                    "type": "item",                    "name": "minecraft:iron_leggings",                    "weight": 5,                    "functions": [                        {                            "conditions": [                                {                                    "condition": "random_chance",                                    "chance": 0.5                                }                            ],                            "function": "enchant_with_levels",                            "treasure": false,                            "levels": {                                "min": 0,                                "max": 40                            }                        }                    ]                },                {                    "type": "item",                    "name": "minecraft:iron_chestplate",                    "weight": 5,                    "functions": [                        {                            "conditions": [                                {                                    "condition": "random_chance",                                    "chance": 0.5                                }                            ],                            "function": "enchant_with_levels",                            "treasure": false,                            "levels": {                                "min": 0,                                "max": 40                            }                        }                    ]                },                {                    "type": "item",                    "name": "minecraft:iron_ingot",                    "weight": 5                }            ]        }    ]}