﻿{    "pools": [        {            "rolls": 1,            "entries": [                {                    "type": "item",                    "name": "minecraft:stone_sword",                    "weight": 1                }            ]        },        {            "rolls": 1,            "entries": [                {                    "type": "item",                    "name": "minecraft:carrot_on_a_stick",                    "weight": 1                }            ]        },        {            "rolls": 1,            "entries": [                {                    "type": "item",                    "name": "minecraft:bow",                    "weight": 1                }            ]        },        {            "rolls": 1,            "entries": [                {                    "type": "item",                    "name": "minecraft:arrow",                    "weight": 1,                    "functions": [                        {                            "function": "set_count",                            "count": 16                        }                    ]                }            ]        },        {            "rolls": 1,            "entries": [                {                    "type": "item",                    "name": "minecraft:snowball",                    "weight": 1,                    "functions": [                        {                            "function": "set_count",                            "count": 16                        }                    ]                }            ]        }    ]}