﻿{    "pools": [        {            "rolls": 1,            "entries": [                {                    "type": "item",                    "name": "minecraft:stick",                    "weight": 1,                    "functions": [                        {                            "function": "set_count",                            "count": 2                        },                        {                            "function": "set_nbt",                            "tag": "{display:{Name:\"§bおままごとセット\",Lore:[\"§rお箸\"]}}"                        }                    ]                }            ]        },        {            "rolls": 1,            "entries": [                {                    "type": "item",                    "name": "minecraft:bowl",                    "weight": 1,                    "functions": [                        {                            "function": "set_count",                            "count": 1                        },                        {                            "function": "set_nbt",                            "tag": "{display:{Name:\"§bおままごとセット\",Lore:[\"§rお皿\"]}}"                        }                    ]                }            ]        },        {            "rolls": 1,            "entries": [                {                    "type": "item",                    "name": "minecraft:baked_potato",                    "weight": 1,                    "functions": [                        {                            "function": "set_count",                            "count": 1                        },                        {                            "function": "set_nbt",                            "tag": "{display:{Name:\"§bおままごとセット\",Lore:[\"§rお芋\"]}}"                        }                    ]                }            ]        },        {            "rolls": 1,            "entries": [                {                    "type": "item",                    "name": "minecraft:bread",                    "weight": 1,                    "functions": [                        {                            "function": "set_count",                            "count": 1                        },                        {                            "function": "set_nbt",                            "tag": "{display:{Name:\"§bおままごとセット\",Lore:[\"§rパン\"]}}"                        }                    ]                }            ]        },        {            "rolls": 1,            "entries": [                {                    "type": "item",                    "name": "minecraft:cooked_fish",                    "weight": 1,                    "functions": [                        {                            "function": "set_count",                            "count": 1                        },                        {                            "function": "set_data",                            "data": 1                        },                        {                            "function": "set_nbt",                            "tag": "{display:{Name:\"§bおままごとセット\",Lore:[\"§rお魚\"]}}"                        }                    ]                }            ]        }    ]}