﻿{    "pools": [        {            "rolls": 1,            "entries": [                {                    "type": "item",                    "name": "minecraft:ender_pearl",                    "weight": 1,                    "functions": [                        {                            "function": "set_count",                            "count": 1                        },                        {                            "function": "set_nbt",                            "tag": "{display:{Name:\"§bラムネ玉\"}}"                        }                    ]                }            ]        },        {            "rolls": 1,            "entries": [                {                    "type": "item",                    "name": "minecraft:potion",                    "weight": 1,                    "functions": [                        {                            "function": "set_count",                            "count": 1                        },                        {                            "function": "set_nbt",                            "tag": "{display:{Name:\"§bラムネ\"},Potion:\"minecraft:strong_swiftness\"}"                        }                    ]                }            ]        }    ]}