﻿{    "pools": [        {            "rolls": 1,            "entries": [                {                    "type": "item",                    "name": "minecraft:rotten_flesh",                    "weight": 1,                    "functions": [                        {                            "function": "set_count",                            "count": {                                "min": 10,                                "max": 20                            }                        }                    ]                }            ]        }    ]}