﻿{
    "pools": [
        {
            "rolls": 1,
            "conditions":[
                {
                    "condition": "killed_by_player"
                },
                {
                    "condition": "random_chance_with_looting",
                    "chance": 0.25,
                    "looting_multiplier": 0.1
                }
            ],
            "entries": [
                {
                    "type": "item",
                    "name": "minecraft:dye",
                    "weight": 1,
                    "functions": [
                        {
                            "function": "set_count",
                            "count": {
                                "min": 1,
                                "max": 3
                            }
                        },
                        {
                            "function": "set_data",
                            "data": 0
                        }
                    ]
                }
            ]
        }
    ]
}