﻿{    "pools": [        {            "rolls": 1,            "entries": [                {                    "type": "item",                    "name": "minecraft:iron_ingot",                    "weight": 1                }            ]        },        {            "rolls": 1,            "entries": [                {                    "type": "loot_table",                    "name": "minecraft:entities/sheep/silver",                    "weight": 1                }            ]        }    ]}