﻿{	"pools":[		{			"rolls":1,			"entries":[				{					"type":"item",					"name":"minecraft:wool",					"weight":1,					"functions":[						{							"function":"set_data",							"data":1						},						{							"function":"set_count",							"count":{								"min":16,								"max":64							}						}					]				},				{					"type":"item",					"name":"minecraft:wool",					"weight":1,					"functions":[						{							"function":"set_data",							"data":2						},						{							"function":"set_count",							"count":{								"min":16,								"max":64							}						}					]				},				{					"type":"item",					"name":"minecraft:wool",					"weight":1,					"functions":[						{							"function":"set_data",							"data":3						},						{							"function":"set_count",							"count":{								"min":16,								"max":64							}						}					]				},				{					"type":"item",					"name":"minecraft:wool",					"weight":1,					"functions":[						{							"function":"set_data",							"data":4						},						{							"function":"set_count",							"count":{								"min":16,								"max":64							}						}					]				},				{					"type":"item",					"name":"minecraft:wool",					"weight":1,					"functions":[						{							"function":"set_data",							"data":5						},						{							"function":"set_count",							"count":{								"min":16,								"max":64							}						}					]				},				{					"type":"item",					"name":"minecraft:wool",					"weight":1,					"functions":[						{							"function":"set_data",							"data":6						},						{							"function":"set_count",							"count":{								"min":16,								"max":64							}						}					]				},				{					"type":"item",					"name":"minecraft:wool",					"weight":1,					"functions":[						{							"function":"set_data",							"data":7						},						{							"function":"set_count",							"count":{								"min":16,								"max":64							}						}					]				},				{					"type":"item",					"name":"minecraft:wool",					"weight":1,					"functions":[						{							"function":"set_data",							"data":8						},						{							"function":"set_count",							"count":{								"min":16,								"max":64							}						}					]				},				{					"type":"item",					"name":"minecraft:wool",					"weight":1,					"functions":[						{							"function":"set_data",							"data":9						},						{							"function":"set_count",							"count":{								"min":16,								"max":64							}						}					]				},				{					"type":"item",					"name":"minecraft:wool",					"weight":1,					"functions":[						{							"function":"set_data",							"data":10						},						{							"function":"set_count",							"count":{								"min":16,								"max":64							}						}					]				},				{					"type":"item",					"name":"minecraft:wool",					"weight":1,					"functions":[						{							"function":"set_data",							"data":11						},						{							"function":"set_count",							"count":{								"min":16,								"max":64							}						}					]				},				{					"type":"item",					"name":"minecraft:wool",					"weight":1,					"functions":[						{							"function":"set_data",							"data":12						},						{							"function":"set_count",							"count":{								"min":16,								"max":64							}						}					]				},				{					"type":"item",					"name":"minecraft:wool",					"weight":1,					"functions":[						{							"function":"set_data",							"data":13						},						{							"function":"set_count",							"count":{								"min":16,								"max":64							}						}					]				},				{					"type":"item",					"name":"minecraft:wool",					"weight":1,					"functions":[						{							"function":"set_data",							"data":14						},						{							"function":"set_count",							"count":{								"min":16,								"max":64							}						}					]				},				{					"type":"item",					"name":"minecraft:wool",					"weight":1,					"functions":[						{							"function":"set_data",							"data":15						},						{							"function":"set_count",							"count":{								"min":16,								"max":64							}						}					]				},				{					"type":"item",					"name":"minecraft:wool",					"weight":100,					"functions":[						{							"function":"set_data",							"data":0						},						{							"function":"set_count",							"count":{								"min":4,								"max":32							}						}					]				}			]		}	]}