{
	"credit": "Made with Blockbench",
	"textures": {
		"6": "blocks/debug",
		"7": "blocks/bookshelf",
		"10": "blocks/glass",
		"11": "blocks/gold_block",
		"particle": "blocks/bookshelf"
	},
	"elements": [
		{
			"from": [-2, 17, 3.5],
			"to": [19, 25, 13.5],
			"rotation": {"angle": 0, "axis": "y", "origin": [7.5, 26, 7]},
			"faces": {
				"north": {"uv": [0, 0, 16, 16], "texture": "#10"},
				"east": {"uv": [1, 1, 3, 3], "texture": "#10"},
				"south": {"uv": [0, 0, 16, 16], "texture": "#10"},
				"west": {"uv": [1, 1, 3, 3], "texture": "#10"},
				"up": {"uv": [0, 0, 16, 16], "texture": "#10"},
				"down": {"uv": [0, 0, 16, 16], "texture": "#10"}
			}
		},
		{
			"from": [-2.5, 16, 5],
			"to": [19.5, 26, 13],
			"rotation": {"angle": 0, "axis": "y", "origin": [7, 25, 8.5]},
			"faces": {
				"north": {"uv": [1, 1, 2, 2], "texture": "#10"},
				"east": {"uv": [0, 0, 16, 16], "texture": "#10"},
				"south": {"uv": [1, 1, 2, 2], "texture": "#10"},
				"west": {"uv": [0, 0, 16, 16], "texture": "#10"},
				"up": {"uv": [0, 0, 16, 16], "texture": "#10"},
				"down": {"uv": [0, 0, 16, 16], "texture": "#10"}
			}
		},
		{
			"from": [-2, 15, 6],
			"to": [19, 27, 12],
			"rotation": {"angle": 0, "axis": "y", "origin": [7.5, 24, 9.5]},
			"faces": {
				"north": {"uv": [1, 1, 3, 3], "texture": "#10"},
				"east": {"uv": [1, 1, 3, 3], "texture": "#10"},
				"south": {"uv": [1, 1, 3, 3], "texture": "#10"},
				"west": {"uv": [1, 1, 3, 3], "texture": "#10"},
				"up": {"uv": [0, 0, 16, 16], "texture": "#10"},
				"down": {"uv": [0, 0, 16, 16], "texture": "#10"}
			}
		},
		{
			"from": [7.5, -2, 7.5],
			"to": [8.5, 15, 8.5],
			"rotation": {"angle": 0, "axis": "y", "origin": [7.5, 8, 7.5]},
			"faces": {
				"north": {"uv": [0, 0, 1, 16], "texture": "#7"},
				"east": {"uv": [0, 0, 1, 16], "texture": "#7"},
				"south": {"uv": [0, 0, 1, 16], "texture": "#7"},
				"west": {"uv": [0, 0, 1, 16], "texture": "#7"},
				"up": {"uv": [0, 0, 1, 1], "texture": "#7"},
				"down": {"uv": [0, 0, 1, 1], "texture": "#7"}
			}
		},
		{
			"from": [7.5, 27, 7.5],
			"to": [8.5, 28, 8.5],
			"rotation": {"angle": 0, "axis": "y", "origin": [7.5, 24, 7.5]},
			"faces": {
				"north": {"uv": [0, 0, 1, 1], "texture": "#7"},
				"east": {"uv": [0, 0, 1, 1], "texture": "#7"},
				"south": {"uv": [0, 0, 1, 1], "texture": "#7"},
				"west": {"uv": [0, 0, 1, 1], "texture": "#7"},
				"up": {"uv": [0, 0, 1, 1], "texture": "#7"},
				"down": {"uv": [0, 0, 1, 1], "texture": "#7"}
			}
		},
		{
			"from": [7, 27.8, 7],
			"to": [9, 28.8, 9],
			"rotation": {"angle": 0, "axis": "y", "origin": [6.5, 23.8, 6.5]},
			"faces": {
				"north": {"uv": [0, 0, 1.5, 1], "texture": "#11"},
				"east": {"uv": [0, 0, 1.5, 1], "texture": "#11"},
				"south": {"uv": [0, 0, 1.5, 1], "texture": "#11"},
				"west": {"uv": [0, 0, 1.5, 1], "texture": "#11"},
				"up": {"uv": [1, 2, 2.5, 3.5], "texture": "#11"},
				"down": {"uv": [0, 0, 1.5, 1.5], "texture": "#11"}
			}
		},
		{
			"from": [6.5, 13, 8.5],
			"to": [8.5, 14, 10.5],
			"rotation": {"angle": 45, "axis": "y", "origin": [5.9, 9, 8]},
			"faces": {
				"north": {"uv": [0, 0, 1.5, 1], "texture": "#11"},
				"east": {"uv": [0, 0, 1.5, 1], "texture": "#11"},
				"south": {"uv": [0, 0, 1.5, 1], "texture": "#11"},
				"west": {"uv": [0, 0, 1.5, 1], "texture": "#11"},
				"up": {"uv": [1, 2, 2.5, 3.5], "texture": "#11"},
				"down": {"uv": [0, 0, 1.5, 1.5], "texture": "#11"}
			}
		},
		{
			"from": [6.5, 9, 8.5],
			"to": [8.5, 10, 10.5],
			"rotation": {"angle": 45, "axis": "y", "origin": [5.9, 5, 8]},
			"faces": {
				"north": {"uv": [0, 0, 1.5, 1], "texture": "#11"},
				"east": {"uv": [0, 0, 1.5, 1], "texture": "#11"},
				"south": {"uv": [0, 0, 1.5, 1], "texture": "#11"},
				"west": {"uv": [0, 0, 1.5, 1], "texture": "#11"},
				"up": {"uv": [1, 2, 2.5, 3.5], "texture": "#11"},
				"down": {"uv": [0, 0, 1.5, 1.5], "texture": "#11"}
			}
		},
		{
			"from": [7, 11, 7],
			"to": [9, 12, 9],
			"rotation": {"angle": 0, "axis": "y", "origin": [6.5, 7, 6.5]},
			"faces": {
				"north": {"uv": [0, 0, 1.5, 1], "texture": "#11"},
				"east": {"uv": [0, 0, 1.5, 1], "texture": "#11"},
				"south": {"uv": [0, 0, 1.5, 1], "texture": "#11"},
				"west": {"uv": [0, 0, 1.5, 1], "texture": "#11"},
				"up": {"uv": [1, 2, 2.5, 3.5], "texture": "#11"},
				"down": {"uv": [0, 0, 1.5, 1.5], "texture": "#11"}
			}
		},
		{
			"from": [7, -7, 7],
			"to": [9, -6, 9],
			"rotation": {"angle": 0, "axis": "y", "origin": [6.5, -11, 6.5]},
			"faces": {
				"north": {"uv": [0, 0, 1.5, 1], "texture": "#11"},
				"east": {"uv": [0, 0, 1.5, 1], "texture": "#11"},
				"south": {"uv": [0, 0, 1.5, 1], "texture": "#11"},
				"west": {"uv": [0, 0, 1.5, 1], "texture": "#11"},
				"up": {"uv": [1, 2, 2.5, 3.5], "texture": "#11"},
				"down": {"uv": [0, 0, 1.5, 1.5], "texture": "#11"}
			}
		},
		{
			"from": [7.5, 28, 7.5],
			"to": [8.5, 29, 8.5],
			"rotation": {"angle": 0, "axis": "y", "origin": [7, 24, 7]},
			"faces": {
				"north": {"uv": [0, 0, 1.5, 1], "texture": "#11"},
				"east": {"uv": [0, 0, 1.5, 1], "texture": "#11"},
				"south": {"uv": [0, 0, 1.5, 1], "texture": "#11"},
				"west": {"uv": [0, 0, 1.5, 1], "texture": "#11"},
				"up": {"uv": [1, 2, 2.5, 3.5], "texture": "#11"},
				"down": {"uv": [0, 0, 1.5, 1.5], "texture": "#11"}
			}
		},
		{
			"from": [6.5, -5, 6.5],
			"to": [9.5, -4, 9.5],
			"rotation": {"angle": 0, "axis": "y", "origin": [6, -9, 6]},
			"faces": {
				"north": {"uv": [0, 0, 1.5, 1], "texture": "#11"},
				"east": {"uv": [0, 0, 1.5, 1], "texture": "#11"},
				"south": {"uv": [0, 0, 1.5, 1], "texture": "#11"},
				"west": {"uv": [0, 0, 1.5, 1], "texture": "#11"},
				"up": {"uv": [1, 2, 2.5, 3.5], "texture": "#11"},
				"down": {"uv": [0, 0, 1.5, 1.5], "texture": "#11"}
			}
		},
		{
			"from": [6, -6, 6],
			"to": [10, -5, 10],
			"rotation": {"angle": 0, "axis": "y", "origin": [5.5, -10, 5.5]},
			"faces": {
				"north": {"uv": [0, 0, 1.5, 1], "texture": "#11"},
				"east": {"uv": [0, 0, 1.5, 1], "texture": "#11"},
				"south": {"uv": [0, 0, 1.5, 1], "texture": "#11"},
				"west": {"uv": [0, 0, 1.5, 1], "texture": "#11"},
				"up": {"uv": [1, 2, 2.5, 3.5], "texture": "#11"},
				"down": {"uv": [0, 0, 1.5, 1.5], "texture": "#11"}
			}
		},
		{
			"from": [7, -5, 7],
			"to": [9, -2, 9],
			"rotation": {"angle": 0, "axis": "y", "origin": [6.5, -9, 6.5]},
			"faces": {
				"north": {"uv": [0, 0, 1.5, 1], "texture": "#11"},
				"east": {"uv": [0, 0, 1.5, 1], "texture": "#11"},
				"south": {"uv": [0, 0, 1.5, 1], "texture": "#11"},
				"west": {"uv": [0, 0, 1.5, 1], "texture": "#11"},
				"up": {"uv": [1, 2, 2.5, 3.5], "texture": "#11"},
				"down": {"uv": [0, 0, 1.5, 1.5], "texture": "#11"}
			}
		},
		{
			"from": [7, 26.8, 7],
			"to": [9, 27.1, 9],
			"rotation": {"angle": 0, "axis": "y", "origin": [6.5, 22.8, 6.5]},
			"faces": {
				"north": {"uv": [0, 0, 1.5, 1], "texture": "#11"},
				"east": {"uv": [0, 0, 1.5, 1], "texture": "#11"},
				"south": {"uv": [0, 0, 1.5, 1], "texture": "#11"},
				"west": {"uv": [0, 0, 1.5, 1], "texture": "#11"},
				"up": {"uv": [1, 2, 2.5, 3.5], "texture": "#11"},
				"down": {"uv": [0, 0, 1.5, 1.5], "texture": "#11"}
			}
		},
		{
			"from": [7.4, -2, 8.1],
			"to": [8.4, 9, 9.1],
			"rotation": {"angle": 45, "axis": "y", "origin": [7.2, 8, 8.1]},
			"faces": {
				"north": {"uv": [12, 2, 13, 3], "texture": "#7"},
				"east": {"uv": [12, 2, 13, 3], "texture": "#7"},
				"south": {"uv": [12, 2, 13, 3], "texture": "#7"},
				"west": {"uv": [12, 2, 13, 3], "texture": "#7"},
				"up": {"uv": [12, 2, 13, 3], "texture": "#7"},
				"down": {"uv": [12, 2, 13, 3], "texture": "#7"}
			}
		},
		{
			"from": [7, 14.8, 7],
			"to": [9, 15.1, 9],
			"rotation": {"angle": 0, "axis": "y", "origin": [6.5, 10.8, 6.5]},
			"faces": {
				"north": {"uv": [0, 0, 1.5, 1], "texture": "#11"},
				"east": {"uv": [0, 0, 1.5, 1], "texture": "#11"},
				"south": {"uv": [0, 0, 1.5, 1], "texture": "#11"},
				"west": {"uv": [0, 0, 1.5, 1], "texture": "#11"},
				"up": {"uv": [1, 2, 2.5, 3.5], "texture": "#11"},
				"down": {"uv": [0, 0, 1.5, 1.5], "texture": "#11"}
			}
		},
		{
			"from": [5.8, 22.1, 9.9],
			"to": [8.3, 24.6, 12.4],
			"rotation": {"angle": 22.5, "axis": "z", "origin": [13.8, 30.1, 17.9]},
			"faces": {
				"north": {"uv": [0, 0, 1, 1], "texture": "#6"},
				"east": {"uv": [0, 0, 1, 1], "texture": "#6"},
				"south": {"uv": [0, 0, 1, 1], "texture": "#6"},
				"west": {"uv": [0, 0, 1, 1], "texture": "#6"},
				"up": {"uv": [0, 0, 1, 1], "texture": "#6"},
				"down": {"uv": [0, 0, 1, 1], "texture": "#6"}
			}
		},
		{
			"from": [17.2, 17.6, 6.5],
			"to": [19.2, 19.6, 8.5],
			"rotation": {"angle": 22.5, "axis": "y", "origin": [25.2, 25.6, 14.5]},
			"faces": {
				"north": {"uv": [5, 12, 6, 13], "texture": "#6"},
				"east": {"uv": [5, 12, 6, 13], "texture": "#6"},
				"south": {"uv": [5, 12, 6, 13], "texture": "#6"},
				"west": {"uv": [5, 12, 6, 13], "texture": "#6"},
				"up": {"uv": [5, 12, 6, 13], "texture": "#6"},
				"down": {"uv": [5, 12, 6, 13], "texture": "#6"}
			}
		},
		{
			"from": [0.4, 18.4, 7.9],
			"to": [3.4, 21.4, 10.9],
			"rotation": {"angle": 22.5, "axis": "x", "origin": [8.4, 26.4, 15.9]},
			"faces": {
				"north": {"uv": [7, 15, 8, 16], "texture": "#6"},
				"east": {"uv": [7, 15, 8, 16], "texture": "#6"},
				"south": {"uv": [7, 15, 8, 16], "texture": "#6"},
				"west": {"uv": [7, 15, 8, 16], "texture": "#6"},
				"up": {"uv": [7, 15, 8, 16], "texture": "#6"},
				"down": {"uv": [7, 15, 8, 16], "texture": "#6"}
			}
		},
		{
			"from": [12.2, 20.6, 8.9],
			"to": [13.2, 21.6, 9.9],
			"rotation": {"angle": -45, "axis": "z", "origin": [5.2, 28.6, 1.9]},
			"faces": {
				"north": {"uv": [0, 14, 1, 15], "texture": "#6"},
				"east": {"uv": [0, 14, 1, 15], "texture": "#6"},
				"south": {"uv": [0, 14, 1, 15], "texture": "#6"},
				"west": {"uv": [0, 14, 1, 15], "texture": "#6"},
				"up": {"uv": [0, 14, 1, 15], "rotation": 180, "texture": "#6"},
				"down": {"uv": [0, 14, 1, 15], "rotation": 180, "texture": "#6"}
			}
		},
		{
			"from": [22.2, 27.6, 10.9],
			"to": [23.2, 28.6, 11.9],
			"rotation": {"angle": -45, "axis": "z", "origin": [15.2, 35.6, 3.9]},
			"faces": {
				"north": {"uv": [15, 15, 16, 16], "texture": "#6"},
				"east": {"uv": [15, 15, 16, 16], "texture": "#6"},
				"south": {"uv": [15, 15, 16, 16], "texture": "#6"},
				"west": {"uv": [15, 15, 16, 16], "texture": "#6"},
				"up": {"uv": [15, 15, 16, 16], "rotation": 180, "texture": "#6"},
				"down": {"uv": [15, 15, 16, 16], "rotation": 180, "texture": "#6"}
			}
		},
		{
			"from": [6.2, 14.6, 2.9],
			"to": [7.2, 15.6, 3.9],
			"rotation": {"angle": -45, "axis": "x", "origin": [14.2, 22.6, -4.1]},
			"faces": {
				"north": {"uv": [14, 15, 15, 16], "texture": "#6"},
				"east": {"uv": [14, 15, 15, 16], "texture": "#6"},
				"south": {"uv": [14, 15, 15, 16], "texture": "#6"},
				"west": {"uv": [14, 15, 15, 16], "texture": "#6"},
				"up": {"uv": [14, 15, 15, 16], "rotation": 270, "texture": "#6"},
				"down": {"uv": [14, 15, 15, 16], "rotation": 90, "texture": "#6"}
			}
		},
		{
			"from": [14.7, 20.6, 5.2],
			"to": [15.7, 21.6, 6.2],
			"rotation": {"angle": 0, "axis": "x", "origin": [22.7, 13.6, -1.8]},
			"faces": {
				"north": {"uv": [0, 8, 1, 9], "rotation": 90, "texture": "#6"},
				"east": {"uv": [0, 8, 1, 9], "rotation": 90, "texture": "#6"},
				"south": {"uv": [0, 8, 1, 9], "rotation": 90, "texture": "#6"},
				"west": {"uv": [0, 8, 1, 9], "rotation": 270, "texture": "#6"},
				"up": {"uv": [0, 8, 1, 9], "texture": "#6"},
				"down": {"uv": [0, 8, 1, 9], "rotation": 180, "texture": "#6"}
			}
		},
		{
			"from": [3, 17.5, 18.4],
			"to": [4, 18.5, 19.4],
			"rotation": {"angle": -45, "axis": "y", "origin": [11, 10.5, 11.4]},
			"faces": {
				"north": {"uv": [13, 15, 14, 16], "rotation": 90, "texture": "#6"},
				"east": {"uv": [13, 15, 14, 16], "rotation": 90, "texture": "#6"},
				"south": {"uv": [13, 15, 14, 16], "rotation": 90, "texture": "#6"},
				"west": {"uv": [13, 15, 14, 16], "rotation": 270, "texture": "#6"},
				"up": {"uv": [13, 15, 14, 16], "texture": "#6"},
				"down": {"uv": [13, 15, 14, 16], "rotation": 180, "texture": "#6"}
			}
		}
	],
	"display": {
		"thirdperson_righthand": {
			"rotation": [0, 90, 0],
			"translation": [0, 5, 1]
		},
		"thirdperson_lefthand": {
			"rotation": [0, 90, 0],
			"translation": [0, 5, 1]
		},
		"firstperson_righthand": {
			"rotation": [0, 100, -15],
			"translation": [2.25, 3.25, 0.75],
			"scale": [0.5, 0.5, 0.5]
		},
		"firstperson_lefthand": {
			"rotation": [0, 100, -15],
			"translation": [1.5, 3.25, 0.75],
			"scale": [0.5, 0.5, 0.5]
		},
		"ground": {
			"translation": [0, 4, 0],
			"scale": [0.5, 0.5, 0.5]
		},
		"gui": {
			"rotation": [0, 0, 45],
			"translation": [1.5, -1.75, 0],
			"scale": [0.45, 0.45, 0.45]
		},
		"fixed": {
			"translation": [0, -1, 5],
			"scale": [0.5, 0.5, 0.5]
		}
	},
	"groups": [
		{
			"name": "head",
			"origin": [8, 8, 8],
			"children": [0, 1, 2]
		},
		{
			"name": "motite",
			"origin": [7.5, 24, 7.5],
			"children": [3, 4, 5, 6, 7, 8, 9, 10, 11, 12, 13, 14, 15, 16]
		},
		{
			"name": "hosi",
			"origin": [8, 8, 8],
			"children": [17, 18, 19, 20, 21, 22, 23, 24]
		}
	]
}